0,0,0,800,95,0,0,0,0,0,616,0
38,0,0,800,95,0,0,0,0,0,619,56
88,0,0,800,95,0,0,0,0,0,621,57
138,0,0,800,95,0,0,0,0,0,614,8
188,0,0,800,95,0,0,0,0,0,613,8
238,0,0,800,95,0,0,0,0,0,618,8
288,0,0,801,95,0,0,0,0,0,618,8
338,0,0,800,95,0,0,0,0,0,616,8
388,0,0,801,95,0,0,0,0,0,615,9
438,0,0,801,95,0,0,0,0,0,615,9
488,0,0,800,95,0,0,0,0,0,617,9
538,0,0,800,95,0,0,0,0,0,615,9
588,0,0,800,95,0,0,0,0,0,615,255
638,0,0,800,95,0,0,0,0,0,614,255
688,0,0,800,95,0,0,0,0,0,615,255
738,0,0,801,95,0,0,0,0,0,615,255
788,0,0,801,95,0,0,0,0,0,615,255
838,0,0,801,95,0,0,0,0,0,614,255
888,0,0,801,95,0,0,0,0,0,616,58
938,0,0,801,95,0,0,0,0,0,615,9
988,0,0,801,95,0,0,0,0,0,615,9
1038,0,0,801,95,0,0,0,0,0,614,9
1088,0,0,801,95,0,0,0,0,0,614,9
1138,0,0,801,95,0,0,0,0,0,615,9
1188,0,0,800,95,0,0,0,0,0,615,9
1238,0,0,801,95,0,0,0,0,0,615,9
1288,0,0,800,95,0,0,0,0,0,614,255
1338,0,0,801,95,0,0,0,0,0,613,255
1388,0,0,801,95,0,0,0,0,0,615,255
1438,0,0,800,95,0,0,0,0,0,613,255
1488,0,0,800,95,0,0,0,0,0,615,255
1538,0,0,801,95,0,0,0,0,0,620,255
1588,0,0,801,95,0,0,0,0,0,621,255
1638,0,0,801,95,0,0,0,0,0,626,255
1688,0,0,802,95,0,0,0,0,0,631,255
1738,0,0,801,95,0,0,0,0,0,625,255
1788,0,0,801,95,0,0,0,0,0,633,22
1838,0,0,800,95,0,0,0,0,0,637,21
1888,0,0,797,95,0,0,0,0,0,636,21
1938,0,0,794,95,0,0,0,0,0,641,21
1988,0,0,792,95,0,0,0,0,0,649,21
2038,0,0,792,95,0,0,0,0,0,651,21
2088,0,0,793,95,0,0,0,0,0,641,21
2138,0,0,796,95,0,0,0,0,0,639,8
2188,0,0,797,95,0,0,0,0,0,635,8
2238,0,0,798,95,0,0,0,0,0,621,22
2288,0,0,798,95,0,0,0,0,0,610,21
2338,0,0,797,95,0,0,0,0,0,604,255
2388,0,0,795,95,0,0,0,0,0,611,255
2438,0,0,794,95,0,0,0,0,0,616,255
2488,0,0,794,95,0,0,0,0,0,615,22
2538,0,0,793,95,0,0,0,0,0,611,22
2588,0,0,791,95,0,0,0,0,0,610,43
2638,0,0,790,95,0,0,0,0,0,614,255
2688,0,0,789,95,0,0,0,0,0,619,23
2738,0,0,789,95,0,0,0,0,0,618,23
2788,0,0,790,95,0,0,0,0,0,615,255
2838,0,0,790,95,0,0,0,0,0,611,255
2888,0,0,790,95,0,0,0,0,0,616,255
2938,0,0,790,95,0,0,0,0,0,619,255
2988,0,0,791,95,0,0,0,0,0,611,255
3038,0,0,791,95,0,0,0,0,0,611,255
3088,0,0,792,95,0,0,0,0,0,611,255
3138,0,0,793,95,0,0,0,0,0,616,255
3188,0,0,793,95,0,0,0,0,0,615,255
3238,0,0,794,95,0,0,0,0,0,610,255
3288,0,0,795,95,0,0,0,0,0,620,255
3338,0,0,797,95,0,0,0,0,0,631,255
3388,0,0,801,95,0,0,0,0,0,641,255
3438,0,0,804,95,0,0,0,0,0,633,41
3488,0,0,807,95,0,0,0,0,0,632,48
3538,0,0,809,95,0,0,0,0,0,625,255
3588,0,0,809,95,0,0,0,0,0,610,42
3638,0,0,811,95,0,0,0,0,0,610,40
3688,0,0,811,95,0,0,0,0,0,607,41
3738,0,0,811,95,0,0,0,0,0,594,43
3788,0,0,811,95,0,0,0,0,0,572,41
3838,0,0,811,95,0,0,0,0,0,566,38
3888,0,0,810,95,0,0,0,0,0,609,43
3938,0,0,810,95,0,0,0,0,0,589,37
3988,0,0,810,95,0,0,0,0,0,623,37
4038,0,0,810,95,0,0,0,0,0,622,38
4088,0,0,810,95,0,0,0,0,0,604,255
4138,0,0,811,95,0,0,0,0,0,609,38
4188,0,0,810,95,0,0,0,0,0,602,36
4238,0,0,810,95,0,0,0,0,0,621,40
4288,0,0,811,95,0,0,0,0,0,597,40
4338,0,0,811,95,0,0,0,0,0,603,39
4388,0,0,811,95,0,0,0,0,0,600,40
4438,0,0,811,95,0,0,0,0,0,614,255
4488,0,0,811,95,0,0,0,0,0,624,39
4538,0,0,811,95,0,0,0,0,0,619,39
4588,0,0,811,95,0,0,0,0,0,615,39
4638,0,0,811,95,0,0,0,0,0,610,38
4688,0,0,812,95,0,0,0,0,0,619,255
4738,0,0,813,95,0,0,0,0,0,622,39
4788,0,0,814,95,0,0,0,0,0,614,38
4838,0,0,814,95,0,0,0,0,0,614,40
4888,0,0,814,95,0,0,0,0,0,620,255
4938,0,0,814,95,0,0,0,0,0,629,180
4988,0,0,816,95,0,0,0,0,0,660,45
5038,0,0,817,95,0,0,0,0,0,692,43
5088,0,0,816,95,0,0,0,0,0,640,43
5138,0,0,816,95,0,0,0,0,0,664,43
5188,0,0,806,95,0,0,0,0,0,694,255
5238,0,0,791,95,0,0,0,0,0,740,145
5288,0,0,774,95,0,0,0,0,0,797,61
5338,0,0,759,95,0,0,0,0,0,803,21
5388,0,0,744,95,0,0,0,0,0,727,13
5438,0,0,733,95,0,0,0,0,0,642,9
5488,0,0,730,95,0,0,0,0,0,633,22
5538,0,0,726,95,0,0,0,0,0,626,255
5588,0,0,721,95,0,0,0,0,0,610,255
5638,0,0,713,95,0,0,0,0,0,580,255
5688,0,0,705,95,0,0,0,0,0,517,7
5738,0,0,691,95,0,0,0,0,0,505,6
5788,0,0,679,95,0,0,0,0,0,550,6
5838,0,0,669,95,0,0,0,0,0,536,6
5888,0,0,658,95,0,0,0,0,0,550,255
5938,0,0,647,95,0,0,0,0,0,536,6
5988,0,0,636,95,0,0,0,0,0,532,6
6038,0,0,629,95,0,0,0,0,0,561,7
6088,0,0,628,95,0,0,0,0,0,586,7
6138,0,0,628,95,0,0,0,0,0,618,7
6188,0,0,631,95,0,0,0,0,0,662,7
6238,0,0,637,95,0,0,0,0,0,687,6
6288,0,0,644,95,0,0,0,0,0,673,6
6338,0,0,647,95,0,0,0,0,0,644,7
6388,0,0,646,95,0,0,0,0,0,613,255
6438,0,0,642,95,0,0,0,0,0,595,255
6488,0,0,640,95,0,0,0,0,0,594,255
6538,0,0,643,95,0,0,0,0,0,600,255
6588,0,0,647,95,0,0,0,0,0,610,21
6638,0,0,652,95,0,0,0,0,0,615,22
6688,0,0,657,95,0,0,0,0,0,620,22
6738,0,0,666,95,0,0,0,0,0,619,255
6788,0,0,676,95,0,0,0,0,0,614,255
6838,0,0,683,95,0,0,0,0,0,606,255
6888,0,0,689,95,0,0,0,0,0,608,255
6938,0,0,692,95,0,0,0,0,0,609,255
6988,0,0,693,95,0,0,0,0,0,622,255
7038,0,0,695,95,0,0,0,0,0,634,255
7088,0,0,696,95,0,0,0,0,0,632,255
7138,0,0,698,95,0,0,0,0,0,625,255
7188,0,0,699,95,0,0,0,0,0,611,23
7238,0,0,697,95,0,0,0,0,0,601,255
7288,0,0,696,95,0,0,0,0,0,602,255
7338,0,0,694,95,0,0,0,0,0,611,255
7388,0,0,694,95,0,0,0,0,0,616,255
7438,0,0,694,95,0,0,0,0,0,619,255
7488,0,0,693,95,0,0,0,0,0,616,255
7538,0,0,692,95,0,0,0,0,0,605,255
7588,0,0,691,95,0,0,0,0,0,609,255
7638,0,0,693,94,0,0,0,0,0,624,255
7688,0,0,694,92,0,0,0,0,0,620,255
7738,0,0,694,91,0,0,0,0,0,624,255
7788,0,0,693,90,0,0,0,0,0,619,255
7838,0,0,693,90,0,0,0,0,0,615,255
7888,0,0,694,90,0,0,0,0,0,615,255
7938,0,0,693,90,0,0,0,0,0,611,255
7988,0,0,692,90,0,0,0,0,0,611,255
8038,0,0,693,91,0,0,0,0,0,624,255
8088,0,0,697,93,0,0,0,0,0,621,255
8138,0,0,699,95,0,0,0,0,0,618,255
8188,0,0,701,95,0,0,0,0,0,619,255
8238,0,0,703,95,0,0,0,0,0,625,255
8288,0,0,705,95,0,0,0,0,0,628,255
8338,0,0,708,95,0,0,0,0,0,625,255
8388,0,0,713,95,0,0,0,0,0,628,255
8438,0,0,719,95,0,0,0,0,0,633,255
8488,0,0,727,95,0,0,0,0,0,624,255
8538,0,0,733,95,0,0,0,0,0,617,255
8588,0,0,736,95,0,0,0,0,0,606,255
8638,0,0,738,95,0,0,0,0,0,609,255
8688,0,0,741,95,0,0,0,0,0,608,255
8738,0,0,742,95,0,0,0,0,0,605,255
8788,0,0,745,95,0,0,0,0,0,604,255
8838,0,0,748,95,0,0,0,0,0,603,255
8888,0,0,750,95,0,0,0,0,0,604,255
8938,0,0,747,95,0,0,0,0,0,612,255
8988,0,0,741,95,0,0,0,0,0,615,255
9038,0,0,735,95,0,0,0,0,0,621,255
9088,0,0,728,95,0,0,0,0,0,619,255
9138,0,0,724,95,0,0,0,0,0,621,255
9188,0,0,719,95,0,0,0,0,0,624,255
9238,0,0,711,95,0,0,0,0,0,620,255
9288,0,0,699,95,0,0,0,0,0,617,255
9338,0,0,685,95,0,0,0,0,0,613,255
9388,0,0,672,95,0,0,0,0,0,614,255
9438,0,0,673,95,0,0,0,0,0,618,255
9488,0,0,660,95,0,0,0,0,0,614,255
9538,0,0,659,95,0,0,0,0,0,609,255
9588,0,0,662,95,0,0,0,0,0,611,255
9638,0,0,663,95,0,0,0,0,0,611,255
9688,0,0,665,95,0,0,0,0,0,614,255
9738,0,0,670,95,0,0,0,0,0,614,255
9788,0,0,676,95,0,0,0,0,0,611,255
9838,0,0,680,95,0,0,0,0,0,605,255
9888,0,0,684,95,0,0,0,0,0,604,23
9938,0,0,687,95,0,0,0,0,0,607,23
9988,0,0,690,95,0,0,0,0,0,614,255
10038,0,0,690,95,0,0,0,0,0,622,255
10088,0,0,690,95,0,0,0,0,0,629,255
10138,0,0,677,95,0,0,0,0,0,636,255
10188,0,0,677,95,0,0,0,0,0,605,255
10238,0,0,718,95,0,0,0,0,0,568,255
10288,0,0,742,95,0,0,0,0,0,573,255
10338,0,0,745,95,0,0,0,0,0,606,255
10388,0,0,723,95,0,0,0,0,0,626,255
10438,0,0,713,95,0,0,0,0,0,630,255
10488,0,0,715,95,0,0,0,0,0,624,255
10538,0,0,714,95,0,0,0,0,0,618,255
10588,0,0,710,95,0,0,0,0,0,618,255
10638,0,0,715,95,0,0,0,0,0,614,255
10688,0,0,721,95,0,0,0,0,0,604,255
10738,0,0,720,95,0,0,0,0,0,598,255
10788,0,0,719,95,0,0,0,0,0,600,255
10838,0,0,722,95,0,0,0,0,0,608,255
10888,0,0,725,95,0,0,0,0,0,613,255
10938,0,0,728,95,0,0,0,0,0,621,255
10988,0,0,734,95,0,0,0,0,0,627,255
11038,0,0,742,95,0,0,0,0,0,631,255
11088,0,0,743,95,0,0,0,0,0,632,255
11138,0,0,738,95,0,0,0,0,0,621,255
11188,0,0,733,95,0,0,0,0,0,611,255
11238,0,0,726,95,0,0,0,0,0,611,255
11288,0,0,722,95,0,0,0,0,0,620,255
11338,0,0,720,95,0,0,0,0,0,623,255
11388,0,0,720,95,0,0,0,0,0,617,255
11438,0,0,724,95,0,0,0,0,0,612,255
11488,0,0,727,95,0,0,0,0,0,614,255
11538,0,0,728,95,0,0,0,0,0,619,255
11588,0,0,728,95,0,0,0,0,0,619,255
11638,0,0,726,95,0,0,0,0,0,618,255
11688,0,0,719,95,0,0,0,0,0,608,255
11738,0,0,712,95,0,0,0,0,0,605,255
11788,0,0,710,95,0,0,0,0,0,614,255
11838,0,0,712,95,0,0,0,0,0,623,255
11888,0,0,712,95,0,0,0,0,0,626,255
11938,0,0,712,95,0,0,0,0,0,625,255
11988,0,0,708,95,0,0,0,0,0,613,255
12038,0,0,705,95,0,0,0,0,0,612,255
12088,0,0,705,95,0,0,0,0,0,621,255
12138,0,0,703,95,0,0,0,0,0,629,255
12188,0,0,702,95,0,0,0,0,0,620,255
12238,0,0,695,95,0,0,0,0,0,607,255
12288,0,0,691,95,0,0,0,0,0,613,255
12338,0,0,693,95,0,0,0,0,0,615,255
12388,0,0,692,95,0,0,0,0,0,614,255
12438,0,0,689,95,0,0,0,0,0,609,255
12488,0,0,686,95,0,0,0,0,0,607,255
12538,0,0,686,95,0,0,0,0,0,609,255
12588,0,0,686,95,0,0,0,0,0,613,255
12638,0,0,685,95,0,0,0,0,0,618,255
12688,0,0,684,95,0,0,0,0,0,619,255
12738,0,0,682,95,0,0,0,0,0,616,255
12788,0,0,682,95,0,0,0,0,0,613,255
12838,0,0,682,95,0,0,0,0,0,610,255
12888,0,0,681,95,0,0,0,0,0,609,255
12938,0,0,681,95,0,0,0,0,0,610,255
12988,0,0,681,95,0,0,0,0,0,609,255
13038,0,0,680,95,0,0,0,0,0,608,255
13088,0,0,679,95,0,0,0,0,0,612,255
13138,0,0,678,95,0,0,0,0,0,615,255
13188,0,0,678,95,0,0,0,0,0,618,255
13238,0,0,679,95,0,0,0,0,0,617,255
13288,0,0,679,95,0,0,0,0,0,614,255
13338,0,0,679,95,0,0,0,0,0,612,255
13388,0,0,678,95,0,0,0,0,0,614,255
13438,0,0,678,95,0,0,0,0,0,612,255
13488,0,0,678,95,0,0,0,0,0,609,255
13538,0,0,677,95,0,0,0,0,0,608,255
13588,0,0,675,95,0,0,0,0,0,611,255
13638,0,0,675,95,0,0,0,0,0,617,255
13688,0,0,676,95,0,0,0,0,0,620,255
13738,0,0,677,95,0,0,0,0,0,618,255
13788,0,0,678,95,0,0,0,0,0,614,255
13838,0,0,677,95,0,0,0,0,0,611,255
13888,0,0,677,95,0,0,0,0,0,612,255
13938,0,0,676,95,0,0,0,0,0,614,255
13988,0,0,676,95,0,0,0,0,0,614,255
14038,0,0,676,95,0,0,0,0,0,613,255
14088,0,0,676,95,0,0,0,0,0,611,255
14138,0,0,675,95,0,0,0,0,0,611,255
14188,0,0,675,95,0,0,0,0,0,613,255
14238,0,0,675,95,0,0,0,0,0,617,255
14288,0,0,676,95,0,0,0,0,0,618,255
14338,0,0,676,95,0,0,0,0,0,615,255
14388,0,0,676,95,0,0,0,0,0,612,255
14438,0,0,675,95,0,0,0,0,0,611,255
14488,0,0,675,95,0,0,0,0,0,613,255
14538,0,0,675,95,0,0,0,0,0,615,255
14588,0,0,675,95,0,0,0,0,0,616,255
14638,0,0,675,95,0,0,0,0,0,616,255
14688,0,0,675,95,0,0,0,0,0,616,255
14738,0,0,676,95,0,0,0,0,0,615,255
14788,0,0,676,95,0,0,0,0,0,616,255
14838,0,0,676,95,0,0,0,0,0,615,255
14888,0,0,676,95,0,0,0,0,0,614,255
14938,0,0,676,95,0,0,0,0,0,614,255
14988,0,0,676,95,0,0,0,0,0,615,255
15038,0,0,676,95,0,0,0,0,0,615,255
15088,0,0,676,95,0,0,0,0,0,614,255
15138,0,0,676,95,0,0,0,0,0,614,255
15188,0,0,676,95,0,0,0,0,0,615,255
15238,0,0,676,95,0,0,0,0,0,615,255
15288,0,0,676,95,0,0,0,0,0,615,255
15338,0,0,676,95,0,0,0,0,0,614,255
15388,0,0,676,95,0,0,0,0,0,614,255
15438,0,0,676,95,0,0,0,0,0,614,255
15488,0,0,676,95,0,0,0,0,0,615,255
15538,0,0,676,95,0,0,0,0,0,616,255
15588,0,0,676,95,0,0,0,0,0,617,255
15638,0,0,677,95,0,0,0,0,0,618,255
15688,0,0,677,95,0,0,0,0,0,614,255
15738,0,0,677,95,0,0,0,0,0,628,255
15788,0,0,693,95,0,0,0,0,0,630,255
15838,0,0,712,95,0,0,0,0,0,627,255
15888,0,0,734,95,0,0,0,0,0,612,255
15938,0,0,733,95,0,0,0,0,0,596,255
15988,0,0,703,95,0,0,0,0,0,590,255
16038,0,0,678,95,0,0,0,0,0,595,255
16088,0,0,666,95,0,0,0,0,0,607,255
16138,0,0,660,95,0,0,0,0,0,614,255
16188,0,0,657,95,0,0,0,0,0,612,255
16238,0,0,653,95,0,0,0,0,0,615,255
16288,0,0,652,95,0,0,0,0,0,623,255
16338,0,0,651,95,0,0,0,0,0,624,255
16388,0,0,648,95,0,0,0,0,0,620,255
16438,0,0,642,95,0,0,0,0,0,619,255
16488,0,0,629,95,0,0,0,0,0,620,255
16538,0,0,606,95,0,0,0,0,0,621,255
16588,0,0,572,95,0,0,0,0,0,620,255
16638,0,0,525,95,0,0,0,0,0,617,255
16688,0,0,474,95,0,0,0,0,0,609,255
16738,0,0,451,95,0,0,0,0,0,605,255
16788,0,0,457,95,0,0,0,0,0,608,255
16838,0,0,456,95,0,0,0,0,0,608,255
16888,0,0,450,95,0,0,0,0,0,611,255
16938,0,0,451,95,0,0,0,0,0,611,255
16988,0,0,451,95,0,0,0,0,0,613,255
17038,0,0,450,95,0,0,0,0,0,615,255
17088,0,0,451,95,0,0,0,0,0,617,255
17138,0,0,449,95,0,0,0,0,0,619,255
17188,0,0,448,95,0,0,0,0,0,620,255
17238,0,0,448,95,0,0,0,0,0,620,255
17288,0,0,447,95,0,0,0,0,0,618,255
17338,0,0,446,95,0,0,0,0,0,619,255
17388,0,0,446,95,0,0,0,0,0,620,255
17438,0,0,446,95,0,0,0,0,0,619,255
17488,0,0,445,95,0,0,0,0,0,617,255
17538,0,0,444,95,0,0,0,0,0,618,255
17588,0,0,443,95,0,0,0,0,0,618,255
17638,0,0,443,95,0,0,0,0,0,619,255
17688,0,0,442,95,0,0,0,0,0,619,255
17738,0,0,442,95,0,0,0,0,0,619,255
17788,0,0,441,95,0,0,0,0,0,616,255
17838,0,0,440,95,0,0,0,0,0,617,255
17888,0,0,440,95,0,0,0,0,0,616,255
17938,0,0,439,95,0,0,0,0,0,616,255
17988,0,0,440,95,0,0,0,0,0,615,255
18038,0,0,440,95,0,0,0,0,0,614,255
18088,0,0,439,95,0,0,0,0,0,615,255
18138,0,0,439,95,0,0,0,0,0,615,255
18188,0,0,439,95,0,0,0,0,0,615,255
18238,0,0,439,95,0,0,0,0,0,616,255
18288,0,0,438,95,0,0,0,0,0,616,255
18338,0,0,438,95,0,0,0,0,0,616,255
18388,0,0,438,95,0,0,0,0,0,616,255
18438,0,0,438,95,0,0,0,0,0,617,255
18488,0,0,437,95,0,0,0,0,0,617,255
18538,0,0,437,95,0,0,0,0,0,616,255
18588,0,0,437,95,0,0,0,0,0,615,255
18638,0,0,437,95,0,0,0,0,0,615,255
18688,0,0,437,95,0,0,0,0,0,615,255
18738,0,0,437,95,0,0,0,0,0,615,255
18788,0,0,436,95,0,0,0,0,0,615,255
18838,0,0,436,95,0,0,0,0,0,615,255
18888,0,0,436,95,0,0,0,0,0,615,255
18938,0,0,436,95,0,0,0,0,0,616,255
18988,0,0,435,95,0,0,0,0,0,615,255
19038,0,0,435,95,0,0,0,0,0,615,255
19088,0,0,435,95,0,0,0,0,0,616,255
19138,0,0,435,95,0,0,0,0,0,616,255
19188,0,0,435,95,0,0,0,0,0,616,255
19238,0,0,435,95,0,0,0,0,0,615,255
19288,0,0,435,95,0,0,0,0,0,615,255
19338,0,0,435,95,0,0,0,0,0,615,255
19388,0,0,435,95,0,0,0,0,0,615,255
19438,0,0,435,95,0,0,0,0,0,614,255
19488,0,0,434,95,0,0,0,0,0,615,255
19538,0,0,434,95,0,0,0,0,0,615,255
19588,0,0,434,95,0,0,0,0,0,616,255
19638,0,0,434,95,0,0,0,0,0,616,255
19688,0,0,434,95,0,0,0,0,0,614,255
19738,0,0,433,95,0,0,0,0,0,614,255
19788,0,0,434,95,0,0,0,0,0,615,255
19838,0,0,434,95,0,0,0,0,0,615,255
19888,0,0,434,95,0,0,0,0,0,615,255
19938,0,0,434,95,0,0,0,0,0,615,255
19988,0,0,433,95,0,0,0,0,0,615,255
20038,0,0,433,95,0,0,0,0,0,615,255
20088,0,0,433,95,0,0,0,0,0,615,255
20138,0,0,433,95,0,0,0,0,0,614,255
20188,0,0,433,95,0,0,0,0,0,615,255
20238,0,0,433,95,0,0,0,0,0,611,255
20288,0,0,439,95,0,0,0,0,0,620,255
20338,0,0,456,95,0,0,0,0,0,607,255
20388,0,0,508,95,0,0,0,0,0,592,255
20438,0,0,568,95,0,0,0,0,0,592,255
20488,0,0,624,95,0,0,0,0,0,637,255
20538,0,0,668,95,0,0,0,0,0,630,22
20588,0,0,678,95,0,0,0,0,0,355,22
20638,0,0,625,95,0,0,0,0,0,173,255
20688,0,0,640,95,0,0,0,0,0,202,255
20738,0,0,714,95,0,0,0,0,0,423,255
20788,0,0,733,95,0,0,0,0,0,731,255
20838,0,0,689,95,0,0,0,0,0,952,255
20888,0,0,643,95,0,0,0,0,0,992,8
20938,0,0,632,95,0,0,0,0,0,959,255
20988,0,0,652,95,0,0,0,0,0,825,255
21038,0,0,666,95,0,0,0,0,0,675,255
21088,0,0,663,95,0,0,0,0,0,588,255
21138,0,0,653,95,0,0,0,0,0,565,255
21188,0,0,645,95,0,0,0,0,0,586,255
21238,0,0,643,95,0,0,0,0,0,607,255
21288,0,0,645,95,0,0,0,0,0,608,255
21338,0,0,649,95,0,0,0,0,0,606,255
21388,0,0,652,95,0,0,0,0,0,595,255
21438,0,0,657,95,0,0,0,0,0,605,255
21488,0,0,663,95,0,0,0,0,0,604,255
21538,0,0,669,95,0,0,0,0,0,611,255
21588,0,0,676,95,0,0,0,0,0,610,255
21638,0,0,684,95,0,0,0,0,0,610,255
21688,0,0,693,95,0,0,0,0,0,606,255
21738,0,0,701,95,0,0,0,0,0,610,255
21788,0,0,709,95,0,0,0,0,0,612,255
21838,0,0,716,95,0,0,0,0,0,621,255
21888,0,0,723,95,0,0,0,0,0,616,255
21938,0,0,727,95,0,0,0,0,0,612,255
21988,0,0,729,95,0,0,0,0,0,610,255
22038,0,0,731,95,0,0,0,0,0,613,255
22088,0,0,731,95,0,0,0,0,0,613,255
22138,0,0,729,95,0,0,0,0,0,614,255
22188,0,0,725,95,0,0,0,0,0,609,255
22238,0,0,719,95,0,0,0,0,0,603,255
22288,0,0,712,95,0,0,0,0,0,599,255
22338,0,0,703,95,0,0,0,0,0,599,255
22388,0,0,691,95,0,0,0,0,0,594,255
22438,0,0,678,95,0,0,0,0,0,603,255
22488,0,0,665,95,0,0,0,0,0,605,255
22538,0,0,651,95,0,0,0,0,0,602,255
22588,0,0,641,95,0,0,0,0,0,607,255
22638,0,0,634,95,0,0,0,0,0,609,255
22688,0,0,628,95,0,0,0,0,0,614,255
22738,0,0,625,95,0,0,0,0,0,619,255
22788,0,0,623,95,0,0,0,0,0,626,255
22838,0,0,621,95,0,0,0,0,0,639,255
22888,0,0,621,95,0,0,0,0,0,644,255
22938,0,0,623,95,0,0,0,0,0,640,255
22988,0,0,626,95,0,0,0,0,0,630,255
23038,0,0,627,95,0,0,0,0,0,622,255
23088,0,0,627,95,0,0,0,0,0,622,255
23138,0,0,621,95,0,0,0,0,0,612,255
23188,0,0,625,95,0,0,0,0,0,603,255
23238,0,0,633,95,0,0,0,0,0,604,255
23288,0,0,651,95,0,0,0,0,0,612,255
23338,0,0,653,95,0,0,0,0,0,616,255
23388,0,0,663,95,0,0,0,0,0,624,255
23438,0,0,678,95,0,0,0,0,0,623,255
23488,0,0,697,95,0,0,0,0,0,622,255
23538,0,0,702,95,0,0,0,0,0,616,255
23588,0,0,700,95,0,0,0,0,0,617,255
23638,0,0,692,95,0,0,0,0,0,612,255
23688,0,0,702,95,0,0,0,0,0,611,255
23738,0,0,711,95,0,0,0,0,0,615,255
23788,0,0,707,95,0,0,0,0,0,618,255
23838,0,0,719,95,0,0,0,0,0,619,255
23888,0,0,721,95,0,0,0,0,0,617,255
23938,0,0,725,95,0,0,0,0,0,615,255
23988,0,0,726,95,0,0,0,0,0,612,255
24038,0,0,724,95,0,0,0,0,0,612,255
24088,0,0,722,95,0,0,0,0,0,613,255
24138,0,0,724,95,0,0,0,0,0,617,255
24188,0,0,735,95,0,0,0,0,0,629,255
24238,0,0,746,95,0,0,0,0,0,631,255
24288,0,0,754,95,0,0,0,0,0,630,255
24338,0,0,750,95,0,0,0,0,0,621,255
24388,0,0,742,95,0,0,0,0,0,614,255
24438,0,0,732,95,0,0,0,0,0,611,255
24488,0,0,720,95,0,0,0,0,0,615,255
24538,0,0,711,95,0,0,0,0,0,614,255
24588,0,0,700,95,0,0,0,0,0,616,255
24638,0,0,691,95,0,0,0,0,0,620,255
24688,0,0,681,95,0,0,0,0,0,618,255
24738,0,0,676,95,0,0,0,0,0,615,255
24788,0,0,683,95,0,0,0,0,0,620,255
24838,0,0,698,95,0,0,0,0,0,621,255
24888,0,0,704,95,0,0,0,0,0,613,255
24938,0,0,697,95,0,0,0,0,0,616,255
24988,0,0,691,95,0,0,0,0,0,619,255
25038,0,0,689,95,0,0,0,0,0,615,255
25088,0,0,695,95,0,0,0,0,0,619,255
25138,0,0,703,95,0,0,0,0,0,614,255
25188,0,0,707,95,0,0,0,0,0,613,255
25238,0,0,707,95,0,0,0,0,0,622,255
25288,0,0,703,95,0,0,0,0,0,616,255
25338,0,0,700,95,0,0,0,0,0,609,255
25388,0,0,699,95,0,0,0,0,0,615,255
25438,0,0,694,95,0,0,0,0,0,611,255
25488,0,0,685,95,0,0,0,0,0,612,255
25538,0,0,681,95,0,0,0,0,0,618,255
25588,0,0,684,95,0,0,0,0,0,614,255
25638,0,0,685,95,0,0,0,0,0,613,255
25688,0,0,687,95,0,0,0,0,0,616,255
25738,0,0,689,95,0,0,0,0,0,619,255
25788,0,0,691,95,0,0,0,0,0,617,255
25838,0,0,688,95,0,0,0,0,0,617,255
25888,0,0,685,95,0,0,0,0,0,613,255
25938,0,0,683,95,0,0,0,0,0,616,255
25988,0,0,682,95,0,0,0,0,0,611,255
26038,0,0,678,95,0,0,0,0,0,609,255
26088,0,0,669,95,0,0,0,0,0,610,255
26138,0,0,665,95,0,0,0,0,0,616,255
26188,0,0,666,95,0,0,0,0,0,622,255
26238,0,0,667,95,0,0,0,0,0,623,255
26288,0,0,667,95,0,0,0,0,0,621,255
26338,0,0,667,95,0,0,0,0,0,617,255
26388,0,0,667,95,0,0,0,0,0,618,255
26438,0,0,666,95,0,0,0,0,0,617,255
26488,0,0,666,95,0,0,0,0,0,619,255
26538,0,0,667,95,0,0,0,0,0,619,255
26588,0,0,667,95,0,0,0,0,0,620,255
26638,0,0,667,95,0,0,0,0,0,621,255
26688,0,0,668,95,0,0,0,0,0,617,255
26738,0,0,667,95,0,0,0,0,0,616,255
26788,0,0,667,95,0,0,0,0,0,617,255
26838,0,0,668,95,0,0,0,0,0,617,255
26888,0,0,668,95,0,0,0,0,0,616,255
26938,0,0,668,95,0,0,0,0,0,615,255
26988,0,0,668,95,0,0,0,0,0,614,255
27038,0,0,668,95,0,0,0,0,0,616,255
27088,0,0,668,95,0,0,0,0,0,616,255
27138,0,0,668,95,0,0,0,0,0,616,255
27188,0,0,668,95,0,0,0,0,0,616,255
27238,0,0,669,95,0,0,0,0,0,616,255
27288,0,0,668,95,0,0,0,0,0,614,255
27338,0,0,668,95,0,0,0,0,0,614,255
27388,0,0,668,95,0,0,0,0,0,614,255
27438,0,0,668,95,0,0,0,0,0,615,255
27488,0,0,667,95,0,0,0,0,0,615,255
27538,0,0,668,95,0,0,0,0,0,616,255
27588,0,0,667,95,0,0,0,0,0,614,255
27638,0,0,668,95,0,0,0,0,0,614,255
27688,0,0,667,95,0,0,0,0,0,615,255
27738,0,0,668,95,0,0,0,0,0,616,255
27788,0,0,668,95,0,0,0,0,0,615,255
27838,0,0,668,95,0,0,0,0,0,615,255
27888,0,0,667,95,0,0,0,0,0,614,255
27938,0,0,668,95,0,0,0,0,0,614,255
27988,0,0,667,95,0,0,0,0,0,615,255
28038,0,0,667,95,0,0,0,0,0,615,255
28088,0,0,667,95,0,0,0,0,0,614,255
28138,0,0,667,95,0,0,0,0,0,614,255
28188,0,0,667,95,0,0,0,0,0,614,255
28238,0,0,667,95,0,0,0,0,0,615,255
28288,0,0,667,95,0,0,0,0,0,615,255
28338,0,0,667,95,0,0,0,0,0,615,255
28388,0,0,667,95,0,0,0,0,0,614,255
28438,0,0,667,95,0,0,0,0,0,614,255
28488,0,0,667,95,0,0,0,0,0,615,255
28538,0,0,667,95,0,0,0,0,0,615,255
28588,0,0,666,95,0,0,0,0,0,614,255
28638,0,0,666,95,0,0,0,0,0,614,255
28688,0,0,666,95,0,0,0,0,0,615,255
28738,0,0,666,95,0,0,0,0,0,615,255
28788,0,0,666,95,0,0,0,0,0,615,255
28838,0,0,666,95,0,0,0,0,0,615,255
28888,0,0,666,95,0,0,0,0,0,614,255
28938,0,0,666,95,0,0,0,0,0,615,255
28988,0,0,666,95,0,0,0,0,0,615,255
29038,0,0,666,95,0,0,0,0,0,615,255
29088,0,0,666,95,0,0,0,0,0,615,255
29138,0,0,666,95,0,0,0,0,0,614,255
29188,0,0,666,95,0,0,0,0,0,614,255
29238,0,0,665,95,0,0,0,0,0,614,255
29288,0,0,665,95,0,0,0,0,0,613,255
29338,0,0,664,95,0,0,0,0,0,612,255
29388,0,0,664,95,0,0,0,0,0,609,255
29438,0,0,671,95,0,0,0,0,0,609,255
29488,0,0,685,95,0,0,0,0,0,599,255
29538,0,0,705,95,0,0,0,0,0,596,255
29588,0,0,738,95,0,0,0,0,0,590,255
29638,0,0,735,95,0,0,0,0,0,593,255
29688,0,0,697,95,0,0,0,0,0,610,255
29738,0,0,687,95,0,0,0,0,0,616,255
29788,0,0,691,95,0,0,0,0,0,620,255
29838,0,0,692,95,0,0,0,0,0,617,255
29888,0,0,691,95,0,0,0,0,0,619,255
29938,0,0,684,95,0,0,0,0,0,622,255
29988,0,0,675,95,0,0,0,0,0,625,255
30038,0,0,655,95,0,0,0,0,0,628,255
30088,0,0,625,95,0,0,0,0,0,626,255
30138,0,0,571,95,0,0,0,0,0,621,255
30188,0,0,506,95,0,0,0,0,0,613,255
30238,0,0,449,95,0,0,0,0,0,606,255
30288,0,0,454,95,0,0,0,0,0,613,255
30338,0,0,456,95,0,0,0,0,0,617,255
30388,0,0,447,95,0,0,0,0,0,616,255
30438,0,0,448,95,0,0,0,0,0,615,255
30488,0,0,447,95,0,0,0,0,0,612,255
30538,0,0,444,95,0,0,0,0,0,615,255
30588,0,0,444,95,0,0,0,0,0,616,255
30638,0,0,443,95,0,0,0,0,0,617,255
30688,0,0,443,95,0,0,0,0,0,618,255
30738,0,0,443,95,0,0,0,0,0,617,255
30788,0,0,443,95,0,0,0,0,0,618,255
30838,0,0,442,95,0,0,0,0,0,615,255
30888,0,0,442,95,0,0,0,0,0,615,255
30938,0,0,441,95,0,0,0,0,0,614,255
30988,0,0,441,95,0,0,0,0,0,614,255
31038,0,0,441,95,0,0,0,0,0,615,255
31088,0,0,440,95,0,0,0,0,0,614,255
31138,0,0,440,95,0,0,0,0,0,615,255
31188,0,0,440,95,0,0,0,0,0,616,255
31238,0,0,439,95,0,0,0,0,0,616,255
31288,0,0,439,95,0,0,0,0,0,616,255
31338,0,0,439,95,0,0,0,0,0,615,255
31388,0,0,438,95,0,0,0,0,0,614,255
31438,0,0,438,95,0,0,0,0,0,613,255
31488,0,0,438,95,0,0,0,0,0,614,255
31538,0,0,438,95,0,0,0,0,0,615,255
31588,0,0,438,95,0,0,0,0,0,616,255
31638,0,0,437,95,0,0,0,0,0,615,255
31688,0,0,437,95,0,0,0,0,0,615,255
31738,0,0,437,95,0,0,0,0,0,614,255
31788,0,0,436,95,0,0,0,0,0,615,255
31838,0,0,436,95,0,0,0,0,0,615,255
31888,0,0,435,95,0,0,0,0,0,614,255
31938,0,0,435,95,0,0,0,0,0,615,255
31988,0,0,435,95,0,0,0,0,0,616,255
32038,0,0,435,95,0,0,0,0,0,615,255
32088,0,0,434,95,0,0,0,0,0,615,255
32138,0,0,434,95,0,0,0,0,0,615,255
32188,0,0,434,95,0,0,0,0,0,614,255
32238,0,0,434,95,0,0,0,0,0,614,255
32288,0,0,434,95,0,0,0,0,0,615,255
32338,0,0,434,95,0,0,0,0,0,615,255
32388,0,0,434,95,0,0,0,0,0,615,255
32438,0,0,434,95,0,0,0,0,0,615,255
32488,0,0,434,95,0,0,0,0,0,616,255
32538,0,0,434,95,0,0,0,0,0,615,255
32588,0,0,434,95,0,0,0,0,0,614,255
32638,0,0,434,95,0,0,0,0,0,614,255
32688,0,0,434,95,0,0,0,0,0,614,255
32738,0,0,434,95,0,0,0,0,0,615,255
32788,0,0,434,95,0,0,0,0,0,614,255
32838,0,0,434,95,0,0,0,0,0,615,255
32888,0,0,434,95,0,0,0,0,0,615,255
32938,0,0,434,95,0,0,0,0,0,615,255
32988,0,0,434,95,0,0,0,0,0,615,255
33038,0,0,433,95,0,0,0,0,0,615,255
33088,0,0,433,95,0,0,0,0,0,614,255
33138,0,0,433,95,0,0,0,0,0,615,255
33188,0,0,433,95,0,0,0,0,0,615,255
33238,0,0,433,95,0,0,0,0,0,615,255
33288,0,0,433,95,0,0,0,0,0,615,255
33338,0,0,433,95,0,0,0,0,0,615,255
33388,0,0,433,95,0,0,0,0,0,615,255
33438,0,0,433,95,0,0,0,0,0,614,255
33488,0,0,433,95,0,0,0,0,0,614,255
33538,0,0,435,95,0,0,0,0,0,610,255
33588,0,0,443,95,0,0,0,0,0,612,255
33638,0,0,461,95,0,0,0,0,0,608,255
33688,0,0,490,95,0,0,0,0,0,617,255
33738,0,0,520,95,0,0,0,0,0,618,255
33788,0,0,562,95,0,0,0,0,0,639,255
33838,0,0,632,95,0,0,0,0,0,539,255
33888,0,0,694,95,0,0,0,0,0,274,255
33938,0,0,704,95,0,0,0,0,0,118,255
33988,0,0,764,95,0,0,0,0,0,119,255
34038,0,0,800,95,0,0,0,0,0,518,255
34088,0,0,791,95,0,0,0,0,0,935,7
34138,0,0,745,95,0,0,0,0,0,982,8
34188,0,0,710,95,0,0,0,0,0,949,21
34238,0,0,703,95,0,0,0,0,0,887,255
34288,0,0,693,95,0,0,0,0,0,781,255
34338,0,0,706,95,0,0,0,0,0,678,255
34388,0,0,713,95,0,0,0,0,0,624,255
34438,0,0,701,95,0,0,0,0,0,595,255
34488,0,0,708,95,0,0,0,0,0,581,255
34538,0,0,700,95,0,0,0,0,0,567,255
34588,0,0,691,95,0,0,0,0,0,567,255
34638,0,0,692,95,0,0,0,0,0,581,255
34688,0,0,683,95,0,0,0,0,0,596,255
34738,0,0,696,95,0,0,0,0,0,601,255
34788,0,0,686,95,0,0,0,0,0,605,255
34838,0,0,684,95,0,0,0,0,0,604,255
34888,0,0,686,95,0,0,0,0,0,610,255
34938,0,0,679,95,0,0,0,0,0,617,255
34988,0,0,696,95,0,0,0,0,0,626,255
35038,0,0,704,95,0,0,0,0,0,631,255
35088,0,0,713,95,0,0,0,0,0,634,255
35138,0,0,714,95,0,0,0,0,0,630,255
35188,0,0,720,95,0,0,0,0,0,632,255
35238,0,0,731,95,0,0,0,0,0,624,255
35288,0,0,739,95,0,0,0,0,0,617,255
35338,0,0,751,95,0,0,0,0,0,611,255
35388,0,0,754,95,0,0,0,0,0,610,255
35438,0,0,756,95,0,0,0,0,0,609,255
35488,0,0,759,95,0,0,0,0,0,611,255
35538,0,0,760,95,0,0,0,0,0,613,255
35588,0,0,759,95,0,0,0,0,0,622,255
35638,0,0,757,95,0,0,0,0,0,612,255
35688,0,0,752,95,0,0,0,0,0,606,255
35738,0,0,746,95,0,0,0,0,0,610,255
35788,0,0,737,95,0,0,0,0,0,618,255
35838,0,0,729,95,0,0,0,0,0,623,255
35888,0,0,719,95,0,0,0,0,0,618,255
35938,0,0,712,95,0,0,0,0,0,611,255
35988,0,0,714,95,0,0,0,0,0,610,255
36038,0,0,718,95,0,0,0,0,0,616,255
36088,0,0,720,95,0,0,0,0,0,628,255
36138,0,0,713,95,0,0,0,0,0,633,255
36188,0,0,706,95,0,0,0,0,0,620,255
36238,0,0,703,95,0,0,0,0,0,620,255
36288,0,0,700,95,0,0,0,0,0,622,255
36338,0,0,692,95,0,0,0,0,0,625,255
36388,0,0,682,95,0,0,0,0,0,635,255
36438,0,0,675,95,0,0,0,0,0,630,255
36488,0,0,671,95,0,0,0,0,0,625,255
36538,0,0,670,95,0,0,0,0,0,622,255
36588,0,0,669,95,0,0,0,0,0,617,255
36638,0,0,668,95,0,0,0,0,0,613,255
36688,0,0,667,95,0,0,0,0,0,613,255
36738,0,0,667,95,0,0,0,0,0,616,255
36788,0,0,666,95,0,0,0,0,0,616,255
36838,0,0,665,95,0,0,0,0,0,619,255
36888,0,0,666,95,0,0,0,0,0,616,255
36938,0,0,666,95,0,0,0,0,0,614,255
36988,0,0,665,95,0,0,0,0,0,615,255
37038,0,0,665,95,0,0,0,0,0,613,255
37088,0,0,664,95,0,0,0,0,0,615,255
37138,0,0,664,95,0,0,0,0,0,613,255
37188,0,0,663,95,0,0,0,0,0,613,255
37238,0,0,663,95,0,0,0,0,0,614,255
37288,0,0,663,95,0,0,0,0,0,616,255
37338,0,0,663,95,0,0,0,0,0,616,255
37388,0,0,663,95,0,0,0,0,0,618,255
37438,0,0,664,95,0,0,0,0,0,617,255
37488,0,0,664,95,0,0,0,0,0,616,255
37538,0,0,664,95,0,0,0,0,0,616,255
37588,0,0,664,95,0,0,0,0,0,615,255
37638,0,0,664,95,0,0,0,0,0,614,255
37688,0,0,664,95,0,0,0,0,0,615,255
37738,0,0,664,95,0,0,0,0,0,615,255
37788,0,0,664,95,0,0,0,0,0,616,255
37838,0,0,664,95,0,0,0,0,0,617,255
37888,0,0,664,95,0,0,0,0,0,618,255
37938,0,0,665,95,0,0,0,0,0,618,255
37988,0,0,665,95,0,0,0,0,0,619,255
38038,0,0,666,95,0,0,0,0,0,618,255
38088,0,0,666,95,0,0,0,0,0,616,255
38138,0,0,666,95,0,0,0,0,0,616,255
38188,0,0,666,95,0,0,0,0,0,616,255
38238,0,0,666,95,0,0,0,0,0,616,255
38288,0,0,667,95,0,0,0,0,0,616,255
38338,0,0,667,95,0,0,0,0,0,616,255
38388,0,0,667,95,0,0,0,0,0,617,255
38438,0,0,667,95,0,0,0,0,0,617,255
38488,0,0,668,95,0,0,0,0,0,617,255
38538,0,0,668,95,0,0,0,0,0,618,255
38588,0,0,669,95,0,0,0,0,0,617,255
38638,0,0,669,95,0,0,0,0,0,617,255
38688,0,0,669,95,0,0,0,0,0,618,255
38738,0,0,669,95,0,0,0,0,0,617,255
38788,0,0,670,95,0,0,0,0,0,616,255
38838,0,0,670,95,0,0,0,0,0,615,255
38888,0,0,670,95,0,0,0,0,0,615,255
38938,0,0,669,95,0,0,0,0,0,614,255
38988,0,0,669,95,0,0,0,0,0,615,255
39038,0,0,669,95,0,0,0,0,0,615,255
39088,0,0,670,95,0,0,0,0,0,614,255
39138,0,0,670,95,0,0,0,0,0,614,255
39188,0,0,669,95,0,0,0,0,0,613,255
39238,0,0,669,95,0,0,0,0,0,613,255
39288,0,0,669,95,0,0,0,0,0,614,255
39338,0,0,669,95,0,0,0,0,0,614,255
39388,0,0,669,95,0,0,0,0,0,614,255
39438,0,0,668,95,0,0,0,0,0,615,255
39488,0,0,669,95,0,0,0,0,0,615,255
39538,0,0,668,95,0,0,0,0,0,615,255
39588,0,0,668,95,0,0,0,0,0,614,255
39638,0,0,668,95,0,0,0,0,0,614,255
39688,0,0,668,95,0,0,0,0,0,613,255
39738,0,0,667,95,0,0,0,0,0,608,255
39788,0,0,669,95,0,0,0,0,0,609,255
39838,0,0,682,95,0,0,0,0,0,590,255
39888,0,0,701,95,0,0,0,0,0,591,255
39938,0,0,738,95,0,0,0,0,0,604,255
39988,0,0,746,95,0,0,0,0,0,600,255
40038,0,0,715,95,0,0,0,0,0,605,255
40088,0,0,700,95,0,0,0,0,0,607,255
40138,0,0,698,95,0,0,0,0,0,610,255
40188,0,0,698,95,0,0,0,0,0,614,255
40238,0,0,690,95,0,0,0,0,0,619,255
40288,0,0,675,95,0,0,0,0,0,622,255
40338,0,0,651,95,0,0,0,0,0,628,255
40388,0,0,612,95,0,0,0,0,0,629,255
40438,0,0,551,95,0,0,0,0,0,620,255
40488,0,0,481,95,0,0,0,0,0,623,255
40538,0,0,463,95,0,0,0,0,0,618,255
40588,0,0,469,95,0,0,0,0,0,615,255
40638,0,0,460,95,0,0,0,0,0,616,255
40688,0,0,454,95,0,0,0,0,0,611,255
40738,0,0,455,95,0,0,0,0,0,611,255
40788,0,0,452,95,0,0,0,0,0,613,255
40838,0,0,451,95,0,0,0,0,0,617,255
40888,0,0,451,95,0,0,0,0,0,622,255
40938,0,0,450,95,0,0,0,0,0,621,255
40988,0,0,449,95,0,0,0,0,0,617,255
41038,0,0,449,95,0,0,0,0,0,616,255
41088,0,0,448,95,0,0,0,0,0,616,255
41138,0,0,448,95,0,0,0,0,0,617,255
41188,0,0,447,95,0,0,0,0,0,617,255
41238,0,0,447,95,0,0,0,0,0,618,255
41288,0,0,446,95,0,0,0,0,0,618,255
41338,0,0,445,95,0,0,0,0,0,617,255
41388,0,0,444,95,0,0,0,0,0,616,255
41438,0,0,444,95,0,0,0,0,0,614,255
41488,0,0,444,95,0,0,0,0,0,613,255
41538,0,0,444,95,0,0,0,0,0,613,255
41588,0,0,444,95,0,0,0,0,0,614,255
41638,0,0,443,95,0,0,0,0,0,616,255
41688,0,0,443,95,0,0,0,0,0,615,255
41738,0,0,443,95,0,0,0,0,0,615,255
41788,0,0,443,95,0,0,0,0,0,615,255
41838,0,0,443,95,0,0,0,0,0,615,255
41888,0,0,443,95,0,0,0,0,0,615,255
41938,0,0,443,95,0,0,0,0,0,615,255
41988,0,0,443,95,0,0,0,0,0,615,255
42038,0,0,442,95,0,0,0,0,0,616,255
42088,0,0,442,95,0,0,0,0,0,616,255
42138,0,0,442,95,0,0,0,0,0,616,255
42188,0,0,442,95,0,0,0,0,0,616,255
42238,0,0,442,95,0,0,0,0,0,615,255
42288,0,0,442,95,0,0,0,0,0,615,255
42338,0,0,442,95,0,0,0,0,0,616,255
42388,0,0,442,95,0,0,0,0,0,615,255
42438,0,0,442,95,0,0,0,0,0,615,255
42488,0,0,441,95,0,0,0,0,0,615,255
42538,0,0,441,95,0,0,0,0,0,614,255
42588,0,0,442,95,0,0,0,0,0,615,255
42638,0,0,441,95,0,0,0,0,0,616,255
42688,0,0,441,95,0,0,0,0,0,615,255
42738,0,0,441,95,0,0,0,0,0,616,255
42788,0,0,441,95,0,0,0,0,0,616,255
42838,0,0,441,95,0,0,0,0,0,616,255
42888,0,0,441,95,0,0,0,0,0,615,255
42938,0,0,441,95,0,0,0,0,0,615,255
42988,0,0,441,95,0,0,0,0,0,615,255
43038,0,0,441,95,0,0,0,0,0,615,255
43088,0,0,441,95,0,0,0,0,0,616,255
43138,0,0,441,95,0,0,0,0,0,616,255
43188,0,0,441,95,0,0,0,0,0,616,255
43238,0,0,440,95,0,0,0,0,0,616,255
43288,0,0,440,95,0,0,0,0,0,616,255
43338,0,0,440,95,0,0,0,0,0,616,255
43388,0,0,440,95,0,0,0,0,0,615,255
43438,0,0,440,95,0,0,0,0,0,615,255
43488,0,0,440,95,0,0,0,0,0,615,255
43538,0,0,440,95,0,0,0,0,0,615,255
43588,0,0,439,95,0,0,0,0,0,615,255
43638,0,0,439,95,0,0,0,0,0,615,255
43688,0,0,440,95,0,0,0,0,0,614,255
43738,0,0,441,95,0,0,0,0,0,613,255
43788,0,0,442,95,0,0,0,0,0,610,255
43838,0,0,447,95,0,0,0,0,0,611,255
43888,0,0,457,95,0,0,0,0,0,604,255
43938,0,0,477,95,0,0,0,0,0,592,255
43988,0,0,515,95,0,0,0,0,0,589,255
44038,0,0,563,95,0,0,0,0,0,614,255
44088,0,0,617,95,0,0,0,0,0,633,255
44138,0,0,668,95,0,0,0,0,0,637,255
44188,0,0,710,95,0,0,0,0,0,558,255
44238,0,0,749,95,0,0,0,0,0,289,255
44288,0,0,778,95,0,0,0,0,0,115,255
44338,0,0,793,95,0,0,0,0,0,217,255
44388,0,0,805,95,0,0,0,0,0,589,255
44438,0,0,802,95,0,0,0,0,0,839,255
44488,0,0,794,95,0,0,0,0,0,886,22
44538,0,0,786,95,0,0,0,0,0,880,255
44588,0,0,784,95,0,0,0,0,0,766,255
44638,0,0,783,95,0,0,0,0,0,687,255
44688,0,0,782,95,0,0,0,0,0,646,255
44738,0,0,781,95,0,0,0,0,0,642,255
44788,0,0,779,95,0,0,0,0,0,653,255
44838,0,0,776,95,0,0,0,0,0,649,255
44888,0,0,773,95,0,0,0,0,0,637,255
44938,0,0,772,95,0,0,0,0,0,625,255
44988,0,0,770,95,0,0,0,0,0,610,255
45038,0,0,769,95,0,0,0,0,0,591,255
45088,0,0,769,95,0,0,0,0,0,588,255
45138,0,0,770,95,0,0,0,0,0,596,255
45188,0,0,770,95,0,0,0,0,0,609,255
45238,0,0,769,95,0,0,0,0,0,619,255
45288,0,0,770,95,0,0,0,0,0,619,255
45338,0,0,768,95,0,0,0,0,0,615,255
45388,0,0,767,95,0,0,0,0,0,615,255
45438,0,0,775,95,0,0,0,0,0,614,255
45488,0,0,774,95,0,0,0,0,0,610,255
45538,0,0,773,95,0,0,0,0,0,608,255
45588,0,0,772,95,0,0,0,0,0,623,255
45638,0,0,772,95,0,0,0,0,0,637,255
45688,0,0,771,95,0,0,0,0,0,631,255
45738,0,0,772,95,0,0,0,0,0,624,255
45788,0,0,772,95,0,0,0,0,0,619,255
45838,0,0,771,95,0,0,0,0,0,617,255
45888,0,0,767,95,0,0,0,0,0,617,255
45938,0,0,760,95,0,0,0,0,0,620,255
45988,0,0,752,95,0,0,0,0,0,621,255
46038,0,0,744,95,0,0,0,0,0,624,255
46088,0,0,739,95,0,0,0,0,0,626,255
46138,0,0,734,95,0,0,0,0,0,626,255
46188,0,0,732,95,0,0,0,0,0,623,255
46238,0,0,731,95,0,0,0,0,0,625,255
46288,0,0,734,95,0,0,0,0,0,617,255
46338,0,0,740,95,0,0,0,0,0,614,255
46388,0,0,735,95,0,0,0,0,0,612,255
46438,0,0,725,95,0,0,0,0,0,609,255
46488,0,0,709,95,0,0,0,0,0,612,255
46538,0,0,689,95,0,0,0,0,0,621,255
46588,0,0,684,95,0,0,0,0,0,622,255
46638,0,0,689,95,0,0,0,0,0,621,255
46688,0,0,700,95,0,0,0,0,0,610,255
46738,0,0,703,95,0,0,0,0,0,612,255
46788,0,0,701,95,0,0,0,0,0,621,255
46838,0,0,702,95,0,0,0,0,0,622,255
46888,0,0,708,95,0,0,0,0,0,616,255
46938,0,0,707,95,0,0,0,0,0,609,255
46988,0,0,696,95,0,0,0,0,0,618,255
47038,0,0,683,95,0,0,0,0,0,617,255
47088,0,0,670,95,0,0,0,0,0,627,255
47138,0,0,665,95,0,0,0,0,0,622,255
47188,0,0,663,95,0,0,0,0,0,609,255
47238,0,0,659,95,0,0,0,0,0,614,255
47288,0,0,655,95,0,0,0,0,0,614,255
47338,0,0,656,95,0,0,0,0,0,616,255
47388,0,0,656,95,0,0,0,0,0,620,255
47438,0,0,655,95,0,0,0,0,0,621,255
47488,0,0,656,95,0,0,0,0,0,622,255
47538,0,0,656,95,0,0,0,0,0,621,255
47588,0,0,657,95,0,0,0,0,0,620,255
47638,0,0,657,95,0,0,0,0,0,621,255
47688,0,0,658,95,0,0,0,0,0,621,255
47738,0,0,658,95,0,0,0,0,0,623,255
47788,0,0,659,95,0,0,0,0,0,622,255
47838,0,0,660,95,0,0,0,0,0,621,255
47888,0,0,660,95,0,0,0,0,0,619,255
47938,0,0,660,95,0,0,0,0,0,618,255
47988,0,0,661,95,0,0,0,0,0,616,255
48038,0,0,661,95,0,0,0,0,0,616,255
48088,0,0,661,95,0,0,0,0,0,616,255
48138,0,0,661,95,0,0,0,0,0,616,255
48188,0,0,661,95,0,0,0,0,0,616,255
48238,0,0,661,95,0,0,0,0,0,614,255
48288,0,0,661,95,0,0,0,0,0,615,255
48338,0,0,661,95,0,0,0,0,0,614,255
48388,0,0,660,95,0,0,0,0,0,613,255
48438,0,0,660,95,0,0,0,0,0,615,255
48488,0,0,660,95,0,0,0,0,0,615,255
48538,0,0,660,95,0,0,0,0,0,614,255
48588,0,0,660,95,0,0,0,0,0,615,255
48638,0,0,660,95,0,0,0,0,0,615,255
48688,0,0,660,95,0,0,0,0,0,615,255
48738,0,0,660,95,0,0,0,0,0,615,255
48788,0,0,660,95,0,0,0,0,0,615,255
48838,0,0,660,95,0,0,0,0,0,616,255
48888,0,0,660,95,0,0,0,0,0,615,255
48938,0,0,661,95,0,0,0,0,0,615,255
48988,0,0,661,95,0,0,0,0,0,615,255
49038,0,0,660,95,0,0,0,0,0,615,255
49088,0,0,660,95,0,0,0,0,0,614,255
49138,0,0,660,95,0,0,0,0,0,615,255
49188,0,0,660,95,0,0,0,0,0,614,255
49238,0,0,660,95,0,0,0,0,0,615,255
49288,0,0,660,95,0,0,0,0,0,615,255
49338,0,0,660,95,0,0,0,0,0,616,255
49388,0,0,660,95,0,0,0,0,0,615,255
49438,0,0,660,95,0,0,0,0,0,615,255
49488,0,0,660,95,0,0,0,0,0,615,255
49538,0,0,660,95,0,0,0,0,0,615,255
49588,0,0,660,95,0,0,0,0,0,614,255
49638,0,0,660,95,0,0,0,0,0,614,255
49688,0,0,660,95,0,0,0,0,0,615,255
49738,0,0,659,95,0,0,0,0,0,603,255
49788,0,0,655,95,0,0,0,0,0,606,255
49838,0,0,656,95,0,0,0,0,0,606,255
49888,0,0,669,95,0,0,0,0,0,618,255
49938,0,0,696,95,0,0,0,0,0,597,255
49988,0,0,729,95,0,0,0,0,0,595,255
50038,0,0,749,95,0,0,0,0,0,603,255
50088,0,0,768,95,0,0,0,0,0,607,255
50138,0,0,755,95,0,0,0,0,0,613,255
50188,0,0,728,95,0,0,0,0,0,619,255
50238,0,0,709,95,0,0,0,0,0,621,255
50288,0,0,696,95,0,0,0,0,0,622,255
50338,0,0,686,95,0,0,0,0,0,618,255
50388,0,0,673,95,0,0,0,0,0,619,255
50438,0,0,656,95,0,0,0,0,0,621,255
50488,0,0,636,95,0,0,0,0,0,630,255
50538,0,0,606,95,0,0,0,0,0,632,255
50588,0,0,550,95,0,0,0,0,0,625,255
50638,0,0,485,95,0,0,0,0,0,612,255
50688,0,0,450,95,0,0,0,0,0,624,255
50738,0,0,458,95,0,0,0,0,0,611,255
50788,0,0,453,95,0,0,0,0,0,618,255
50838,0,0,448,95,0,0,0,0,0,619,255
50888,0,0,451,95,0,0,0,0,0,612,255
50938,0,0,449,95,0,0,0,0,0,612,255
50988,0,0,447,95,0,0,0,0,0,613,255
51038,0,0,448,95,0,0,0,0,0,613,255
51088,0,0,447,95,0,0,0,0,0,615,255
51138,0,0,447,95,0,0,0,0,0,617,255
51188,0,0,447,95,0,0,0,0,0,616,255
51238,0,0,446,95,0,0,0,0,0,617,255
51288,0,0,446,95,0,0,0,0,0,617,255
51338,0,0,446,95,0,0,0,0,0,616,255
51388,0,0,447,95,0,0,0,0,0,614,255
51438,0,0,447,95,0,0,0,0,0,613,255
51488,0,0,447,95,0,0,0,0,0,611,255
51538,0,0,447,95,0,0,0,0,0,610,255
51588,0,0,448,95,0,0,0,0,0,611,255
51638,0,0,448,95,0,0,0,0,0,613,255
51688,0,0,448,95,0,0,0,0,0,614,255
51738,0,0,447,95,0,0,0,0,0,615,255
51788,0,0,447,95,0,0,0,0,0,615,255
51838,0,0,447,95,0,0,0,0,0,614,255
51888,0,0,448,95,0,0,0,0,0,611,255
51938,0,0,448,95,0,0,0,0,0,607,255
51988,0,0,449,95,0,0,0,0,0,600,255
52038,0,0,450,95,0,0,0,0,0,590,6
52088,0,0,453,95,0,0,0,0,0,570,6
52138,0,0,456,95,0,0,0,0,0,556,255
52188,0,0,462,95,0,0,0,0,0,554,255
52238,0,0,468,95,0,0,0,0,0,564,6
52288,0,0,476,95,0,0,0,0,0,592,7
52338,0,0,477,95,0,0,0,0,0,622,9
52388,0,0,473,95,0,0,0,0,0,628,7
52438,0,0,470,95,0,0,0,0,0,623,9
52488,0,0,469,95,0,0,0,0,0,615,255
52538,0,0,470,95,0,0,0,0,0,608,7
52588,0,0,472,95,0,0,0,0,0,605,23
52638,0,0,474,95,0,0,0,0,0,607,6
52688,0,0,474,95,0,0,0,0,0,611,6
52738,0,0,473,95,0,0,0,0,0,616,54
52788,0,0,472,95,0,0,0,0,0,621,53
52838,0,0,471,95,0,0,0,0,0,619,53
52888,0,0,471,95,0,0,0,0,0,616,53
52938,0,0,472,95,0,0,0,0,0,612,53
52988,0,0,471,95,0,0,0,0,0,616,53
53038,0,0,472,95,0,0,0,0,0,612,53
53088,0,0,472,95,0,0,0,0,0,612,53
53138,0,0,474,95,0,0,0,0,0,611,53
53188,0,0,475,95,0,0,0,0,0,613,53
53238,0,0,476,95,0,0,0,0,0,620,53
53288,0,0,474,95,0,0,0,0,0,618,53
53338,0,0,473,95,0,0,0,0,0,616,53
53388,0,0,473,95,0,0,0,0,0,614,54
53438,0,0,474,95,0,0,0,0,0,612,54
53488,0,0,474,95,0,0,0,0,0,614,54
53538,0,0,474,95,0,0,0,0,0,615,54
53588,0,0,474,95,0,0,0,0,0,615,54
53638,0,0,474,95,0,0,0,0,0,616,54
53688,0,0,473,95,0,0,0,0,0,615,54
53738,0,0,473,95,0,0,0,0,0,615,54
53788,0,0,474,95,0,0,0,0,0,614,54
53838,0,0,474,95,0,0,0,0,0,615,55
53888,0,0,474,95,0,0,0,0,0,615,55
53938,0,0,474,95,0,0,0,0,0,615,55
53988,0,0,474,95,0,0,0,0,0,615,55
54038,0,0,474,95,0,0,0,0,0,615,55
54088,0,0,474,95,0,0,0,0,0,614,55
54138,0,0,474,95,0,0,0,0,0,615,55
54188,0,0,473,95,0,0,0,0,0,615,55
54238,0,0,473,95,0,0,0,0,0,615,55
54288,0,0,474,95,0,0,0,0,0,615,55
54338,0,0,473,95,0,0,0,0,0,615,55
54388,0,0,474,95,0,0,0,0,0,615,55
54438,0,0,474,95,0,0,0,0,0,615,55
54488,0,0,474,95,0,0,0,0,0,615,55
54538,0,0,474,95,0,0,0,0,0,615,55
54588,0,0,474,95,0,0,0,0,0,614,55
54638,0,0,473,95,0,0,0,0,0,614,55
54688,0,0,474,95,0,0,0,0,0,615,55
54738,0,0,474,95,0,0,0,0,0,615,55
54788,0,0,474,95,0,0,0,0,0,615,55
54838,0,0,473,95,0,0,0,0,0,615,55
54888,0,0,474,95,0,0,0,0,0,615,55
54938,0,0,473,95,0,0,0,0,0,615,55
54988,0,0,473,95,0,0,0,0,0,615,55
55038,0,0,473,95,0,0,0,0,0,615,55
55088,0,0,474,95,0,0,0,0,0,615,55
55138,0,0,474,95,0,0,0,0,0,615,55
55188,0,0,473,95,0,0,0,0,0,615,55
55238,0,0,474,95,0,0,0,0,0,615,55
55288,0,0,474,95,0,0,0,0,0,615,55
55338,0,0,474,95,0,0,0,0,0,614,55
55388,0,0,474,95,0,0,0,0,0,615,55
55438,0,0,474,95,0,0,0,0,0,615,55
55488,0,0,474,95,0,0,0,0,0,615,55
55538,0,0,473,95,0,0,0,0,0,615,55
55588,0,0,473,95,0,0,0,0,0,615,55
55638,0,0,473,95,0,0,0,0,0,615,55
55688,0,0,473,95,0,0,0,0,0,615,55
55738,0,0,473,95,0,0,0,0,0,614,55
55788,0,0,473,95,0,0,0,0,0,615,55
55838,0,0,474,95,0,0,0,0,0,615,55
55888,0,0,474,95,0,0,0,0,0,615,55
55938,0,0,473,95,0,0,0,0,0,615,55
55988,0,0,473,95,0,0,0,0,0,615,55
56038,0,0,473,95,0,0,0,0,0,615,55
56088,0,0,473,95,0,0,0,0,0,615,55
56138,0,0,474,95,0,0,0,0,0,615,55
56188,0,0,473,95,0,0,0,0,0,615,55
56238,0,0,473,95,0,0,0,0,0,615,55
56288,0,0,473,95,0,0,0,0,0,615,55
56338,0,0,473,95,0,0,0,0,0,615,55
56388,0,0,473,95,0,0,0,0,0,615,55
56438,0,0,474,95,0,0,0,0,0,615,55
56488,0,0,474,95,0,0,0,0,0,615,55
56538,0,0,474,95,0,0,0,0,0,615,55
56588,0,0,473,95,0,0,0,0,0,614,55
56638,0,0,473,95,0,0,0,0,0,615,55
56688,0,0,473,95,0,0,0,0,0,615,55
56738,0,0,473,95,0,0,0,0,0,615,55
56788,0,0,474,95,0,0,0,0,0,615,55
56838,0,0,473,95,0,0,0,0,0,615,55
56888,0,0,473,95,0,0,0,0,0,615,55
56938,0,0,474,95,0,0,0,0,0,615,55
56988,0,0,474,95,0,0,0,0,0,615,55
57038,0,0,474,95,0,0,0,0,0,615,55
57088,0,0,473,95,0,0,0,0,0,614,55
57138,0,0,474,95,0,0,0,0,0,615,55
57188,0,0,474,95,0,0,0,0,0,615,55
57238,0,0,473,95,0,0,0,0,0,615,55
57288,0,0,474,95,0,0,0,0,0,615,55
57338,0,0,474,95,0,0,0,0,0,615,55
57388,0,0,473,95,0,0,0,0,0,615,55
57438,0,0,474,95,0,0,0,0,0,615,55
57488,0,0,474,95,0,0,0,0,0,615,55
57538,0,0,473,95,0,0,0,0,0,615,55
57588,0,0,473,95,0,0,0,0,0,615,55
57638,0,0,473,95,0,0,0,0,0,613,55
57688,0,0,474,95,0,0,0,0,0,615,55
57738,0,0,474,95,0,0,0,0,0,613,7
57788,0,0,472,95,0,0,0,0,0,621,255
57838,0,0,468,95,0,0,0,0,0,618,6
57888,0,0,464,95,0,0,0,0,0,633,5
57938,0,0,465,95,0,0,0,0,0,645,6
57988,0,0,464,95,0,0,0,0,0,626,6
58038,0,0,464,95,0,0,0,0,0,608,6
58088,0,0,466,95,0,0,0,0,0,630,54
58138,0,0,472,95,0,0,0,0,0,634,55
58188,0,0,500,95,0,0,0,0,0,633,56
58238,0,0,543,95,0,0,0,0,0,598,58
58288,0,0,597,95,0,0,0,0,0,612,56
58338,0,0,646,95,0,0,0,0,0,625,255
58388,0,0,682,95,0,0,0,0,0,622,255
58438,0,0,715,95,0,0,0,0,0,628,8
58488,0,0,751,95,0,0,0,0,0,637,9
58538,0,0,772,95,0,0,0,0,0,642,255
58588,0,0,752,95,0,0,0,0,0,628,255
58638,0,0,731,95,0,0,0,0,0,604,56
58688,0,0,721,95,0,0,0,0,0,604,53
58738,0,0,716,95,0,0,0,0,0,609,255
58788,0,0,711,95,0,0,0,0,0,611,255
58838,0,0,708,95,0,0,0,0,0,601,49
58888,0,0,710,95,0,0,0,0,0,576,55
58938,0,0,718,95,0,0,0,0,0,543,255
58988,0,0,747,95,0,0,0,0,0,526,255
59038,0,0,789,95,0,0,0,0,0,312,255
59088,0,0,814,95,0,0,0,0,0,200,5
59138,0,0,824,95,0,0,0,0,0,282,5
59188,0,0,827,95,0,0,0,0,0,469,4
59238,0,0,827,95,0,0,0,0,0,664,5
59288,0,0,826,95,0,0,0,0,0,891,5
59338,0,0,825,95,0,0,0,0,0,946,4
59388,0,0,822,95,0,0,0,0,0,969,4
59438,0,0,817,95,0,0,0,0,0,912,7
59488,0,0,812,95,0,0,0,0,0,816,255
59538,0,0,806,95,0,0,0,0,0,650,255
59588,0,0,798,95,0,0,0,0,0,542,255
59638,0,0,790,95,0,0,0,0,0,517,255
59688,0,0,782,95,0,0,0,0,0,536,255
59738,0,0,781,95,0,0,0,0,0,584,255
59788,0,0,783,95,0,0,0,0,0,594,255
59838,0,0,782,95,0,0,0,0,0,606,255
59888,0,0,779,95,0,0,0,0,0,617,255
59938,0,0,776,95,0,0,0,0,0,619,255
59988,0,0,774,95,0,0,0,0,0,625,255
60038,0,0,772,95,0,0,0,0,0,625,255
60088,0,0,770,95,0,0,0,0,0,630,255
60138,0,0,770,95,0,0,0,0,0,630,255
60188,0,0,771,95,0,0,0,0,0,627,60
60238,0,0,769,95,0,0,0,0,0,627,255
60288,0,0,764,95,0,0,0,0,0,634,255
60338,0,0,756,95,0,0,0,0,0,637,255
60388,0,0,746,95,0,0,0,0,0,630,255
60438,0,0,733,95,0,0,0,0,0,626,255
60488,0,0,717,95,0,0,0,0,0,620,255
60538,0,0,708,95,0,0,0,0,0,619,255
60588,0,0,703,95,0,0,0,0,0,611,255
60638,0,0,701,95,0,0,0,0,0,625,255
60688,0,0,701,95,0,0,0,0,0,626,255
60738,0,0,701,95,0,0,0,0,0,622,255
60788,0,0,701,95,0,0,0,0,0,619,255
60838,0,0,702,95,0,0,0,0,0,619,255
60888,0,0,705,95,0,0,0,0,0,615,255
60938,0,0,709,95,0,0,0,0,0,612,255
60988,0,0,713,95,0,0,0,0,0,612,255
61038,0,0,716,95,0,0,0,0,0,613,255
61088,0,0,716,95,0,0,0,0,0,617,255
61138,0,0,711,95,0,0,0,0,0,613,255
61188,0,0,703,95,0,0,0,0,0,617,255
61238,0,0,697,95,0,0,0,0,0,617,255
61288,0,0,687,95,0,0,0,0,0,619,255
61338,0,0,677,95,0,0,0,0,0,628,255
61388,0,0,668,95,0,0,0,0,0,612,255
61438,0,0,666,95,0,0,0,0,0,619,255
61488,0,0,667,95,0,0,0,0,0,620,255
61538,0,0,667,95,0,0,0,0,0,620,255
61588,0,0,666,95,0,0,0,0,0,615,255
61638,0,0,666,95,0,0,0,0,0,612,255
61688,0,0,666,95,0,0,0,0,0,618,255
61738,0,0,665,95,0,0,0,0,0,617,255
61788,0,0,666,95,0,0,0,0,0,620,255
61838,0,0,666,95,0,0,0,0,0,619,255
61888,0,0,667,95,0,0,0,0,0,617,255
61938,0,0,667,95,0,0,0,0,0,617,255
61988,0,0,667,95,0,0,0,0,0,617,255
62038,0,0,667,95,0,0,0,0,0,618,53
62088,0,0,667,95,0,0,0,0,0,615,53
62138,0,0,667,95,0,0,0,0,0,612,45
62188,0,0,667,95,0,0,0,0,0,614,45
62238,0,0,667,95,0,0,0,0,0,615,45
62288,0,0,667,95,0,0,0,0,0,615,255
62338,0,0,667,95,0,0,0,0,0,615,46
62388,0,0,667,95,0,0,0,0,0,614,45
62438,0,0,667,95,0,0,0,0,0,614,45
62488,0,0,666,95,0,0,0,0,0,615,45
62538,0,0,667,95,0,0,0,0,0,616,45
62588,0,0,667,95,0,0,0,0,0,616,45
62638,0,0,667,95,0,0,0,0,0,616,45
62688,0,0,667,95,0,0,0,0,0,616,255
62738,0,0,667,95,0,0,0,0,0,615,255
62788,0,0,667,95,0,0,0,0,0,615,255
62838,0,0,667,95,0,0,0,0,0,615,255
62888,0,0,667,95,0,0,0,0,0,614,255
62938,0,0,667,95,0,0,0,0,0,613,255
62988,0,0,666,95,0,0,0,0,0,614,255
63038,0,0,666,95,0,0,0,0,0,615,255
63088,0,0,666,95,0,0,0,0,0,617,255
63138,0,0,666,95,0,0,0,0,0,616,255
63188,0,0,667,95,0,0,0,0,0,616,255
63238,0,0,667,95,0,0,0,0,0,616,255
63288,0,0,667,95,0,0,0,0,0,616,255
63338,0,0,667,95,0,0,0,0,0,616,46
63388,0,0,667,95,0,0,0,0,0,615,46
63438,0,0,667,95,0,0,0,0,0,616,45
63488,0,0,667,95,0,0,0,0,0,616,45
63538,0,0,667,95,0,0,0,0,0,615,45
63588,0,0,668,95,0,0,0,0,0,615,46
63638,0,0,667,95,0,0,0,0,0,615,255
63688,0,0,667,95,0,0,0,0,0,615,255
63738,0,0,668,95,0,0,0,0,0,616,255
63788,0,0,667,95,0,0,0,0,0,615,255
63838,0,0,667,95,0,0,0,0,0,615,255
63888,0,0,667,95,0,0,0,0,0,614,255
63938,0,0,665,95,0,0,0,0,0,604,255
63988,0,0,666,95,0,0,0,0,0,610,255
64038,0,0,676,95,0,0,0,0,0,614,255
64088,0,0,704,95,0,0,0,0,0,603,255
64138,0,0,742,95,0,0,0,0,0,599,255
64188,0,0,753,95,0,0,0,0,0,596,52
64238,0,0,737,95,0,0,0,0,0,601,53
64288,0,0,726,95,0,0,0,0,0,613,50
64338,0,0,714,95,0,0,0,0,0,621,255
64388,0,0,704,95,0,0,0,0,0,625,255
64438,0,0,689,95,0,0,0,0,0,626,53
64488,0,0,670,95,0,0,0,0,0,628,53
64538,0,0,641,95,0,0,0,0,0,631,53
64588,0,0,596,95,0,0,0,0,0,628,52
64638,0,0,532,95,0,0,0,0,0,610,255
64688,0,0,472,95,0,0,0,0,0,616,54
64738,0,0,464,95,0,0,0,0,0,618,53
64788,0,0,467,95,0,0,0,0,0,618,53
64838,0,0,462,95,0,0,0,0,0,615,255
64888,0,0,460,95,0,0,0,0,0,615,255
64938,0,0,460,95,0,0,0,0,0,615,255
64988,0,0,455,95,0,0,0,0,0,615,255
65038,0,0,453,95,0,0,0,0,0,618,255
65088,0,0,452,95,0,0,0,0,0,616,255
65138,0,0,451,95,0,0,0,0,0,615,255
65188,0,0,450,95,0,0,0,0,0,615,53
65238,0,0,449,95,0,0,0,0,0,615,53
65288,0,0,448,95,0,0,0,0,0,616,54
65338,0,0,447,95,0,0,0,0,0,616,58
65388,0,0,447,95,0,0,0,0,0,616,59
65438,0,0,447,95,0,0,0,0,0,615,59
65488,0,0,446,95,0,0,0,0,0,615,59
65538,0,0,446,95,0,0,0,0,0,615,59
65588,0,0,446,95,0,0,0,0,0,615,59
65638,0,0,446,95,0,0,0,0,0,615,59
65688,0,0,446,95,0,0,0,0,0,615,255
65738,0,0,446,95,0,0,0,0,0,615,255
65788,0,0,445,95,0,0,0,0,0,614,255
65838,0,0,445,95,0,0,0,0,0,614,255
65888,0,0,445,95,0,0,0,0,0,616,255
65938,0,0,445,95,0,0,0,0,0,616,255
65988,0,0,445,95,0,0,0,0,0,615,255
66038,0,0,445,95,0,0,0,0,0,615,255
66088,0,0,445,95,0,0,0,0,0,615,255
66138,0,0,445,95,0,0,0,0,0,615,255
66188,0,0,445,95,0,0,0,0,0,615,255
66238,0,0,444,95,0,0,0,0,0,615,255
66288,0,0,445,95,0,0,0,0,0,615,60
66338,0,0,444,95,0,0,0,0,0,615,60
66388,0,0,444,95,0,0,0,0,0,615,255
66438,0,0,444,95,0,0,0,0,0,615,255
66488,0,0,444,95,0,0,0,0,0,614,60
66538,0,0,444,95,0,0,0,0,0,615,255
66588,0,0,444,95,0,0,0,0,0,615,255
66638,0,0,444,95,0,0,0,0,0,615,255
66688,0,0,444,95,0,0,0,0,0,615,255
66738,0,0,444,95,0,0,0,0,0,615,255
66788,0,0,444,95,0,0,0,0,0,615,255
66838,0,0,444,95,0,0,0,0,0,615,255
66888,0,0,444,95,0,0,0,0,0,615,255
66938,0,0,444,95,0,0,0,0,0,615,255
66988,0,0,444,95,0,0,0,0,0,615,255
67038,0,0,444,95,0,0,0,0,0,615,255
67088,0,0,443,95,0,0,0,0,0,615,255
67138,0,0,443,95,0,0,0,0,0,615,255
67188,0,0,443,95,0,0,0,0,0,615,255
67238,0,0,443,95,0,0,0,0,0,615,255
67288,0,0,443,95,0,0,0,0,0,615,255
67338,0,0,444,95,0,0,0,0,0,614,255
67388,0,0,443,95,0,0,0,0,0,615,255
67438,0,0,443,95,0,0,0,0,0,614,255
67488,0,0,444,95,0,0,0,0,0,609,55
67538,0,0,444,95,0,0,0,0,0,590,54
67588,0,0,463,95,0,0,0,0,0,585,255
67638,0,0,521,95,0,0,0,0,0,575,8
67688,0,0,618,95,0,0,0,0,0,622,7
67738,0,0,706,95,0,0,0,0,0,577,5
67788,0,0,770,95,0,0,0,0,0,312,5
67838,0,0,809,95,0,0,0,0,0,96,5
67888,0,0,824,95,0,0,0,0,0,126,6
67938,0,0,827,95,0,0,0,0,0,276,5
67988,0,0,827,95,0,0,0,0,0,473,7
68038,0,0,827,95,0,0,0,0,0,638,6
68088,0,0,826,95,0,0,0,0,0,654,5
68138,0,0,827,95,0,0,0,0,0,612,4
68188,0,0,827,95,0,0,0,0,0,585,4
68238,0,0,827,95,0,0,0,0,0,590,4
68288,0,0,827,95,0,0,0,0,0,590,4
68338,0,0,827,95,0,0,0,0,0,598,4
68388,0,0,827,95,0,0,0,0,0,607,4
68438,0,0,827,95,0,0,0,0,0,586,5
68488,0,0,827,95,0,0,0,0,0,588,5
68538,0,0,828,95,0,0,0,0,0,604,5
,,,,,,,,,,,
