0,0,0,698,94,0,0,0,0,0,611,0
2,0,0,698,94,0,0,0,0,0,611,0
52,0,0,698,94,0,0,0,0,0,613,53
102,0,0,698,94,0,0,0,0,0,614,53
152,0,0,698,94,0,0,0,0,0,614,53
202,0,0,698,94,0,0,0,0,0,614,52
252,0,0,698,94,0,0,0,0,0,615,53
302,0,0,698,94,0,0,0,0,0,614,53
352,0,0,699,94,0,0,0,0,0,614,53
402,0,0,699,94,0,0,0,0,0,614,48
452,0,0,699,94,0,0,0,0,0,613,48
502,0,0,699,94,0,0,0,0,0,612,48
552,0,0,700,94,0,0,0,0,0,613,48
602,0,0,700,94,0,0,0,0,0,615,48
652,0,0,700,94,0,0,0,0,0,617,47
702,0,0,699,94,0,0,0,0,0,615,48
752,0,0,700,94,0,0,0,0,0,615,48
802,0,0,700,94,0,0,0,0,0,615,49
852,0,0,699,94,0,0,0,0,0,616,48
902,0,0,700,94,0,0,0,0,0,615,47
952,0,0,700,94,0,0,0,0,0,609,48
1002,0,0,700,94,0,0,0,0,0,614,47
1052,0,0,700,94,0,0,0,0,0,620,47
1102,0,0,699,94,0,0,0,0,0,621,47
1152,0,0,698,94,0,0,0,0,0,613,48
1202,0,0,699,94,0,0,0,0,0,612,50
1252,0,0,699,94,0,0,0,0,0,614,48
1302,0,0,700,94,0,0,0,0,0,612,49
1352,0,0,700,94,0,0,0,0,0,617,51
1402,0,0,700,94,0,0,0,0,0,620,53
1452,0,0,699,94,0,0,0,0,0,617,52
1502,0,0,698,94,0,0,0,0,0,614,49
1552,0,0,698,94,0,0,0,0,0,623,52
1602,0,0,697,94,0,0,0,0,0,618,52
1652,0,0,698,94,0,0,0,0,0,611,51
1702,0,0,698,94,0,0,0,0,0,611,52
1752,0,0,699,94,0,0,0,0,0,610,8
1802,0,0,700,94,0,0,0,0,0,612,53
1852,0,0,700,94,0,0,0,0,0,611,8
1902,0,0,700,94,0,0,0,0,0,614,8
1952,0,0,700,94,0,0,0,0,0,613,54
2003,0,0,700,94,0,0,0,0,0,613,54
2052,0,0,701,94,0,0,0,0,0,613,54
2102,0,0,700,94,0,0,0,0,0,614,54
2152,0,0,700,94,0,0,0,0,0,615,7
2202,0,0,700,94,0,0,0,0,0,616,6
2252,0,0,700,94,0,0,0,0,0,617,56
2302,0,0,700,94,0,0,0,0,0,615,56
2352,0,0,700,94,0,0,0,0,0,615,56
2402,0,0,700,94,0,0,0,0,0,618,56
2452,0,0,699,94,0,0,0,0,0,619,56
2502,0,0,699,94,0,0,0,0,0,616,255
2552,0,0,700,94,0,0,0,0,0,613,255
2602,0,0,700,94,0,0,0,0,0,613,255
2652,0,0,699,94,0,0,0,0,0,615,255
2702,0,0,699,94,0,0,0,0,0,617,255
2752,0,0,699,94,0,0,0,0,0,615,56
2802,0,0,699,94,0,0,0,0,0,611,56
2852,0,0,699,94,0,0,0,0,0,612,56
2902,0,0,700,94,0,0,0,0,0,613,255
2952,0,0,699,94,0,0,0,0,0,616,255
3002,0,0,699,94,0,0,0,0,0,617,255
3052,0,0,699,94,0,0,0,0,0,615,255
3102,0,0,699,94,0,0,0,0,0,617,255
3152,0,0,699,94,0,0,0,0,0,616,255
3202,0,0,699,94,0,0,0,0,0,615,57
3252,0,0,699,94,0,0,0,0,0,616,57
3302,0,0,699,94,0,0,0,0,0,616,59
3352,0,0,698,94,0,0,0,0,0,613,255
3402,0,0,699,94,0,0,0,0,0,611,255
3452,0,0,702,94,0,0,0,0,0,612,255
3502,0,0,703,94,0,0,0,0,0,617,255
3552,0,0,705,94,0,0,0,0,0,623,255
3602,0,0,711,94,0,0,0,0,0,627,56
3652,0,0,714,94,0,0,0,0,0,641,56
3702,0,0,716,94,0,0,0,0,0,657,55
3752,0,0,709,94,0,0,0,0,0,654,255
3802,0,0,665,94,0,0,0,0,0,643,255
3852,0,0,619,94,0,0,0,0,0,626,255
3902,0,0,599,94,0,0,0,0,0,617,255
3952,0,0,603,94,0,0,0,0,0,607,255
4002,0,0,609,94,0,0,0,0,0,600,255
4052,0,0,613,94,0,0,0,0,0,599,255
4102,0,0,615,94,0,0,0,0,0,601,255
4152,0,0,612,94,0,0,0,0,0,595,57
4202,0,0,604,94,0,0,0,0,0,598,255
4252,0,0,591,94,0,0,0,0,0,597,255
4302,0,0,571,94,0,0,0,0,0,602,56
4352,0,0,552,94,0,0,0,0,0,611,255
4402,0,0,532,94,0,0,0,0,0,617,255
4452,0,0,502,94,0,0,0,0,0,615,54
4502,0,0,484,94,0,0,0,0,0,612,54
4552,0,0,484,94,0,0,0,0,0,618,45
4602,0,0,481,94,0,0,0,0,0,617,45
4652,0,0,477,94,0,0,0,0,0,616,45
4702,0,0,476,94,0,0,0,0,0,614,44
4752,0,0,476,94,0,0,0,0,0,611,44
4802,0,0,475,94,0,0,0,0,0,610,45
4852,0,0,476,94,0,0,0,0,0,610,46
4902,0,0,477,94,0,0,0,0,0,611,46
4952,0,0,477,94,0,0,0,0,0,613,47
5002,0,0,477,94,0,0,0,0,0,614,47
5052,0,0,477,94,0,0,0,0,0,613,47
5102,0,0,478,94,0,0,0,0,0,611,5
5152,0,0,478,94,0,0,0,0,0,611,5
5202,0,0,479,94,0,0,0,0,0,612,6
5252,0,0,479,94,0,0,0,0,0,612,8
5302,0,0,480,94,0,0,0,0,0,612,8
5352,0,0,480,94,0,0,0,0,0,616,7
5402,0,0,480,94,0,0,0,0,0,616,6
5452,0,0,480,94,0,0,0,0,0,613,7
5502,0,0,480,94,0,0,0,0,0,613,7
5552,0,0,480,94,0,0,0,0,0,612,6
5602,0,0,481,94,0,0,0,0,0,613,7
5652,0,0,481,94,0,0,0,0,0,615,7
5702,0,0,481,94,0,0,0,0,0,616,8
5752,0,0,481,94,0,0,0,0,0,613,7
5802,0,0,481,94,0,0,0,0,0,614,7
5852,0,0,481,94,0,0,0,0,0,615,8
5902,0,0,481,94,0,0,0,0,0,616,8
5952,0,0,481,94,0,0,0,0,0,615,8
6002,0,0,480,94,0,0,0,0,0,615,8
6052,0,0,480,94,0,0,0,0,0,615,8
6102,0,0,480,94,0,0,0,0,0,614,9
6152,0,0,480,94,0,0,0,0,0,615,22
6202,0,0,480,94,0,0,0,0,0,615,22
6252,0,0,480,94,0,0,0,0,0,615,22
6302,0,0,480,94,0,0,0,0,0,614,22
6352,0,0,481,94,0,0,0,0,0,614,22
6402,0,0,481,94,0,0,0,0,0,615,8
6452,0,0,480,94,0,0,0,0,0,616,8
6502,0,0,480,94,0,0,0,0,0,615,7
6552,0,0,480,94,0,0,0,0,0,616,7
6602,0,0,480,94,0,0,0,0,0,613,8
6652,0,0,479,94,0,0,0,0,0,616,8
6702,0,0,479,94,0,0,0,0,0,616,8
6752,0,0,479,94,0,0,0,0,0,616,8
6802,0,0,479,94,0,0,0,0,0,615,8
6852,0,0,479,94,0,0,0,0,0,615,8
6902,0,0,479,94,0,0,0,0,0,615,8
6952,0,0,479,94,0,0,0,0,0,615,8
7002,0,0,479,94,0,0,0,0,0,614,8
7052,0,0,479,94,0,0,0,0,0,617,8
7102,0,0,479,94,0,0,0,0,0,615,8
7152,0,0,479,94,0,0,0,0,0,615,8
7202,0,0,479,94,0,0,0,0,0,613,8
7252,0,0,478,94,0,0,0,0,0,615,8
7302,0,0,478,94,0,0,0,0,0,616,7
7352,0,0,478,94,0,0,0,0,0,615,7
7402,0,0,478,94,0,0,0,0,0,614,7
7452,0,0,478,94,0,0,0,0,0,612,7
7502,0,0,475,94,0,0,0,0,0,608,8
7552,0,0,474,94,0,0,0,0,0,635,7
7602,0,0,483,94,0,0,0,0,0,637,52
7652,0,0,499,94,0,0,0,0,0,634,255
7702,0,0,523,94,0,0,0,0,0,658,255
7752,0,0,549,94,0,0,0,0,0,679,255
7802,0,0,587,94,0,0,0,0,0,718,53
7852,0,0,653,94,0,0,0,0,0,442,255
7902,0,0,639,94,0,0,0,0,0,121,255
7952,0,0,633,94,0,0,0,0,0,88,255
8002,0,0,726,94,0,0,0,0,0,294,255
8052,0,0,757,94,0,0,0,0,0,660,7
8102,0,0,715,94,0,0,0,0,0,937,5
8152,0,0,658,94,0,0,0,0,0,1005,5
8202,0,0,645,94,0,0,0,0,0,1006,5
8252,0,0,672,94,0,0,0,0,0,873,255
8302,0,0,697,94,0,0,0,0,0,712,255
8352,0,0,696,94,0,0,0,0,0,564,255
8402,0,0,682,94,0,0,0,0,0,545,60
8452,0,0,675,94,0,0,0,0,0,584,61
8502,0,0,675,94,0,0,0,0,0,596,61
8552,0,0,671,94,0,0,0,0,0,579,62
8602,0,0,668,94,0,0,0,0,0,576,61
8652,0,0,667,94,0,0,0,0,0,587,61
8702,0,0,666,94,0,0,0,0,0,600,61
8752,0,0,665,94,0,0,0,0,0,611,59
8802,0,0,664,94,0,0,0,0,0,617,58
8852,0,0,662,94,0,0,0,0,0,615,58
8902,0,0,661,94,0,0,0,0,0,617,53
8952,0,0,661,94,0,0,0,0,0,615,57
9002,0,0,660,94,0,0,0,0,0,613,58
9052,0,0,659,94,0,0,0,0,0,616,59
9102,0,0,658,94,0,0,0,0,0,619,60
9152,0,0,658,94,0,0,0,0,0,619,52
9202,0,0,658,94,0,0,0,0,0,615,59
9252,0,0,658,94,0,0,0,0,0,616,57
9302,0,0,658,94,0,0,0,0,0,617,57
9352,0,0,660,94,0,0,0,0,0,623,57
9402,0,0,662,94,0,0,0,0,0,626,55
9452,0,0,665,94,0,0,0,0,0,620,54
9502,0,0,666,94,0,0,0,0,0,614,54
9552,0,0,666,94,0,0,0,0,0,611,54
9602,0,0,665,94,0,0,0,0,0,616,54
9652,0,0,665,94,0,0,0,0,0,617,54
9702,0,0,664,94,0,0,0,0,0,613,55
9752,0,0,662,94,0,0,0,0,0,611,56
9802,0,0,660,94,0,0,0,0,0,614,56
9852,0,0,657,94,0,0,0,0,0,620,50
9902,0,0,652,94,0,0,0,0,0,622,50
9952,0,0,658,94,0,0,0,0,0,616,49
10002,0,0,669,94,0,0,0,0,0,610,49
10052,0,0,678,94,0,0,0,0,0,610,50
10102,0,0,690,94,0,0,0,0,0,612,51
10152,0,0,705,94,0,0,0,0,0,611,50
10202,0,0,715,94,0,0,0,0,0,610,48
10252,0,0,723,94,0,0,0,0,0,613,48
10302,0,0,718,94,0,0,0,0,0,616,47
10352,0,0,725,94,0,0,0,0,0,618,48
10402,0,0,726,94,0,0,0,0,0,622,49
10452,0,0,719,94,0,0,0,0,0,619,54
10502,0,0,721,94,0,0,0,0,0,618,55
10552,0,0,723,94,0,0,0,0,0,615,55
10602,0,0,723,94,0,0,0,0,0,613,54
10652,0,0,729,94,0,0,0,0,0,610,54
10702,0,0,728,94,0,0,0,0,0,603,49
10752,0,0,723,94,0,0,0,0,0,604,47
10802,0,0,717,94,0,0,0,0,0,609,47
10852,0,0,722,94,0,0,0,0,0,618,48
10902,0,0,732,94,0,0,0,0,0,618,255
10952,0,0,740,94,0,0,0,0,0,617,255
11002,0,0,750,94,0,0,0,0,0,622,255
11052,0,0,750,94,0,0,0,0,0,625,255
11102,0,0,752,94,0,0,0,0,0,626,255
11152,0,0,751,94,0,0,0,0,0,619,255
11202,0,0,748,94,0,0,0,0,0,611,255
11252,0,0,749,94,0,0,0,0,0,609,255
11302,0,0,749,94,0,0,0,0,0,613,255
11352,0,0,749,94,0,0,0,0,0,621,50
11402,0,0,750,94,0,0,0,0,0,620,49
11452,0,0,749,94,0,0,0,0,0,605,50
11502,0,0,749,94,0,0,0,0,0,588,52
11552,0,0,747,94,0,0,0,0,0,604,50
11602,0,0,747,94,0,0,0,0,0,622,255
11652,0,0,743,94,0,0,0,0,0,627,59
11702,0,0,742,94,0,0,0,0,0,617,58
11752,0,0,741,94,0,0,0,0,0,611,56
11802,0,0,739,94,0,0,0,0,0,612,255
11852,0,0,742,94,0,0,0,0,0,607,255
11902,0,0,744,94,0,0,0,0,0,605,61
11952,0,0,745,94,0,0,0,0,0,613,255
12002,0,0,746,94,0,0,0,0,0,622,255
12052,0,0,748,94,0,0,0,0,0,627,59
12102,0,0,746,94,0,0,0,0,0,622,53
12152,0,0,746,94,0,0,0,0,0,613,52
12202,0,0,744,94,0,0,0,0,0,607,52
12252,0,0,735,94,0,0,0,0,0,607,255
12302,0,0,732,94,0,0,0,0,0,609,255
12352,0,0,728,94,0,0,0,0,0,613,255
12402,0,0,732,94,0,0,0,0,0,615,255
12452,0,0,733,94,0,0,0,0,0,613,255
12502,0,0,735,94,0,0,0,0,0,611,51
12552,0,0,733,94,0,0,0,0,0,617,255
12602,0,0,735,94,0,0,0,0,0,623,255
12652,0,0,735,94,0,0,0,0,0,627,255
12702,0,0,737,94,0,0,0,0,0,626,255
12752,0,0,741,94,0,0,0,0,0,625,50
12802,0,0,742,94,0,0,0,0,0,622,49
12852,0,0,743,94,0,0,0,0,0,623,48
12902,0,0,740,94,0,0,0,0,0,625,255
12952,0,0,738,94,0,0,0,0,0,626,255
13002,0,0,739,94,0,0,0,0,0,616,55
13052,0,0,738,94,0,0,0,0,0,607,255
13102,0,0,743,94,0,0,0,0,0,599,55
13152,0,0,744,94,0,0,0,0,0,594,53
13202,0,0,743,94,0,0,0,0,0,599,53
13252,0,0,745,94,0,0,0,0,0,611,54
13302,0,0,746,94,0,0,0,0,0,617,55
13352,0,0,746,94,0,0,0,0,0,621,255
13402,0,0,743,94,0,0,0,0,0,623,255
13452,0,0,739,94,0,0,0,0,0,624,46
13502,0,0,733,94,0,0,0,0,0,619,44
13552,0,0,723,94,0,0,0,0,0,616,51
13602,0,0,712,94,0,0,0,0,0,617,44
13652,0,0,711,94,0,0,0,0,0,613,44
13702,0,0,708,94,0,0,0,0,0,610,45
13752,0,0,711,94,0,0,0,0,0,611,52
13802,0,0,716,94,0,0,0,0,0,613,53
13852,0,0,722,94,0,0,0,0,0,612,255
13902,0,0,727,94,0,0,0,0,0,610,255
13952,0,0,727,94,0,0,0,0,0,611,57
14002,0,0,725,94,0,0,0,0,0,619,255
14052,0,0,724,94,0,0,0,0,0,621,255
14102,0,0,722,94,0,0,0,0,0,624,255
14152,0,0,722,94,0,0,0,0,0,626,45
14202,0,0,722,94,0,0,0,0,0,622,44
14252,0,0,720,94,0,0,0,0,0,614,45
14302,0,0,719,94,0,0,0,0,0,612,46
14352,0,0,718,94,0,0,0,0,0,614,46
14402,0,0,715,94,0,0,0,0,0,615,46
14452,0,0,707,94,0,0,0,0,0,610,46
14502,0,0,698,94,0,0,0,0,0,601,46
14552,0,0,697,94,0,0,0,0,0,587,51
14602,0,0,700,94,0,0,0,0,0,580,255
14652,0,0,704,94,0,0,0,0,0,583,52
14702,0,0,707,94,0,0,0,0,0,590,53
14752,0,0,711,94,0,0,0,0,0,595,55
14802,0,0,713,94,0,0,0,0,0,600,56
14852,0,0,715,94,0,0,0,0,0,609,54
14902,0,0,714,94,0,0,0,0,0,620,54
14952,0,0,712,94,0,0,0,0,0,622,54
15002,0,0,710,94,0,0,0,0,0,618,54
15052,0,0,711,94,0,0,0,0,0,614,23
15102,0,0,710,94,0,0,0,0,0,610,57
15152,0,0,712,94,0,0,0,0,0,605,255
15202,0,0,713,94,0,0,0,0,0,607,23
15252,0,0,714,94,0,0,0,0,0,612,6
15302,0,0,714,94,0,0,0,0,0,617,5
15352,0,0,713,94,0,0,0,0,0,617,4
15402,0,0,714,94,0,0,0,0,0,613,6
15452,0,0,714,94,0,0,0,0,0,613,7
15502,0,0,714,94,0,0,0,0,0,617,8
15552,0,0,712,94,0,0,0,0,0,617,255
15602,0,0,713,94,0,0,0,0,0,615,255
15652,0,0,712,94,0,0,0,0,0,614,8
15702,0,0,713,94,0,0,0,0,0,613,8
15752,0,0,713,94,0,0,0,0,0,614,6
15802,0,0,714,94,0,0,0,0,0,614,5
15852,0,0,713,94,0,0,0,0,0,617,6
15902,0,0,713,94,0,0,0,0,0,617,6
15952,0,0,712,94,0,0,0,0,0,617,7
16002,0,0,712,94,0,0,0,0,0,616,21
16052,0,0,712,94,0,0,0,0,0,616,21
16102,0,0,712,94,0,0,0,0,0,615,22
16152,0,0,712,94,0,0,0,0,0,616,22
16202,0,0,712,94,0,0,0,0,0,616,255
16252,0,0,711,94,0,0,0,0,0,615,255
16302,0,0,712,94,0,0,0,0,0,614,255
16352,0,0,712,94,0,0,0,0,0,615,255
16402,0,0,711,94,0,0,0,0,0,615,255
16452,0,0,711,94,0,0,0,0,0,614,255
16502,0,0,713,94,0,0,0,0,0,614,255
16552,0,0,712,94,0,0,0,0,0,615,255
16602,0,0,713,94,0,0,0,0,0,610,255
16652,0,0,714,94,0,0,0,0,0,619,22
16702,0,0,716,94,0,0,0,0,0,620,9
16752,0,0,720,94,0,0,0,0,0,629,21
16802,0,0,727,94,0,0,0,0,0,626,255
16852,0,0,733,94,0,0,0,0,0,632,22
16902,0,0,705,94,0,0,0,0,0,628,255
16952,0,0,667,94,0,0,0,0,0,623,255
17002,0,0,661,94,0,0,0,0,0,613,255
17052,0,0,669,94,0,0,0,0,0,608,255
17102,0,0,675,94,0,0,0,0,0,609,255
17152,0,0,679,94,0,0,0,0,0,611,255
17202,0,0,676,94,0,0,0,0,0,615,255
17252,0,0,676,94,0,0,0,0,0,624,255
17302,0,0,670,94,0,0,0,0,0,628,255
17352,0,0,655,94,0,0,0,0,0,629,255
17402,0,0,636,94,0,0,0,0,0,629,255
17452,0,0,607,94,0,0,0,0,0,623,255
17502,0,0,562,94,0,0,0,0,0,619,255
17552,0,0,525,94,0,0,0,0,0,610,255
17602,0,0,504,94,0,0,0,0,0,604,255
17652,0,0,509,94,0,0,0,0,0,601,255
17702,0,0,506,94,0,0,0,0,0,598,255
17752,0,0,486,94,0,0,0,0,0,602,255
17802,0,0,488,94,0,0,0,0,0,602,255
17852,0,0,485,94,0,0,0,0,0,605,255
17902,0,0,482,94,0,0,0,0,0,605,255
17952,0,0,484,94,0,0,0,0,0,603,255
18002,0,0,486,94,0,0,0,0,0,605,255
18052,0,0,488,94,0,0,0,0,0,606,22
18102,0,0,491,94,0,0,0,0,0,608,22
18152,0,0,493,94,0,0,0,0,0,607,22
18202,0,0,494,94,0,0,0,0,0,611,22
18252,0,0,495,94,0,0,0,0,0,613,22
18302,0,0,494,94,0,0,0,0,0,614,255
18352,0,0,495,94,0,0,0,0,0,615,255
18402,0,0,495,94,0,0,0,0,0,615,255
18452,0,0,495,94,0,0,0,0,0,616,255
18502,0,0,494,94,0,0,0,0,0,613,255
18552,0,0,494,94,0,0,0,0,0,615,255
18602,0,0,494,94,0,0,0,0,0,615,255
18652,0,0,493,94,0,0,0,0,0,614,255
18702,0,0,493,94,0,0,0,0,0,615,255
18752,0,0,493,94,0,0,0,0,0,615,255
18802,0,0,493,94,0,0,0,0,0,615,255
18852,0,0,493,94,0,0,0,0,0,615,255
18902,0,0,493,94,0,0,0,0,0,615,255
18952,0,0,493,94,0,0,0,0,0,616,255
19002,0,0,492,94,0,0,0,0,0,617,255
19052,0,0,492,94,0,0,0,0,0,616,255
19102,0,0,492,94,0,0,0,0,0,615,255
19152,0,0,491,94,0,0,0,0,0,615,255
19202,0,0,491,94,0,0,0,0,0,615,255
19252,0,0,491,94,0,0,0,0,0,615,255
19302,0,0,491,94,0,0,0,0,0,614,255
19352,0,0,491,94,0,0,0,0,0,614,255
19402,0,0,491,94,0,0,0,0,0,614,255
19452,0,0,491,94,0,0,0,0,0,615,255
19502,0,0,492,94,0,0,0,0,0,615,255
19552,0,0,492,94,0,0,0,0,0,616,255
19602,0,0,491,94,0,0,0,0,0,615,255
19652,0,0,491,94,0,0,0,0,0,616,255
19702,0,0,491,94,0,0,0,0,0,616,255
19752,0,0,491,94,0,0,0,0,0,615,255
19802,0,0,490,94,0,0,0,0,0,615,255
19852,0,0,490,94,0,0,0,0,0,615,255
19902,0,0,490,94,0,0,0,0,0,615,255
19952,0,0,490,94,0,0,0,0,0,615,255
20002,0,0,490,94,0,0,0,0,0,615,255
20052,0,0,490,94,0,0,0,0,0,615,255
20102,0,0,490,94,0,0,0,0,0,615,255
20152,0,0,489,94,0,0,0,0,0,614,255
20202,0,0,489,94,0,0,0,0,0,614,255
20252,0,0,490,94,0,0,0,0,0,614,255
20302,0,0,490,94,0,0,0,0,0,615,255
20352,0,0,490,94,0,0,0,0,0,616,255
20402,0,0,490,94,0,0,0,0,0,615,255
20452,0,0,490,94,0,0,0,0,0,615,255
20502,0,0,489,94,0,0,0,0,0,615,255
20552,0,0,490,94,0,0,0,0,0,616,255
20602,0,0,488,94,0,0,0,0,0,617,255
20652,0,0,488,94,0,0,0,0,0,617,255
20702,0,0,487,94,0,0,0,0,0,617,255
20752,0,0,486,94,0,0,0,0,0,618,255
20802,0,0,485,94,0,0,0,0,0,618,255
20852,0,0,484,94,0,0,0,0,0,614,255
20902,0,0,483,94,0,0,0,0,0,616,255
20952,0,0,482,94,0,0,0,0,0,613,255
21002,0,0,481,94,0,0,0,0,0,616,255
21052,0,0,474,94,0,0,0,0,0,636,255
21102,0,0,474,94,0,0,0,0,0,669,7
21152,0,0,495,94,0,0,0,0,0,663,54
21202,0,0,556,94,0,0,0,0,0,651,53
21252,0,0,629,94,0,0,0,0,0,647,53
21302,0,0,685,94,0,0,0,0,0,680,255
21352,0,0,730,94,0,0,0,0,0,689,255
21402,0,0,749,94,0,0,0,0,0,369,255
21452,0,0,705,94,0,0,0,0,0,137,255
21502,0,0,707,94,0,0,0,0,0,129,255
21552,0,0,744,94,0,0,0,0,0,403,255
21602,0,0,749,94,0,0,0,0,0,778,255
21652,0,0,710,94,0,0,0,0,0,978,6
21702,0,0,711,94,0,0,0,0,0,1003,7
21752,0,0,725,94,0,0,0,0,0,910,30
21802,0,0,752,94,0,0,0,0,0,755,30
21852,0,0,751,94,0,0,0,0,0,637,31
21902,0,0,746,94,0,0,0,0,0,583,255
21952,0,0,735,94,0,0,0,0,0,558,53
22002,0,0,730,94,0,0,0,0,0,544,57
22052,0,0,723,94,0,0,0,0,0,558,255
22102,0,0,721,94,0,0,0,0,0,582,50
22152,0,0,726,94,0,0,0,0,0,605,22
22202,0,0,727,94,0,0,0,0,0,621,255
22252,0,0,726,94,0,0,0,0,0,626,255
22302,0,0,732,94,0,0,0,0,0,620,255
22352,0,0,729,94,0,0,0,0,0,613,255
22402,0,0,732,94,0,0,0,0,0,611,255
22452,0,0,731,94,0,0,0,0,0,610,255
22502,0,0,726,94,0,0,0,0,0,612,255
22552,0,0,717,94,0,0,0,0,0,613,50
22602,0,0,717,94,0,0,0,0,0,611,52
22652,0,0,714,94,0,0,0,0,0,612,255
22702,0,0,712,94,0,0,0,0,0,615,255
22752,0,0,709,94,0,0,0,0,0,621,51
22802,0,0,707,94,0,0,0,0,0,626,51
22852,0,0,712,94,0,0,0,0,0,623,53
22902,0,0,715,94,0,0,0,0,0,617,56
22952,0,0,714,94,0,0,0,0,0,611,255
23002,0,0,715,94,0,0,0,0,0,613,54
23052,0,0,718,94,0,0,0,0,0,613,52
23102,0,0,727,94,0,0,0,0,0,615,53
23152,0,0,735,94,0,0,0,0,0,614,51
23202,0,0,739,94,0,0,0,0,0,613,52
23252,0,0,744,94,0,0,0,0,0,615,50
23302,0,0,751,94,0,0,0,0,0,620,51
23352,0,0,754,94,0,0,0,0,0,619,50
23402,0,0,753,94,0,0,0,0,0,619,50
23452,0,0,752,94,0,0,0,0,0,623,50
23502,0,0,751,94,0,0,0,0,0,623,49
23552,0,0,752,94,0,0,0,0,0,619,50
23602,0,0,753,94,0,0,0,0,0,614,255
23652,0,0,754,94,0,0,0,0,0,613,255
23702,0,0,758,94,0,0,0,0,0,619,255
23752,0,0,761,94,0,0,0,0,0,619,255
23802,0,0,763,94,0,0,0,0,0,615,51
23852,0,0,761,94,0,0,0,0,0,611,255
23902,0,0,758,94,0,0,0,0,0,608,255
23952,0,0,752,94,0,0,0,0,0,605,255
24002,0,0,742,94,0,0,0,0,0,605,255
24052,0,0,731,94,0,0,0,0,0,601,255
24102,0,0,722,94,0,0,0,0,0,601,255
24152,0,0,722,94,0,0,0,0,0,607,255
24202,0,0,729,94,0,0,0,0,0,623,255
24252,0,0,736,94,0,0,0,0,0,634,255
24302,0,0,738,94,0,0,0,0,0,630,255
24352,0,0,732,94,0,0,0,0,0,621,255
24402,0,0,719,94,0,0,0,0,0,618,54
24452,0,0,716,94,0,0,0,0,0,617,255
24502,0,0,705,94,0,0,0,0,0,617,255
24552,0,0,691,94,0,0,0,0,0,612,255
24602,0,0,685,94,0,0,0,0,0,601,255
24652,0,0,685,94,0,0,0,0,0,588,8
24702,0,0,688,94,0,0,0,0,0,590,8
24752,0,0,689,94,0,0,0,0,0,592,56
24802,0,0,690,94,0,0,0,0,0,598,55
24852,0,0,692,94,0,0,0,0,0,601,7
24902,0,0,693,94,0,0,0,0,0,603,6
24952,0,0,693,94,0,0,0,0,0,605,6
25002,0,0,694,94,0,0,0,0,0,610,5
25052,0,0,695,94,0,0,0,0,0,611,5
25102,0,0,695,94,0,0,0,0,0,612,5
25152,0,0,695,94,0,0,0,0,0,613,5
25202,0,0,695,94,0,0,0,0,0,612,5
25252,0,0,695,94,0,0,0,0,0,612,5
25302,0,0,696,94,0,0,0,0,0,613,5
25352,0,0,696,94,0,0,0,0,0,614,5
25402,0,0,696,94,0,0,0,0,0,613,5
25452,0,0,697,94,0,0,0,0,0,614,6
25502,0,0,697,94,0,0,0,0,0,613,6
25552,0,0,697,94,0,0,0,0,0,611,6
25602,0,0,697,94,0,0,0,0,0,614,6
25652,0,0,697,94,0,0,0,0,0,615,6
25702,0,0,697,94,0,0,0,0,0,615,6
25752,0,0,697,94,0,0,0,0,0,615,6
25802,0,0,697,94,0,0,0,0,0,613,6
25852,0,0,697,94,0,0,0,0,0,615,6
25902,0,0,696,94,0,0,0,0,0,615,6
25952,0,0,697,94,0,0,0,0,0,615,6
26002,0,0,697,94,0,0,0,0,0,615,5
26052,0,0,697,94,0,0,0,0,0,613,5
26102,0,0,696,94,0,0,0,0,0,616,5
26152,0,0,697,94,0,0,0,0,0,616,5
26202,0,0,696,94,0,0,0,0,0,616,5
26252,0,0,696,94,0,0,0,0,0,612,5
26302,0,0,698,94,0,0,0,0,0,620,6
26352,0,0,699,94,0,0,0,0,0,635,6
26402,0,0,701,94,0,0,0,0,0,661,7
26452,0,0,716,94,0,0,0,0,0,660,255
26502,0,0,736,94,0,0,0,0,0,634,22
26552,0,0,753,94,0,0,0,0,0,620,255
26602,0,0,750,94,0,0,0,0,0,608,56
26652,0,0,726,94,0,0,0,0,0,608,56
26702,0,0,706,94,0,0,0,0,0,618,57
26752,0,0,692,94,0,0,0,0,0,612,255
26802,0,0,689,94,0,0,0,0,0,608,255
26852,0,0,686,94,0,0,0,0,0,611,255
26902,0,0,676,94,0,0,0,0,0,615,255
26952,0,0,661,94,0,0,0,0,0,621,255
27002,0,0,638,94,0,0,0,0,0,624,255
27052,0,0,601,94,0,0,0,0,0,622,55
27102,0,0,543,94,0,0,0,0,0,608,255
27152,0,0,504,94,0,0,0,0,0,589,255
27202,0,0,499,94,0,0,0,0,0,604,255
27252,0,0,507,94,0,0,0,0,0,600,9
27302,0,0,499,94,0,0,0,0,0,598,7
27352,0,0,479,94,0,0,0,0,0,604,6
27402,0,0,481,94,0,0,0,0,0,602,7
27452,0,0,479,94,0,0,0,0,0,604,255
27502,0,0,481,94,0,0,0,0,0,605,57
27552,0,0,483,94,0,0,0,0,0,606,8
27602,0,0,484,94,0,0,0,0,0,606,8
27652,0,0,485,94,0,0,0,0,0,606,8
27702,0,0,484,94,0,0,0,0,0,604,7
27752,0,0,482,94,0,0,0,0,0,606,7
27802,0,0,484,94,0,0,0,0,0,609,8
27852,0,0,485,94,0,0,0,0,0,615,8
27902,0,0,485,94,0,0,0,0,0,615,8
27952,0,0,485,94,0,0,0,0,0,613,8
28002,0,0,485,94,0,0,0,0,0,614,8
28052,0,0,485,94,0,0,0,0,0,616,8
28102,0,0,485,94,0,0,0,0,0,616,8
28152,0,0,485,94,0,0,0,0,0,616,8
28202,0,0,484,94,0,0,0,0,0,615,8
28252,0,0,484,94,0,0,0,0,0,616,8
28302,0,0,483,94,0,0,0,0,0,617,8
28352,0,0,483,94,0,0,0,0,0,617,8
28402,0,0,482,94,0,0,0,0,0,615,8
28452,0,0,482,94,0,0,0,0,0,615,8
28502,0,0,482,94,0,0,0,0,0,615,8
28552,0,0,482,94,0,0,0,0,0,615,8
28602,0,0,481,94,0,0,0,0,0,615,7
28652,0,0,482,94,0,0,0,0,0,616,7
28702,0,0,481,94,0,0,0,0,0,613,7
28752,0,0,481,94,0,0,0,0,0,614,7
28802,0,0,481,94,0,0,0,0,0,615,7
28852,0,0,481,94,0,0,0,0,0,615,7
28902,0,0,481,94,0,0,0,0,0,615,7
28952,0,0,482,94,0,0,0,0,0,615,7
29002,0,0,481,94,0,0,0,0,0,615,7
29052,0,0,481,94,0,0,0,0,0,615,7
29102,0,0,480,94,0,0,0,0,0,615,7
29152,0,0,480,94,0,0,0,0,0,615,7
29202,0,0,480,94,0,0,0,0,0,615,7
29252,0,0,480,94,0,0,0,0,0,615,7
29302,0,0,481,94,0,0,0,0,0,616,7
29352,0,0,480,94,0,0,0,0,0,615,7
29402,0,0,480,94,0,0,0,0,0,615,7
29452,0,0,480,94,0,0,0,0,0,615,7
29502,0,0,480,94,0,0,0,0,0,615,7
29552,0,0,480,94,0,0,0,0,0,612,7
29602,0,0,480,94,0,0,0,0,0,615,7
29652,0,0,479,94,0,0,0,0,0,615,7
29702,0,0,479,94,0,0,0,0,0,615,7
29752,0,0,479,94,0,0,0,0,0,614,7
29802,0,0,479,94,0,0,0,0,0,614,7
29852,0,0,480,94,0,0,0,0,0,614,7
29902,0,0,480,94,0,0,0,0,0,615,7
29952,0,0,480,94,0,0,0,0,0,615,7
30002,0,0,479,94,0,0,0,0,0,614,7
30052,0,0,479,94,0,0,0,0,0,615,7
30102,0,0,479,94,0,0,0,0,0,615,7
30152,0,0,479,94,0,0,0,0,0,616,7
30202,0,0,479,94,0,0,0,0,0,616,7
30252,0,0,478,94,0,0,0,0,0,613,7
30302,0,0,478,94,0,0,0,0,0,619,7
30352,0,0,478,94,0,0,0,0,0,623,7
30402,0,0,485,94,0,0,0,0,0,647,7
30452,0,0,509,94,0,0,0,0,0,640,21
30502,0,0,567,94,0,0,0,0,0,676,8
30552,0,0,637,94,0,0,0,0,0,691,255
30602,0,0,690,94,0,0,0,0,0,694,9
30652,0,0,726,94,0,0,0,0,0,688,55
30702,0,0,748,94,0,0,0,0,0,675,255
30752,0,0,765,94,0,0,0,0,0,459,255
30802,0,0,778,94,0,0,0,0,0,165,50
30852,0,0,785,94,0,0,0,0,0,117,255
30902,0,0,799,94,0,0,0,0,0,281,255
30952,0,0,804,94,0,0,0,0,0,600,255
31002,0,0,799,94,0,0,0,0,0,852,255
31052,0,0,791,94,0,0,0,0,0,955,22
31102,0,0,781,94,0,0,0,0,0,970,30
31152,0,0,780,94,0,0,0,0,0,868,27
31202,0,0,776,94,0,0,0,0,0,725,255
31252,0,0,771,94,0,0,0,0,0,627,255
31302,0,0,767,94,0,0,0,0,0,571,255
31352,0,0,767,94,0,0,0,0,0,564,58
31402,0,0,769,94,0,0,0,0,0,560,59
31452,0,0,772,94,0,0,0,0,0,577,58
31502,0,0,772,94,0,0,0,0,0,588,59
31552,0,0,772,94,0,0,0,0,0,607,54
31602,0,0,775,94,0,0,0,0,0,625,59
31652,0,0,776,94,0,0,0,0,0,633,59
31702,0,0,776,94,0,0,0,0,0,625,255
31752,0,0,776,94,0,0,0,0,0,613,255
31802,0,0,776,94,0,0,0,0,0,614,255
31852,0,0,775,94,0,0,0,0,0,616,255
31902,0,0,774,94,0,0,0,0,0,615,255
31952,0,0,773,94,0,0,0,0,0,611,59
32002,0,0,775,94,0,0,0,0,0,614,255
32052,0,0,773,94,0,0,0,0,0,616,55
32102,0,0,772,94,0,0,0,0,0,616,57
32152,0,0,770,94,0,0,0,0,0,618,255
32202,0,0,768,94,0,0,0,0,0,624,255
32252,0,0,766,94,0,0,0,0,0,635,255
32302,0,0,764,94,0,0,0,0,0,636,255
32352,0,0,763,94,0,0,0,0,0,623,255
32402,0,0,763,94,0,0,0,0,0,608,255
32452,0,0,762,94,0,0,0,0,0,604,255
32502,0,0,763,94,0,0,0,0,0,610,255
32552,0,0,764,94,0,0,0,0,0,614,255
32602,0,0,764,94,0,0,0,0,0,615,255
32652,0,0,764,94,0,0,0,0,0,606,255
32702,0,0,763,94,0,0,0,0,0,603,255
32752,0,0,763,94,0,0,0,0,0,605,255
32802,0,0,764,94,0,0,0,0,0,616,255
32852,0,0,765,94,0,0,0,0,0,627,255
32902,0,0,765,94,0,0,0,0,0,629,255
32952,0,0,765,94,0,0,0,0,0,623,53
33002,0,0,758,94,0,0,0,0,0,604,53
33052,0,0,743,94,0,0,0,0,0,591,54
33102,0,0,722,94,0,0,0,0,0,598,52
33152,0,0,718,94,0,0,0,0,0,607,255
33202,0,0,721,94,0,0,0,0,0,624,255
33252,0,0,719,94,0,0,0,0,0,616,255
33302,0,0,719,94,0,0,0,0,0,616,255
33352,0,0,717,94,0,0,0,0,0,614,255
33402,0,0,715,94,0,0,0,0,0,605,255
33452,0,0,714,94,0,0,0,0,0,596,255
33502,0,0,712,94,0,0,0,0,0,590,255
33552,0,0,713,94,0,0,0,0,0,590,8
33602,0,0,715,94,0,0,0,0,0,590,255
33652,0,0,717,94,0,0,0,0,0,597,255
33702,0,0,717,94,0,0,0,0,0,603,255
33752,0,0,718,94,0,0,0,0,0,606,55
33802,0,0,718,94,0,0,0,0,0,608,8
33852,0,0,718,94,0,0,0,0,0,613,7
33902,0,0,718,94,0,0,0,0,0,617,6
33952,0,0,717,94,0,0,0,0,0,618,6
34002,0,0,716,94,0,0,0,0,0,617,5
34052,0,0,715,94,0,0,0,0,0,614,5
34102,0,0,715,94,0,0,0,0,0,613,5
34152,0,0,716,94,0,0,0,0,0,612,5
34202,0,0,717,94,0,0,0,0,0,614,5
34252,0,0,716,94,0,0,0,0,0,615,5
34302,0,0,716,94,0,0,0,0,0,615,5
34352,0,0,716,94,0,0,0,0,0,614,5
34402,0,0,716,94,0,0,0,0,0,616,5
34452,0,0,716,94,0,0,0,0,0,617,5
34502,0,0,715,94,0,0,0,0,0,617,5
34552,0,0,715,94,0,0,0,0,0,616,5
34602,0,0,715,94,0,0,0,0,0,615,5
34652,0,0,715,94,0,0,0,0,0,615,5
34702,0,0,715,94,0,0,0,0,0,616,5
34752,0,0,715,94,0,0,0,0,0,616,6
34802,0,0,714,94,0,0,0,0,0,616,6
34852,0,0,714,94,0,0,0,0,0,617,6
34902,0,0,714,94,0,0,0,0,0,616,6
34952,0,0,714,94,0,0,0,0,0,616,6
35002,0,0,714,94,0,0,0,0,0,616,6
35052,0,0,714,94,0,0,0,0,0,615,6
35102,0,0,714,94,0,0,0,0,0,615,7
35152,0,0,714,94,0,0,0,0,0,614,7
35202,0,0,714,94,0,0,0,0,0,615,7
35252,0,0,714,94,0,0,0,0,0,616,7
35302,0,0,713,94,0,0,0,0,0,616,7
35352,0,0,713,94,0,0,0,0,0,616,7
35402,0,0,713,94,0,0,0,0,0,615,7
35452,0,0,712,94,0,0,0,0,0,615,7
35502,0,0,713,94,0,0,0,0,0,614,7
35552,0,0,713,94,0,0,0,0,0,613,7
35602,0,0,713,94,0,0,0,0,0,614,7
35652,0,0,714,94,0,0,0,0,0,615,7
35702,0,0,713,94,0,0,0,0,0,616,7
35752,0,0,713,94,0,0,0,0,0,615,7
35802,0,0,713,94,0,0,0,0,0,615,7
35852,0,0,714,94,0,0,0,0,0,612,7
35902,0,0,714,94,0,0,0,0,0,616,7
35952,0,0,714,94,0,0,0,0,0,615,7
36002,0,0,714,94,0,0,0,0,0,615,7
36052,0,0,713,94,0,0,0,0,0,615,7
36102,0,0,713,94,0,0,0,0,0,615,7
36152,0,0,714,94,0,0,0,0,0,615,7
36202,0,0,714,94,0,0,0,0,0,615,7
36252,0,0,714,94,0,0,0,0,0,615,7
36302,0,0,714,94,0,0,0,0,0,613,7
36352,0,0,715,94,0,0,0,0,0,596,7
36402,0,0,716,94,0,0,0,0,0,638,7
36452,0,0,718,94,0,0,0,0,0,635,5
36502,0,0,728,94,0,0,0,0,0,656,7
36552,0,0,740,94,0,0,0,0,0,652,8
36602,0,0,754,94,0,0,0,0,0,648,255
36652,0,0,730,94,0,0,0,0,0,624,255
36702,0,0,695,94,0,0,0,0,0,612,255
36752,0,0,677,94,0,0,0,0,0,610,255
36802,0,0,675,94,0,0,0,0,0,605,255
36852,0,0,672,94,0,0,0,0,0,603,255
36902,0,0,660,94,0,0,0,0,0,606,22
36952,0,0,637,94,0,0,0,0,0,614,8
37002,0,0,594,94,0,0,0,0,0,622,8
37052,0,0,532,94,0,0,0,0,0,621,8
37102,0,0,498,94,0,0,0,0,0,599,8
37152,0,0,503,94,0,0,0,0,0,605,8
37202,0,0,505,94,0,0,0,0,0,599,7
37252,0,0,496,94,0,0,0,0,0,598,8
37302,0,0,497,94,0,0,0,0,0,596,6
37352,0,0,495,94,0,0,0,0,0,594,6
37402,0,0,476,94,0,0,0,0,0,601,21
37452,0,0,478,94,0,0,0,0,0,607,8
37502,0,0,478,94,0,0,0,0,0,610,255
37552,0,0,479,94,0,0,0,0,0,612,255
37602,0,0,479,94,0,0,0,0,0,614,5
37652,0,0,479,94,0,0,0,0,0,615,4
37702,0,0,479,94,0,0,0,0,0,614,4
37752,0,0,479,94,0,0,0,0,0,614,4
37802,0,0,479,94,0,0,0,0,0,615,4
37852,0,0,479,94,0,0,0,0,0,615,4
37902,0,0,479,94,0,0,0,0,0,615,4
37952,0,0,478,94,0,0,0,0,0,615,4
38002,0,0,478,94,0,0,0,0,0,616,4
38052,0,0,478,94,0,0,0,0,0,616,4
38102,0,0,477,94,0,0,0,0,0,616,4
38152,0,0,477,94,0,0,0,0,0,616,4
38202,0,0,477,94,0,0,0,0,0,615,4
38252,0,0,476,94,0,0,0,0,0,616,4
38302,0,0,476,94,0,0,0,0,0,615,4
38352,0,0,476,94,0,0,0,0,0,616,4
38402,0,0,475,94,0,0,0,0,0,616,4
38452,0,0,475,94,0,0,0,0,0,615,4
38502,0,0,475,94,0,0,0,0,0,615,4
38552,0,0,475,94,0,0,0,0,0,615,4
38602,0,0,475,94,0,0,0,0,0,616,4
38652,0,0,474,94,0,0,0,0,0,616,4
38702,0,0,474,94,0,0,0,0,0,615,4
38752,0,0,474,94,0,0,0,0,0,615,4
38802,0,0,474,94,0,0,0,0,0,616,4
38852,0,0,473,94,0,0,0,0,0,617,4
38902,0,0,473,94,0,0,0,0,0,615,4
38952,0,0,472,94,0,0,0,0,0,615,4
39002,0,0,472,94,0,0,0,0,0,615,5
39052,0,0,472,94,0,0,0,0,0,612,5
39102,0,0,472,94,0,0,0,0,0,615,5
39152,0,0,472,94,0,0,0,0,0,615,5
39202,0,0,472,94,0,0,0,0,0,615,5
39252,0,0,472,94,0,0,0,0,0,616,5
39302,0,0,471,94,0,0,0,0,0,615,5
39352,0,0,471,94,0,0,0,0,0,615,5
39402,0,0,471,94,0,0,0,0,0,615,5
39452,0,0,471,94,0,0,0,0,0,615,5
39502,0,0,471,94,0,0,0,0,0,616,5
39552,0,0,471,94,0,0,0,0,0,615,5
39602,0,0,471,94,0,0,0,0,0,614,5
39652,0,0,471,94,0,0,0,0,0,615,5
39702,0,0,471,94,0,0,0,0,0,616,5
39752,0,0,470,94,0,0,0,0,0,615,5
39802,0,0,470,94,0,0,0,0,0,616,5
39852,0,0,469,94,0,0,0,0,0,615,5
39902,0,0,469,94,0,0,0,0,0,615,5
39952,0,0,469,94,0,0,0,0,0,616,5
40002,0,0,468,94,0,0,0,0,0,616,5
40052,0,0,468,94,0,0,0,0,0,617,5
40102,0,0,467,94,0,0,0,0,0,616,5
40152,0,0,468,94,0,0,0,0,0,617,5
40202,0,0,474,94,0,0,0,0,0,630,5
40252,0,0,487,94,0,0,0,0,0,634,6
40302,0,0,523,94,0,0,0,0,0,640,255
40352,0,0,579,94,0,0,0,0,0,664,255
40402,0,0,639,94,0,0,0,0,0,672,255
40452,0,0,688,94,0,0,0,0,0,660,255
40502,0,0,730,94,0,0,0,0,0,627,56
40552,0,0,763,94,0,0,0,0,0,356,57
40602,0,0,789,94,0,0,0,0,0,137,255
40652,0,0,802,94,0,0,0,0,0,127,255
40702,0,0,803,94,0,0,0,0,0,338,255
40752,0,0,800,94,0,0,0,0,0,623,255
40802,0,0,798,94,0,0,0,0,0,764,255
40852,0,0,798,94,0,0,0,0,0,747,255
,,,,,,,,,,,
