0,0,0,725,95,0,0,0,0,0,604,0
16,0,0,720,95,0,0,0,0,0,604,32
66,0,0,719,95,0,0,0,0,0,618,32
116,0,0,720,95,0,0,0,0,0,628,33
166,0,0,720,95,0,0,0,0,0,632,30
216,0,0,721,95,0,0,0,0,0,640,29
266,0,0,720,95,0,0,0,0,0,632,31
316,0,0,720,95,0,0,0,0,0,622,29
366,0,0,719,95,0,0,0,0,0,638,29
416,0,0,719,95,0,0,0,0,0,665,5
466,0,0,720,95,0,0,0,0,0,662,5
516,0,0,720,95,0,0,0,0,0,661,6
566,0,0,720,95,0,0,0,0,0,679,6
616,0,0,724,95,0,0,0,0,0,682,6
666,0,0,724,95,0,0,0,0,0,642,21
716,0,0,722,95,0,0,0,0,0,685,8
766,0,0,720,95,0,0,0,0,0,784,24
816,0,0,718,95,0,0,0,0,0,756,23
866,0,0,715,95,0,0,0,0,0,715,25
916,0,0,710,95,0,0,0,0,0,649,22
966,0,0,701,95,0,0,0,0,0,627,22
1016,0,0,692,95,0,0,0,0,0,636,23
1066,0,0,687,95,0,0,0,0,0,637,22
1116,0,0,686,95,0,0,0,0,0,647,22
1166,0,0,684,95,0,0,0,0,0,650,23
1216,0,0,679,95,0,0,0,0,0,646,23
1266,0,0,674,95,0,0,0,0,0,644,28
1316,0,0,676,95,0,0,0,0,0,623,30
1366,0,0,678,95,0,0,0,0,0,589,32
1416,0,0,682,95,0,0,0,0,0,578,35
1466,0,0,682,95,0,0,0,0,0,567,39
1516,0,0,680,95,0,0,0,0,0,560,46
1566,0,0,679,95,0,0,0,0,0,552,51
1616,0,0,680,95,0,0,0,0,0,569,54
1666,0,0,676,95,0,0,0,0,0,580,49
1716,0,0,671,95,0,0,0,0,0,588,53
1766,0,0,666,95,0,0,0,0,0,587,255
1816,0,0,667,95,0,0,0,0,0,591,255
1866,0,0,668,95,0,0,0,0,0,596,255
1916,0,0,666,95,0,0,0,0,0,620,47
1966,0,0,664,95,0,0,0,0,0,630,49
2016,0,0,663,95,0,0,0,0,0,588,255
2066,0,0,663,95,0,0,0,0,0,622,48
2116,0,0,660,95,0,0,0,0,0,664,49
2166,0,0,655,95,0,0,0,0,0,677,50
2216,0,0,651,95,0,0,0,0,0,657,54
2266,0,0,651,95,0,0,0,0,0,616,30
2316,0,0,654,95,0,0,0,0,0,582,56
2366,0,0,660,95,0,0,0,0,0,554,57
2416,0,0,665,95,0,0,0,0,0,557,62
2466,0,0,667,95,0,0,0,0,0,558,63
2516,0,0,670,95,0,0,0,0,0,566,60
2566,0,0,672,95,0,0,0,0,0,573,57
2616,0,0,673,95,0,0,0,0,0,586,54
2666,0,0,669,95,0,0,0,0,0,620,53
2716,0,0,663,95,0,0,0,0,0,654,51
2766,0,0,657,95,0,0,0,0,0,673,47
2816,0,0,656,95,0,0,0,0,0,659,43
2866,0,0,656,95,0,0,0,0,0,608,42
2916,0,0,655,95,0,0,0,0,0,571,39
2966,0,0,653,95,0,0,0,0,0,545,45
3016,0,0,650,95,0,0,0,0,0,523,255
3066,0,0,648,95,0,0,0,0,0,523,255
3116,0,0,648,95,0,0,0,0,0,537,41
3166,0,0,649,95,0,0,0,0,0,571,40
3216,0,0,648,95,0,0,0,0,0,594,40
3266,0,0,644,95,0,0,0,0,0,622,42
3316,0,0,644,95,0,0,0,0,0,638,43
3366,0,0,644,95,0,0,0,0,0,642,45
3416,0,0,643,95,0,0,0,0,0,653,255
3466,0,0,641,95,0,0,0,0,0,634,255
3516,0,0,641,95,0,0,0,0,0,612,255
3566,0,0,643,95,0,0,0,0,0,594,255
3616,0,0,645,95,0,0,0,0,0,581,255
3666,0,0,648,95,0,0,0,0,0,562,255
3716,0,0,651,95,0,0,0,0,0,546,255
3766,0,0,654,95,0,0,0,0,0,552,255
3816,0,0,656,95,0,0,0,0,0,574,255
3866,0,0,657,95,0,0,0,0,0,603,255
3916,0,0,659,95,0,0,0,0,0,617,255
3966,0,0,662,95,0,0,0,0,0,614,255
4016,0,0,656,95,0,0,0,0,0,614,255
4066,0,0,660,95,0,0,0,0,0,622,255
4116,0,0,651,95,0,0,0,0,0,631,255
4166,0,0,649,95,0,0,0,0,0,633,255
4216,0,0,648,95,0,0,0,0,0,618,255
4266,0,0,646,95,0,0,0,0,0,600,255
4316,0,0,644,95,0,0,0,0,0,595,255
4366,0,0,645,95,0,0,0,0,0,598,255
4416,0,0,644,95,0,0,0,0,0,596,255
4466,0,0,643,95,0,0,0,0,0,589,255
4516,0,0,643,95,0,0,0,0,0,605,255
4566,0,0,643,95,0,0,0,0,0,615,255
4616,0,0,643,95,0,0,0,0,0,623,255
4666,0,0,643,95,0,0,0,0,0,580,255
4716,0,0,644,95,0,0,0,0,0,575,255
4766,0,0,645,95,0,0,0,0,0,564,255
4816,0,0,647,95,0,0,0,0,0,572,255
4866,0,0,644,95,0,0,0,0,0,571,63
4916,0,0,646,95,0,0,0,0,0,563,255
4966,0,0,647,95,0,0,0,0,0,574,62
5016,0,0,648,95,0,0,0,0,0,580,255
5066,0,0,648,95,0,0,0,0,0,594,255
5116,0,0,648,95,0,0,0,0,0,599,255
5166,0,0,648,95,0,0,0,0,0,613,255
5216,0,0,648,95,0,0,0,0,0,614,255
5266,0,0,648,95,0,0,0,0,0,602,255
5316,0,0,648,95,0,0,0,0,0,595,255
5366,0,0,647,95,0,0,0,0,0,587,255
5416,0,0,647,95,0,0,0,0,0,588,255
5466,0,0,647,95,0,0,0,0,0,595,255
5516,0,0,646,95,0,0,0,0,0,600,255
5566,0,0,646,95,0,0,0,0,0,606,255
5616,0,0,645,95,0,0,0,0,0,610,255
5666,0,0,645,95,0,0,0,0,0,613,255
5716,0,0,644,95,0,0,0,0,0,619,255
5766,0,0,644,95,0,0,0,0,0,615,255
5816,0,0,643,95,0,0,0,0,0,616,255
5866,0,0,640,95,0,0,0,0,0,617,255
5916,0,0,639,95,0,0,0,0,0,616,255
5966,0,0,638,95,0,0,0,0,0,605,255
6016,0,0,636,95,0,0,0,0,0,599,255
6066,0,0,635,95,0,0,0,0,0,603,255
6116,0,0,635,95,0,0,0,0,0,606,255
6166,0,0,635,95,0,0,0,0,0,603,255
6216,0,0,634,95,0,0,0,0,0,608,255
6266,0,0,634,95,0,0,0,0,0,613,255
6316,0,0,635,95,0,0,0,0,0,609,255
6366,0,0,636,95,0,0,0,0,0,610,255
6416,0,0,638,95,0,0,0,0,0,597,255
6466,0,0,641,95,0,0,0,0,0,598,255
6516,0,0,645,95,0,0,0,0,0,598,255
6566,0,0,650,95,0,0,0,0,0,606,255
6616,0,0,656,95,0,0,0,0,0,604,255
6666,0,0,660,95,0,0,0,0,0,601,255
6716,0,0,663,95,0,0,0,0,0,603,255
6766,0,0,664,95,0,0,0,0,0,600,255
6816,0,0,664,95,0,0,0,0,0,600,255
6866,0,0,665,95,0,0,0,0,0,589,36
6916,0,0,667,95,0,0,0,0,0,584,37
6966,0,0,667,95,0,0,0,0,0,582,255
7016,0,0,667,95,0,0,0,0,0,580,255
7066,0,0,667,95,0,0,0,0,0,583,255
7116,0,0,667,95,0,0,0,0,0,608,255
7166,0,0,667,95,0,0,0,0,0,610,255
7216,0,0,663,95,0,0,0,0,0,604,255
7266,0,0,653,95,0,0,0,0,0,610,255
7316,0,0,645,95,0,0,0,0,0,627,22
7366,0,0,644,95,0,0,0,0,0,623,22
7416,0,0,645,95,0,0,0,0,0,605,22
7466,0,0,647,94,0,0,0,0,0,601,22
7516,0,0,645,93,0,0,0,0,0,605,23
7566,0,0,645,93,0,0,0,0,0,609,255
7616,0,0,640,93,0,0,0,0,0,601,255
7666,0,0,626,93,0,0,0,0,0,601,255
7716,0,0,614,93,0,0,0,0,0,616,255
7766,0,0,611,93,0,0,0,0,0,619,255
7816,0,0,612,94,0,0,0,0,0,619,255
7866,0,0,614,94,0,0,0,0,0,610,255
7916,0,0,617,94,0,0,0,0,0,600,255
7966,0,0,611,93,0,0,0,0,0,597,255
8016,0,0,605,93,0,0,0,0,0,608,255
8066,0,0,598,93,0,0,0,0,0,617,255
8116,0,0,595,93,0,0,0,0,0,611,255
8166,0,0,593,93,0,0,0,0,0,609,255
8216,0,0,588,93,0,0,0,0,0,610,255
8266,0,0,584,93,0,0,0,0,0,611,255
8316,0,0,584,93,0,0,0,0,0,611,255
8366,0,0,585,93,0,0,0,0,0,609,255
8416,0,0,583,93,0,0,0,0,0,603,255
8466,0,0,581,93,0,0,0,0,0,599,255
8516,0,0,580,93,0,0,0,0,0,598,23
8566,0,0,581,93,0,0,0,0,0,601,22
8616,0,0,582,93,0,0,0,0,0,606,22
8666,0,0,584,93,0,0,0,0,0,608,7
8716,0,0,586,93,0,0,0,0,0,613,6
8766,0,0,582,93,0,0,0,0,0,613,6
8816,0,0,581,93,0,0,0,0,0,608,6
8866,0,0,579,93,0,0,0,0,0,610,23
8916,0,0,580,93,0,0,0,0,0,594,255
8966,0,0,583,93,0,0,0,0,0,595,255
9016,0,0,583,93,0,0,0,0,0,601,255
9066,0,0,578,94,0,0,0,0,0,618,6
9116,0,0,578,94,0,0,0,0,0,607,8
9166,0,0,579,94,0,0,0,0,0,599,22
9216,0,0,580,94,0,0,0,0,0,598,22
9266,0,0,581,94,0,0,0,0,0,598,22
9316,0,0,582,94,0,0,0,0,0,601,22
9366,0,0,586,94,0,0,0,0,0,602,23
9416,0,0,588,94,0,0,0,0,0,607,255
9466,0,0,590,95,0,0,0,0,0,607,255
9516,0,0,597,95,0,0,0,0,0,601,255
9566,0,0,601,95,0,0,0,0,0,607,255
9616,0,0,605,95,0,0,0,0,0,605,255
9666,0,0,603,95,0,0,0,0,0,600,255
9716,0,0,597,95,0,0,0,0,0,606,255
9766,0,0,595,95,0,0,0,0,0,599,255
9816,0,0,596,94,0,0,0,0,0,603,255
9866,0,0,595,94,0,0,0,0,0,603,255
9916,0,0,593,94,0,0,0,0,0,606,255
9966,0,0,592,94,0,0,0,0,0,608,255
10016,0,0,593,95,0,0,0,0,0,606,255
10066,0,0,593,95,0,0,0,0,0,602,9
10116,0,0,593,95,0,0,0,0,0,602,7
10166,0,0,594,94,0,0,0,0,0,604,7
10216,0,0,594,94,0,0,0,0,0,602,7
10266,0,0,594,94,0,0,0,0,0,606,7
10316,0,0,594,95,0,0,0,0,0,605,7
10366,0,0,593,95,0,0,0,0,0,604,7
10416,0,0,593,95,0,0,0,0,0,604,8
10466,0,0,594,95,0,0,0,0,0,600,255
10516,0,0,593,95,0,0,0,0,0,600,255
10566,0,0,593,95,0,0,0,0,0,600,255
10616,0,0,593,95,0,0,0,0,0,604,255
10666,0,0,593,95,0,0,0,0,0,612,255
10716,0,0,591,95,0,0,0,0,0,598,255
10766,0,0,593,95,0,0,0,0,0,603,6
10816,0,0,595,95,0,0,0,0,0,602,255
10866,0,0,599,95,0,0,0,0,0,610,255
10916,0,0,604,95,0,0,0,0,0,596,255
10966,0,0,622,95,0,0,0,0,0,592,23
11016,0,0,664,95,0,0,0,0,0,599,23
11066,0,0,698,95,0,0,0,0,0,598,255
11116,0,0,678,95,0,0,0,0,0,600,23
11166,0,0,669,95,0,0,0,0,0,599,255
11216,0,0,674,95,0,0,0,0,0,599,255
11266,0,0,680,95,0,0,0,0,0,602,23
11316,0,0,680,95,0,0,0,0,0,604,255
11366,0,0,680,95,0,0,0,0,0,606,255
11416,0,0,690,95,0,0,0,0,0,606,255
11466,0,0,695,95,0,0,0,0,0,610,255
11516,0,0,687,95,0,0,0,0,0,610,255
11566,0,0,677,95,0,0,0,0,0,599,255
11616,0,0,679,95,0,0,0,0,0,592,255
11666,0,0,685,95,0,0,0,0,0,596,23
11716,0,0,684,95,0,0,0,0,0,603,255
11766,0,0,678,95,0,0,0,0,0,610,255
11816,0,0,664,95,0,0,0,0,0,612,255
11866,0,0,646,95,0,0,0,0,0,607,255
11916,0,0,635,95,0,0,0,0,0,597,255
11966,0,0,631,95,0,0,0,0,0,594,255
12016,0,0,632,95,0,0,0,0,0,601,255
12066,0,0,634,95,0,0,0,0,0,605,255
12116,0,0,638,95,0,0,0,0,0,603,255
12166,0,0,646,95,0,0,0,0,0,601,255
12216,0,0,655,95,0,0,0,0,0,602,255
12266,0,0,668,95,0,0,0,0,0,608,255
12316,0,0,680,95,0,0,0,0,0,605,255
12366,0,0,689,95,0,0,0,0,0,603,255
12416,0,0,702,95,0,0,0,0,0,602,255
12466,0,0,699,95,0,0,0,0,0,606,255
12516,0,0,699,95,0,0,0,0,0,602,255
12566,0,0,699,95,0,0,0,0,0,602,255
12616,0,0,697,95,0,0,0,0,0,603,255
12666,0,0,698,95,0,0,0,0,0,602,255
12716,0,0,698,95,0,0,0,0,0,596,255
12766,0,0,699,94,0,0,0,0,0,600,255
12816,0,0,702,94,0,0,0,0,0,601,255
12866,0,0,702,94,0,0,0,0,0,596,255
12916,0,0,703,94,0,0,0,0,0,598,255
12966,0,0,703,94,0,0,0,0,0,599,255
13016,0,0,702,94,0,0,0,0,0,608,255
13066,0,0,703,94,0,0,0,0,0,622,255
13116,0,0,703,94,0,0,0,0,0,607,255
13166,0,0,703,94,0,0,0,0,0,594,6
13216,0,0,702,94,0,0,0,0,0,597,255
13266,0,0,703,94,0,0,0,0,0,605,255
13316,0,0,704,94,0,0,0,0,0,607,255
13366,0,0,703,94,0,0,0,0,0,601,255
13416,0,0,704,94,0,0,0,0,0,598,255
13466,0,0,702,94,0,0,0,0,0,603,255
13516,0,0,702,94,0,0,0,0,0,604,255
13566,0,0,702,94,0,0,0,0,0,601,255
13616,0,0,702,94,0,0,0,0,0,600,23
13666,0,0,702,94,0,0,0,0,0,604,255
13716,0,0,702,94,0,0,0,0,0,603,255
13766,0,0,702,94,0,0,0,0,0,601,255
13816,0,0,701,94,0,0,0,0,0,602,255
13866,0,0,702,94,0,0,0,0,0,602,255
13916,0,0,701,94,0,0,0,0,0,602,23
13966,0,0,701,94,0,0,0,0,0,601,255
14016,0,0,702,94,0,0,0,0,0,603,255
14066,0,0,702,94,0,0,0,0,0,602,255
14116,0,0,701,94,0,0,0,0,0,601,255
14166,0,0,702,94,0,0,0,0,0,601,255
14216,0,0,701,94,0,0,0,0,0,604,255
14266,0,0,701,94,0,0,0,0,0,602,255
14316,0,0,701,94,0,0,0,0,0,602,255
14366,0,0,701,94,0,0,0,0,0,603,255
14416,0,0,701,94,0,0,0,0,0,603,255
14466,0,0,701,94,0,0,0,0,0,602,255
14516,0,0,701,94,0,0,0,0,0,602,255
14566,0,0,701,94,0,0,0,0,0,603,255
14616,0,0,701,94,0,0,0,0,0,602,255
14666,0,0,701,94,0,0,0,0,0,602,255
14716,0,0,701,94,0,0,0,0,0,603,255
14766,0,0,701,94,0,0,0,0,0,603,255
14816,0,0,701,94,0,0,0,0,0,601,255
14866,0,0,702,94,0,0,0,0,0,603,255
14916,0,0,702,94,0,0,0,0,0,602,255
14966,0,0,702,94,0,0,0,0,0,603,255
15016,0,0,701,94,0,0,0,0,0,603,255
15066,0,0,701,94,0,0,0,0,0,607,255
15116,0,0,701,94,0,0,0,0,0,619,255
15166,0,0,700,95,0,0,0,0,0,605,6
15216,0,0,701,95,0,0,0,0,0,590,5
15266,0,0,698,95,0,0,0,0,0,598,8
15316,0,0,695,95,0,0,0,0,0,597,255
15366,0,0,682,95,0,0,0,0,0,587,255
15416,0,0,658,95,0,0,0,0,0,596,255
15466,0,0,646,95,0,0,0,0,0,607,255
15516,0,0,639,95,0,0,0,0,0,607,255
15566,0,0,633,95,0,0,0,0,0,599,255
15616,0,0,629,95,0,0,0,0,0,596,255
15666,0,0,632,95,0,0,0,0,0,595,255
15716,0,0,636,95,0,0,0,0,0,596,255
15766,0,0,638,95,0,0,0,0,0,597,255
15816,0,0,637,95,0,0,0,0,0,608,255
15866,0,0,631,95,0,0,0,0,0,619,255
15916,0,0,616,95,0,0,0,0,0,625,255
15966,0,0,581,95,0,0,0,0,0,621,255
16016,0,0,558,95,0,0,0,0,0,587,255
16066,0,0,558,95,0,0,0,0,0,591,255
16116,0,0,558,95,0,0,0,0,0,596,255
16166,0,0,556,94,0,0,0,0,0,610,255
16216,0,0,556,94,0,0,0,0,0,602,255
16266,0,0,556,94,0,0,0,0,0,597,6
16316,0,0,558,94,0,0,0,0,0,590,255
16366,0,0,558,94,0,0,0,0,0,607,75
16416,0,0,556,94,0,0,0,0,0,613,78
16466,0,0,555,94,0,0,0,0,0,602,255
16516,0,0,556,94,0,0,0,0,0,594,255
16566,0,0,558,94,0,0,0,0,0,601,255
16616,0,0,557,94,0,0,0,0,0,608,255
16666,0,0,556,94,0,0,0,0,0,603,255
16716,0,0,556,94,0,0,0,0,0,598,255
16766,0,0,557,94,0,0,0,0,0,602,255
16816,0,0,556,94,0,0,0,0,0,606,255
16866,0,0,556,94,0,0,0,0,0,601,255
16916,0,0,556,94,0,0,0,0,0,600,255
16966,0,0,556,94,0,0,0,0,0,603,255
17016,0,0,556,94,0,0,0,0,0,604,255
17066,0,0,556,94,0,0,0,0,0,601,255
17116,0,0,556,94,0,0,0,0,0,601,255
17166,0,0,557,94,0,0,0,0,0,604,255
17216,0,0,556,94,0,0,0,0,0,603,255
17266,0,0,556,94,0,0,0,0,0,601,255
17316,0,0,556,94,0,0,0,0,0,602,255
17366,0,0,557,94,0,0,0,0,0,604,255
17416,0,0,556,94,0,0,0,0,0,603,255
17466,0,0,556,94,0,0,0,0,0,602,255
17516,0,0,557,94,0,0,0,0,0,602,255
17566,0,0,556,94,0,0,0,0,0,603,255
17616,0,0,556,94,0,0,0,0,0,602,255
17666,0,0,556,94,0,0,0,0,0,602,255
17716,0,0,556,94,0,0,0,0,0,602,255
17766,0,0,556,94,0,0,0,0,0,602,255
17816,0,0,557,94,0,0,0,0,0,601,255
17866,0,0,557,94,0,0,0,0,0,602,255
17916,0,0,557,94,0,0,0,0,0,603,255
17966,0,0,557,94,0,0,0,0,0,602,255
18016,0,0,557,94,0,0,0,0,0,601,255
18066,0,0,557,94,0,0,0,0,0,602,255
18116,0,0,557,94,0,0,0,0,0,603,255
18166,0,0,557,94,0,0,0,0,0,603,255
18216,0,0,556,94,0,0,0,0,0,609,255
18266,0,0,554,94,0,0,0,0,0,602,255
18316,0,0,555,94,0,0,0,0,0,606,255
18366,0,0,555,94,0,0,0,0,0,593,22
18416,0,0,556,94,0,0,0,0,0,590,255
18466,0,0,558,94,0,0,0,0,0,595,255
18516,0,0,558,94,0,0,0,0,0,605,6
18566,0,0,556,94,0,0,0,0,0,612,6
18616,0,0,555,94,0,0,0,0,0,617,6
18666,0,0,552,94,0,0,0,0,0,609,6
18716,0,0,552,95,0,0,0,0,0,595,6
18766,0,0,551,95,0,0,0,0,0,598,255
18816,0,0,556,95,0,0,0,0,0,607,255
18866,0,0,567,95,0,0,0,0,0,614,255
18916,0,0,592,95,0,0,0,0,0,604,22
18966,0,0,612,95,0,0,0,0,0,592,23
19016,0,0,621,95,0,0,0,0,0,588,22
19066,0,0,626,95,0,0,0,0,0,593,22
19116,0,0,627,95,0,0,0,0,0,598,22
19166,0,0,626,95,0,0,0,0,0,606,22
19216,0,0,621,95,0,0,0,0,0,603,22
19266,0,0,615,95,0,0,0,0,0,599,22
19316,0,0,610,95,0,0,0,0,0,605,23
19366,0,0,608,95,0,0,0,0,0,610,23
19416,0,0,609,95,0,0,0,0,0,608,23
19466,0,0,606,95,0,0,0,0,0,604,23
19516,0,0,601,95,0,0,0,0,0,606,23
19566,0,0,599,95,0,0,0,0,0,601,23
19616,0,0,598,95,0,0,0,0,0,604,23
19666,0,0,594,95,0,0,0,0,0,603,23
19716,0,0,590,95,0,0,0,0,0,603,22
19766,0,0,587,95,0,0,0,0,0,596,22
19816,0,0,589,95,0,0,0,0,0,600,23
19866,0,0,587,95,0,0,0,0,0,596,255
19916,0,0,584,95,0,0,0,0,0,597,255
19966,0,0,585,95,0,0,0,0,0,599,255
20016,0,0,587,95,0,0,0,0,0,599,23
20066,0,0,587,95,0,0,0,0,0,603,23
20116,0,0,589,95,0,0,0,0,0,606,23
20166,0,0,588,95,0,0,0,0,0,603,23
20216,0,0,590,95,0,0,0,0,0,603,22
20266,0,0,591,95,0,0,0,0,0,606,22
20316,0,0,590,95,0,0,0,0,0,600,23
20366,0,0,595,95,0,0,0,0,0,601,23
20416,0,0,592,95,0,0,0,0,0,599,23
20466,0,0,592,95,0,0,0,0,0,600,23
20516,0,0,589,94,0,0,0,0,0,601,23
20566,0,0,588,94,0,0,0,0,0,609,23
20616,0,0,586,94,0,0,0,0,0,605,255
20666,0,0,586,94,0,0,0,0,0,605,23
20716,0,0,584,94,0,0,0,0,0,595,6
20766,0,0,583,94,0,0,0,0,0,600,6
20816,0,0,585,94,0,0,0,0,0,597,255
20866,0,0,585,94,0,0,0,0,0,606,255
20916,0,0,583,94,0,0,0,0,0,606,255
20966,0,0,584,94,0,0,0,0,0,600,255
21016,0,0,585,94,0,0,0,0,0,600,255
21066,0,0,584,94,0,0,0,0,0,604,255
21116,0,0,584,94,0,0,0,0,0,604,255
21166,0,0,585,94,0,0,0,0,0,600,255
21216,0,0,585,94,0,0,0,0,0,602,255
21266,0,0,585,94,0,0,0,0,0,602,255
21316,0,0,584,94,0,0,0,0,0,603,255
21366,0,0,585,94,0,0,0,0,0,600,255
21416,0,0,584,94,0,0,0,0,0,603,255
21466,0,0,584,94,0,0,0,0,0,603,255
21516,0,0,584,94,0,0,0,0,0,601,255
21566,0,0,584,94,0,0,0,0,0,602,255
21616,0,0,584,94,0,0,0,0,0,603,255
21666,0,0,584,94,0,0,0,0,0,602,255
21716,0,0,584,94,0,0,0,0,0,602,255
21766,0,0,584,94,0,0,0,0,0,602,255
21816,0,0,584,94,0,0,0,0,0,604,255
21866,0,0,584,94,0,0,0,0,0,602,255
21916,0,0,584,94,0,0,0,0,0,602,255
21966,0,0,584,94,0,0,0,0,0,603,23
22016,0,0,584,94,0,0,0,0,0,602,255
22066,0,0,584,94,0,0,0,0,0,602,255
22116,0,0,584,94,0,0,0,0,0,602,255
22166,0,0,584,94,0,0,0,0,0,603,255
22216,0,0,584,94,0,0,0,0,0,602,255
22266,0,0,584,94,0,0,0,0,0,602,255
22316,0,0,584,94,0,0,0,0,0,602,255
22366,0,0,584,94,0,0,0,0,0,603,255
22416,0,0,584,94,0,0,0,0,0,602,255
22466,0,0,584,94,0,0,0,0,0,601,255
22516,0,0,584,94,0,0,0,0,0,603,255
22566,0,0,585,94,0,0,0,0,0,602,255
22616,0,0,584,94,0,0,0,0,0,602,255
22666,0,0,584,94,0,0,0,0,0,602,255
22716,0,0,584,94,0,0,0,0,0,602,255
22766,0,0,584,94,0,0,0,0,0,602,255
22816,0,0,584,94,0,0,0,0,0,602,255
22866,0,0,584,94,0,0,0,0,0,603,255
22916,0,0,584,94,0,0,0,0,0,603,255
22966,0,0,584,94,0,0,0,0,0,602,255
23016,0,0,584,94,0,0,0,0,0,602,255
23066,0,0,584,94,0,0,0,0,0,602,255
23116,0,0,584,94,0,0,0,0,0,604,255
23166,0,0,583,94,0,0,0,0,0,604,255
23216,0,0,583,94,0,0,0,0,0,603,255
23266,0,0,583,94,0,0,0,0,0,600,255
23316,0,0,584,94,0,0,0,0,0,605,255
23366,0,0,583,94,0,0,0,0,0,606,255
23416,0,0,582,94,0,0,0,0,0,607,255
23466,0,0,581,94,0,0,0,0,0,607,255
23516,0,0,580,94,0,0,0,0,0,605,255
23566,0,0,581,94,0,0,0,0,0,606,23
23616,0,0,580,94,0,0,0,0,0,602,22
23666,0,0,580,94,0,0,0,0,0,603,22
23716,0,0,580,94,0,0,0,0,0,602,22
23766,0,0,581,94,0,0,0,0,0,602,22
23816,0,0,582,94,0,0,0,0,0,602,22
23866,0,0,583,94,0,0,0,0,0,603,23
23916,0,0,584,94,0,0,0,0,0,602,23
23966,0,0,583,94,0,0,0,0,0,606,8
24016,0,0,583,94,0,0,0,0,0,603,8
24066,0,0,583,94,0,0,0,0,0,600,7
24116,0,0,583,94,0,0,0,0,0,607,22
24166,0,0,582,94,0,0,0,0,0,598,22
24216,0,0,582,94,0,0,0,0,0,603,7
24266,0,0,581,94,0,0,0,0,0,604,255
24316,0,0,579,94,0,0,0,0,0,608,8
24366,0,0,578,94,0,0,0,0,0,607,7
24416,0,0,578,94,0,0,0,0,0,600,7
24466,0,0,578,94,0,0,0,0,0,603,7
24516,0,0,579,94,0,0,0,0,0,598,7
24566,0,0,580,94,0,0,0,0,0,598,7
24616,0,0,580,94,0,0,0,0,0,598,7
24666,0,0,580,94,0,0,0,0,0,601,8
24716,0,0,580,94,0,0,0,0,0,602,8
24766,0,0,579,94,0,0,0,0,0,603,22
24816,0,0,579,94,0,0,0,0,0,603,23
24866,0,0,579,94,0,0,0,0,0,603,22
24916,0,0,579,94,0,0,0,0,0,601,23
24966,0,0,579,94,0,0,0,0,0,605,23
25016,0,0,579,94,0,0,0,0,0,602,23
25066,0,0,579,94,0,0,0,0,0,603,23
25116,0,0,579,94,0,0,0,0,0,604,22
25166,0,0,578,94,0,0,0,0,0,604,23
25216,0,0,578,94,0,0,0,0,0,603,23
25266,0,0,578,94,0,0,0,0,0,602,23
25316,0,0,578,94,0,0,0,0,0,601,23
25366,0,0,578,94,0,0,0,0,0,601,22
25416,0,0,578,94,0,0,0,0,0,602,23
25466,0,0,578,94,0,0,0,0,0,603,23
25516,0,0,577,94,0,0,0,0,0,602,23
25566,0,0,578,94,0,0,0,0,0,603,23
25616,0,0,578,94,0,0,0,0,0,602,23
25666,0,0,578,94,0,0,0,0,0,601,23
25716,0,0,579,94,0,0,0,0,0,602,23
25766,0,0,578,94,0,0,0,0,0,601,23
25816,0,0,577,94,0,0,0,0,0,602,23
25866,0,0,578,94,0,0,0,0,0,602,23
25916,0,0,579,94,0,0,0,0,0,600,23
25966,0,0,588,95,0,0,0,0,0,589,255
26016,0,0,626,95,0,0,0,0,0,574,255
26066,0,0,656,95,0,0,0,0,0,579,255
26116,0,0,663,95,0,0,0,0,0,594,255
26166,0,0,661,95,0,0,0,0,0,606,255
26216,0,0,656,95,0,0,0,0,0,602,255
26266,0,0,650,95,0,0,0,0,0,578,255
26316,0,0,645,95,0,0,0,0,0,458,255
26366,0,0,640,95,0,0,0,0,0,266,255
26416,0,0,644,95,0,0,0,0,0,129,255
26466,0,0,664,95,0,0,0,0,0,219,255
26516,0,0,671,95,0,0,0,0,0,403,38
26566,0,0,673,95,0,0,0,0,0,652,245
26616,0,0,671,95,0,0,0,0,0,846,240
26666,0,0,663,95,0,0,0,0,0,957,234
26716,0,0,648,95,0,0,0,0,0,997,35
26766,0,0,634,95,0,0,0,0,0,997,31
26816,0,0,628,95,0,0,0,0,0,903,32
26866,0,0,625,95,0,0,0,0,0,732,255
26916,0,0,625,95,0,0,0,0,0,585,255
26966,0,0,627,95,0,0,0,0,0,541,255
27016,0,0,629,95,0,0,0,0,0,540,255
27066,0,0,632,95,0,0,0,0,0,542,255
27116,0,0,633,95,0,0,0,0,0,551,255
27166,0,0,634,95,0,0,0,0,0,574,255
27216,0,0,634,95,0,0,0,0,0,591,255
27266,0,0,634,95,0,0,0,0,0,578,255
27316,0,0,635,95,0,0,0,0,0,553,255
27366,0,0,637,95,0,0,0,0,0,559,255
27416,0,0,641,95,0,0,0,0,0,570,255
27466,0,0,643,95,0,0,0,0,0,602,30
27516,0,0,644,95,0,0,0,0,0,630,30
27566,0,0,644,95,0,0,0,0,0,649,32
27616,0,0,642,95,0,0,0,0,0,650,47
27666,0,0,638,95,0,0,0,0,0,626,32
27716,0,0,636,95,0,0,0,0,0,609,32
27766,0,0,634,95,0,0,0,0,0,598,26
27816,0,0,633,95,0,0,0,0,0,589,30
27866,0,0,632,95,0,0,0,0,0,591,30
27916,0,0,629,95,0,0,0,0,0,592,50
27966,0,0,628,95,0,0,0,0,0,586,53
28016,0,0,628,95,0,0,0,0,0,570,51
28066,0,0,627,95,0,0,0,0,0,564,255
28116,0,0,627,95,0,0,0,0,0,573,255
28166,0,0,626,95,0,0,0,0,0,568,255
28216,0,0,626,95,0,0,0,0,0,550,255
28266,0,0,627,95,0,0,0,0,0,534,29
28316,0,0,629,95,0,0,0,0,0,548,31
28366,0,0,632,95,0,0,0,0,0,574,255
28416,0,0,634,95,0,0,0,0,0,591,48
28466,0,0,636,95,0,0,0,0,0,597,47
28516,0,0,637,95,0,0,0,0,0,607,31
28566,0,0,637,95,0,0,0,0,0,613,42
28616,0,0,637,95,0,0,0,0,0,607,30
28666,0,0,636,95,0,0,0,0,0,596,29
28716,0,0,635,95,0,0,0,0,0,591,26
28766,0,0,635,95,0,0,0,0,0,591,25
28816,0,0,634,95,0,0,0,0,0,600,30
28866,0,0,631,95,0,0,0,0,0,611,27
,,,,,,,,,,,
