0,0,0,601,90,3,0,0,617,663,549,0
2,0,4,601,90,3,0,0,617,663,549,0
52,0,4,601,90,3,0,0,616,663,549,255
102,0,4,602,90,3,0,0,616,663,549,255
152,0,4,602,90,3,0,0,617,663,549,255
202,0,4,602,90,3,0,0,617,663,549,255
252,0,4,602,90,3,0,0,618,663,549,255
302,0,4,602,90,3,0,0,617,663,549,255
352,0,4,602,90,3,0,0,616,663,549,255
402,0,4,602,90,3,0,0,614,663,549,255
452,0,4,602,90,3,0,0,616,663,549,255
502,0,4,602,90,3,0,0,617,663,549,255
552,0,4,602,90,3,0,0,617,663,549,255
602,0,4,602,90,3,0,0,617,663,549,255
652,0,4,602,90,3,0,0,616,663,549,255
702,0,4,602,90,3,0,0,617,663,549,255
752,0,4,602,90,3,0,0,616,663,549,255
802,0,4,602,90,3,0,0,617,663,549,255
852,0,4,602,90,3,0,0,617,663,549,255
902,0,4,602,90,3,0,0,617,663,549,255
952,0,4,602,90,3,0,0,618,663,549,255
1002,0,-23,602,90,3,0,0,617,663,549,255
1052,17,-9,601,90,13,9,0,615,663,549,255
1102,17,11,610,88,33,28,0,586,663,549,255
1152,26,16,615,83,54,50,0,554,663,549,255
1202,26,10,614,78,77,76,0,564,663,549,255
1252,26,20,617,76,100,103,0,588,663,549,255
1302,35,11,614,75,122,131,0,617,663,549,255
1352,35,5,611,75,146,159,0,621,663,549,255
1402,44,6,609,75,172,188,0,615,663,549,255
1452,35,0,606,75,199,218,0,610,663,549,255
1502,35,-3,604,75,229,248,0,614,663,549,255
1552,35,-12,601,75,259,278,0,616,663,549,255
1602,35,-10,600,75,290,306,0,613,663,549,255
1652,35,-8,601,75,321,334,0,611,663,549,255
1702,35,-7,602,75,351,362,0,616,663,549,255
1752,35,-11,602,75,382,389,0,619,663,549,255
1802,44,0,606,75,412,416,0,614,663,549,255
1852,35,3,608,75,441,444,0,617,663,549,255
1902,35,9,613,75,470,474,0,613,663,549,255
1952,35,14,616,75,498,505,0,616,663,549,255
2002,44,22,618,75,524,537,0,616,663,549,255
2052,44,13,615,75,550,569,0,617,663,549,255
2102,44,5,611,75,576,602,0,625,663,549,255
2152,35,-6,604,75,604,634,0,634,663,549,255
2202,44,-18,598,75,633,664,0,619,663,549,255
2252,44,-17,596,75,664,691,0,615,663,549,255
2302,44,-23,595,75,696,718,0,621,663,549,255
2352,26,-25,594,75,727,744,0,628,663,549,255
2402,35,-16,597,75,759,768,0,626,663,549,255
2452,44,-15,600,75,791,794,0,620,663,549,255
2502,35,6,607,75,822,820,0,615,663,549,255
2552,44,19,614,75,851,848,0,615,663,549,255
2602,35,30,620,75,879,878,0,619,663,549,255
2652,35,37,624,75,904,910,0,611,663,549,255
2702,44,26,622,75,929,944,0,609,663,549,255
2752,44,17,617,75,953,978,0,618,663,549,255
2802,35,2,609,75,979,1012,0,611,663,549,255
2852,44,-16,601,75,1006,1044,0,621,663,549,255
2902,53,-23,595,75,1035,1073,0,622,663,549,255
2952,44,-31,591,75,1066,1099,0,625,663,549,255
3002,44,-33,590,75,1098,1124,0,622,663,549,255
3052,44,-27,591,75,1131,1148,0,613,663,549,255
3102,44,-14,596,75,1165,1172,0,610,663,549,255
3152,35,-3,604,75,1198,1197,0,612,663,549,255
3202,35,11,612,75,1228,1225,0,614,663,549,255
3252,44,32,621,75,1256,1254,0,620,663,549,255
3302,35,31,625,75,1281,1286,0,619,663,549,255
3352,44,31,625,75,1305,1320,0,617,663,549,255
3402,35,16,619,75,1328,1356,0,618,663,549,255
3452,53,4,610,75,1353,1391,0,615,663,549,255
3502,44,-8,603,75,1380,1424,0,608,663,549,255
3552,44,-21,596,75,1408,1452,0,603,663,549,255
3602,35,-29,592,75,1438,1479,0,613,663,549,255
3652,35,-28,590,75,1470,1503,0,612,663,549,255
3702,44,-35,589,75,1503,1526,0,617,663,549,255
3752,44,-20,595,75,1536,1550,0,615,663,549,255
3802,44,-9,601,75,1569,1575,0,622,663,549,255
3852,44,5,609,75,1600,1601,0,622,663,549,255
3902,44,28,619,75,1629,1630,0,614,663,549,255
3952,44,33,624,75,1655,1661,0,618,663,549,255
4002,44,34,624,75,1680,1696,0,617,663,549,255
4052,44,14,618,75,1704,1730,0,614,663,549,255
4102,35,4,610,75,1729,1764,0,618,663,549,255
4152,35,-6,604,75,1755,1796,0,621,663,549,255
4202,44,-19,597,75,1783,1825,0,626,663,549,255
4252,35,-27,593,75,1813,1851,0,623,663,549,255
4302,35,-33,590,75,1844,1876,0,622,663,549,255
4352,44,-27,591,75,1877,1900,0,610,663,549,255
4402,44,-14,596,75,1910,1924,0,610,663,549,255
4452,44,-9,601,75,1942,1950,0,613,663,549,255
4502,44,8,608,75,1973,1976,0,615,663,549,255
4552,44,22,616,75,2002,2004,0,615,663,549,255
4602,44,28,621,75,2030,2035,0,615,663,549,255
4652,44,26,622,75,2056,2068,0,619,663,549,255
4702,44,22,620,75,2080,2104,0,616,663,549,255
4752,35,11,614,75,2105,2138,0,614,663,549,255
4802,35,-7,606,75,2130,2170,0,619,663,549,255
4852,35,-14,600,75,2157,2200,0,615,663,549,255
4902,35,-23,595,75,2186,2227,0,616,663,549,255
4952,44,-25,592,75,2217,2252,0,613,663,549,255
5002,35,-27,593,75,2250,2277,0,608,663,549,255
5052,35,-18,596,75,2282,2302,0,611,663,549,255
5102,44,-8,601,75,2314,2328,0,621,663,549,255
5152,35,0,606,75,2344,2354,0,613,663,549,255
5202,44,17,613,75,2375,2383,0,611,663,549,255
5252,44,20,617,75,2403,2413,0,615,663,549,255
5302,44,24,619,75,2430,2445,0,608,663,549,255
5352,44,22,618,75,2456,2478,0,607,663,549,255
5402,44,13,615,75,2481,2511,0,601,663,549,255
5452,44,2,609,75,2506,2542,0,614,663,549,255
5502,44,-4,605,75,2533,2572,0,620,663,549,255
5552,44,-16,599,75,2561,2600,0,625,663,549,255
5602,44,-19,597,75,2591,2628,0,618,663,549,255
5652,44,-17,596,75,2621,2654,0,617,663,549,255
5702,35,-16,597,75,2652,2680,0,620,663,549,255
5752,35,-6,600,75,2684,2705,0,618,663,549,255
5802,44,-6,602,75,2715,2732,0,616,663,549,255
5852,44,2,607,75,2745,2758,0,621,663,549,255
5902,35,13,611,75,2776,2788,0,623,663,549,255
5952,35,21,615,75,2804,2818,0,619,663,549,255
6002,44,-1,609,75,2832,2850,0,625,663,549,255
6052,35,-1,605,75,2859,2880,0,621,663,549,255
6102,44,22,618,75,2887,2910,1,573,663,549,255
6152,35,15,614,75,2914,2940,3,574,663,549,255
6202,44,8,610,75,2939,2970,5,581,663,549,255
6252,26,6,609,75,2964,2996,7,615,663,549,255
6302,44,0,605,75,2989,3023,9,553,663,549,255
6352,35,-8,601,75,3014,3049,11,602,663,549,255
6402,26,-18,598,75,3040,3073,13,608,663,549,255
6452,26,-21,596,75,3066,3096,14,613,663,549,255
6502,35,-17,596,75,3094,3118,16,615,663,549,255
6552,44,-17,596,75,3123,3141,18,626,663,549,255
6602,44,-14,598,75,3152,3164,20,623,663,549,255
6652,26,-8,601,75,3180,3188,22,612,663,549,255
6702,44,-3,604,75,3207,3212,24,617,663,549,255
6752,35,2,607,75,3232,3236,25,617,663,549,255
6802,35,7,610,75,3257,3262,27,621,663,549,255
6852,35,13,613,75,3281,3286,29,618,663,549,255
6902,26,15,614,75,3305,3312,31,615,663,549,255
6952,35,17,615,75,3327,3338,31,624,663,549,255
7002,35,17,615,75,3348,3364,31,610,663,549,255
7052,26,11,612,75,3368,3389,31,614,663,549,255
7102,35,8,610,75,3390,3414,31,618,663,549,255
7152,35,-1,607,75,3411,3438,31,619,663,549,255
7202,35,-5,605,75,3434,3462,31,614,663,549,255
7252,35,-6,604,75,3457,3485,31,618,663,549,255
7302,35,-10,602,75,3481,3508,31,623,663,549,255
7352,35,-6,602,75,3505,3531,31,616,663,549,255
7402,35,-6,602,75,3529,3554,31,612,663,549,255
7452,35,-10,602,75,3553,3576,31,614,663,549,255
7502,26,-8,603,75,3576,3597,31,614,663,549,255
7552,26,-3,604,75,3598,3618,31,620,663,549,255
7602,26,0,606,75,3620,3638,31,615,663,549,255
7652,35,0,606,75,3642,3660,31,618,663,549,255
7702,35,0,606,75,3664,3681,31,623,663,549,255
7752,17,2,607,75,3686,3702,31,618,663,549,255
7802,35,4,608,75,3708,3724,31,614,663,549,255
7852,35,12,610,75,3729,3746,31,615,663,549,255
7902,35,11,612,75,3750,3770,31,626,663,549,255
7952,35,4,610,75,3771,3793,31,658,663,549,255
8002,26,-5,605,75,3793,3817,31,665,663,549,255
8052,26,-16,599,75,3815,3840,31,665,663,549,255
8102,35,-27,593,75,3841,3862,31,674,663,549,255
8152,44,-44,584,76,3869,3884,31,642,663,549,255
8202,35,-40,584,76,3903,3905,31,620,663,549,255
8252,44,-25,590,76,3940,3927,31,613,663,549,255
8302,44,4,604,76,3977,3952,31,620,663,549,255
8352,35,29,620,76,4008,3978,31,617,663,549,255
8402,44,65,639,76,4034,4008,31,618,663,549,255
8452,44,78,646,76,4054,4043,31,622,663,549,255
8502,44,77,647,76,4071,4082,31,612,663,549,255
8552,35,56,638,76,4085,4123,31,614,663,549,255
8602,35,4,614,76,4103,4163,31,616,663,549,255
8652,35,-29,591,76,4126,4198,31,596,663,549,255
8702,53,-39,586,76,4155,4227,31,612,663,549,255
8752,44,-48,579,76,4188,4251,31,630,663,549,255
8802,44,-52,577,76,4223,4272,31,618,663,549,255
8852,35,-51,578,76,4260,4291,31,615,663,549,255
8902,35,-53,579,76,4298,4310,31,615,663,549,255
8952,35,-44,582,76,4336,4328,31,620,663,549,255
9002,35,-27,589,76,4373,4347,31,619,663,549,255
9052,26,5,605,76,4408,4368,31,614,663,549,255
9102,44,54,629,76,4439,4393,31,607,663,549,255
9152,35,81,648,76,4464,4426,31,603,663,549,255
9202,44,80,649,76,4484,4463,31,614,663,549,255
9252,53,80,649,76,4500,4504,31,620,663,549,255
9302,53,92,653,76,4516,4546,31,612,663,549,255
9352,35,58,645,76,4530,4589,31,613,663,549,255
9402,53,-10,608,76,4547,4632,31,629,663,549,255
9452,35,-33,589,76,4571,4668,31,613,663,549,255
9502,44,-46,582,76,4602,4697,31,620,663,549,255
9552,44,-44,581,76,4636,4720,31,622,663,549,255
9602,44,-54,578,76,4672,4743,31,621,663,549,255
9652,44,-50,578,76,4710,4764,31,616,663,549,255
9702,44,-52,577,76,4750,4786,31,617,663,549,255
9752,35,-47,578,76,4790,4806,31,626,663,549,255
9802,35,-55,578,76,4832,4827,31,610,663,549,255
9852,44,-52,578,76,4872,4847,31,614,663,549,255
9902,53,-50,577,76,4914,4867,31,615,663,549,255
9952,44,-35,583,76,4956,4887,31,616,663,549,255
10002,44,34,614,76,4997,4909,31,612,663,549,255
10052,44,82,649,76,5029,4939,31,604,663,549,255
10102,53,24,626,76,5053,4976,31,623,663,549,255
10152,44,-27,598,76,5079,5011,31,637,663,549,255
10202,44,-60,578,76,5111,5042,31,619,663,549,255
10252,44,-58,575,76,5148,5067,31,620,663,549,255
10302,44,-58,575,76,5188,5087,31,616,663,549,255
10352,35,-64,574,76,5230,5106,31,614,663,549,255
10402,44,-69,572,76,5274,5123,31,623,663,549,255
10452,35,-67,571,76,5317,5139,31,613,663,549,255
10502,44,-73,570,76,5361,5155,31,611,663,549,255
10552,44,-70,570,76,5405,5170,31,611,663,549,255
10602,35,-72,569,76,5449,5184,31,618,663,549,255
10652,53,-74,568,76,5492,5198,31,612,663,549,255
10702,35,-75,568,76,5536,5211,31,612,663,549,255
10752,35,-81,567,76,5578,5224,31,612,663,549,255
10802,44,-78,567,76,5622,5236,31,622,663,549,255
10852,44,-67,571,76,5666,5248,31,616,663,549,255
10902,35,93,638,76,5706,5264,31,607,663,549,255
10952,44,-83,584,76,5737,5291,31,623,663,549,255
11002,44,-77,568,76,5771,5313,31,629,663,549,255
11052,35,-79,567,76,5808,5329,31,633,663,549,255
11102,35,-79,567,76,5849,5344,31,612,663,549,255
11152,44,-78,568,76,5889,5356,31,610,663,549,255
11202,35,-81,569,76,5931,5368,31,616,663,549,255
11252,44,-75,570,76,5971,5381,31,608,663,549,255
11302,35,-79,568,76,6012,5394,31,627,663,549,255
11352,26,-100,559,76,6052,5404,31,687,663,549,255
11402,35,100,536,76,6091,5414,31,688,663,549,255
11452,44,45,507,76,6113,5439,31,734,663,549,255
11502,44,47,500,78,6133,5472,31,619,663,549,255
11552,35,27,488,80,6156,5508,31,599,663,549,255
11602,44,38,497,80,6177,5546,31,613,663,549,255
11652,44,30,493,80,6198,5583,31,620,663,549,255
11702,44,11,486,80,6218,5620,31,625,663,549,255
11752,44,-5,478,80,6241,5654,31,624,663,549,255
11802,53,26,489,80,6268,5688,31,618,663,549,255
11852,35,79,512,80,6293,5722,31,613,663,549,255
11902,35,100,641,80,6317,5759,31,623,663,549,255
11952,35,78,659,80,6337,5798,31,612,663,549,255
12002,44,80,662,83,6355,5842,31,624,663,549,255
12052,44,90,667,87,6371,5887,31,623,663,549,255
12102,44,100,670,87,6382,5934,31,687,663,549,255
12152,26,100,673,87,6391,5979,31,652,663,549,255
12202,26,-100,680,89,6401,6023,31,665,663,549,255
12252,44,100,682,91,6414,6064,31,662,663,549,255
12302,35,100,683,93,6428,6107,31,650,663,549,255
12352,35,100,684,93,6442,6147,31,691,663,549,255
12402,44,100,683,94,6459,6184,31,738,663,549,255
12452,35,-100,686,94,6478,6216,31,765,663,549,255
12502,35,-100,689,94,6508,6238,31,823,663,549,255
12552,35,100,677,94,6540,6254,31,930,663,549,255
12602,44,50,642,94,6560,6286,31,1005,663,549,255
12652,44,100,671,94,6579,6326,31,647,663,549,21
12702,44,-96,694,94,6604,6360,31,608,663,549,12
12752,53,-91,705,94,6642,6383,31,723,663,549,6
12802,35,-87,704,94,6686,6400,31,518,663,549,6
12852,53,-80,705,94,6732,6416,31,553,663,549,10
12902,35,-92,700,94,6781,6430,31,475,663,549,8
12952,44,-100,688,94,6831,6444,31,412,663,549,7
13002,53,91,666,94,6879,6459,31,300,663,549,7
13052,44,100,670,94,6910,6490,31,705,663,549,6
13102,44,100,664,94,6930,6532,31,720,663,549,7
13152,35,100,667,94,6944,6578,31,609,663,549,6
13202,44,100,666,94,6955,6626,31,630,663,549,7
13252,44,100,666,94,6966,6674,31,615,663,549,7
13302,44,100,667,94,6976,6724,31,612,663,549,7
13352,44,100,667,94,6985,6774,31,616,663,549,7
13402,44,100,668,94,6995,6825,31,618,663,549,7
13452,44,100,669,94,7004,6876,31,614,663,549,7
13502,44,100,668,94,7014,6926,31,613,663,549,7
13552,44,100,668,94,7024,6976,31,615,663,549,7
13602,35,100,668,94,7034,7027,31,616,663,549,7
13652,44,100,668,94,7043,7077,31,617,663,549,7
13702,44,100,668,94,7053,7128,31,588,663,549,7
13752,44,100,668,94,7064,7178,31,610,663,549,7
13802,53,-100,671,94,7079,7224,31,655,663,549,7
13852,44,-100,674,94,7102,7262,31,659,663,549,7
13902,44,-100,677,94,7141,7286,31,622,663,549,6
13952,53,-100,676,94,7185,7302,31,558,663,549,6
14002,44,-100,668,94,7233,7315,31,611,663,549,6
14052,44,-100,669,94,7271,7338,31,594,663,549,6
14102,44,-100,668,94,7304,7367,31,630,663,549,7
14152,44,-100,667,94,7336,7396,31,609,663,549,7
14202,44,-100,667,94,7372,7423,31,601,663,549,6
14252,53,-100,668,94,7404,7452,31,411,663,549,7
14302,44,-100,665,94,7437,7482,31,653,663,549,7
14352,44,100,664,94,7468,7512,31,614,663,549,7
14402,44,100,663,94,7495,7548,31,622,663,549,6
14452,44,100,662,94,7514,7590,31,629,663,549,6
14502,35,100,661,94,7532,7633,31,602,663,549,6
14552,44,100,661,94,7546,7678,31,629,663,549,6
14602,44,100,660,94,7560,7724,31,610,663,549,6
14652,44,-100,661,94,7573,7770,31,652,663,549,6
14702,44,100,660,94,7586,7816,31,607,663,549,7
14752,44,-100,660,94,7598,7864,31,606,663,549,7
14802,26,-100,660,94,7611,7912,31,603,663,549,7
14852,44,100,660,94,7628,7955,31,632,663,549,7
14902,35,-100,666,94,7646,7997,31,607,663,549,7
14952,44,-100,668,94,7677,8026,31,609,663,549,6
15002,44,-100,670,94,7719,8045,31,611,663,549,7
15052,53,-100,670,94,7765,8058,31,632,663,549,7
15102,44,-100,672,94,7815,8069,31,620,663,549,7
15152,44,-100,672,94,7865,8079,31,614,663,549,7
15202,35,-100,671,94,7916,8088,31,602,663,549,7
15252,44,-100,664,94,7966,8098,31,641,663,549,7
15302,53,-100,669,94,8018,8108,31,589,663,549,7
15352,35,-100,667,94,8068,8117,31,635,663,549,6
15402,35,-100,667,94,8120,8126,31,662,663,549,6
15452,44,-100,665,94,8172,8136,31,605,663,549,6
15502,44,-100,666,94,8224,8146,31,613,663,549,7
15552,53,-100,666,94,8275,8155,31,620,663,549,7
15602,44,-100,667,94,8326,8165,31,612,663,549,7
15652,44,-100,667,94,8378,8174,31,620,663,549,7
15702,44,-100,667,94,8429,8184,31,617,663,549,7
15752,44,-99,667,94,8481,8194,31,616,663,549,7
15802,44,-99,667,94,8533,8203,31,615,663,549,7
15852,35,-98,667,94,8584,8213,31,618,663,549,7
15902,35,-97,667,94,8636,8222,31,627,663,549,7
15952,44,-100,666,94,8687,8232,31,608,663,549,7
16002,53,-95,667,94,8739,8242,31,614,663,549,7
16052,44,-95,667,94,8790,8252,31,619,663,549,7
16102,53,-94,667,94,8842,8262,31,617,663,549,7
16152,44,-93,667,94,8894,8272,31,617,663,549,7
16202,44,-98,666,94,8946,8281,31,617,663,549,7
16252,35,-98,666,94,8997,8291,31,617,663,549,7
16302,44,-97,666,94,9049,8301,31,583,663,549,7
16352,35,-92,666,94,9100,8311,31,620,663,549,7
16402,53,-97,665,94,9152,8321,31,623,663,549,7
16452,35,-94,666,94,9203,8331,31,610,663,549,7
16502,44,-90,666,94,9256,8341,31,620,663,549,7
16552,53,-89,666,94,9307,8352,31,618,663,549,7
16602,35,-88,666,94,9359,8362,31,618,663,549,7
16652,35,-87,666,94,9410,8372,31,620,663,549,7
16702,53,-86,666,94,9462,8384,31,618,663,549,7
16752,44,-86,666,94,9513,8394,31,618,663,549,7
16802,53,-91,665,94,9565,8406,31,614,663,549,7
16852,35,-84,666,94,9616,8417,31,620,663,549,7
16902,44,-89,665,94,9668,8429,31,617,663,549,7
16952,44,-89,665,94,9719,8441,31,618,663,549,7
17002,44,-84,665,94,9771,8453,31,614,663,549,7
17052,44,-87,665,94,9822,8466,31,617,663,549,7
17102,44,-80,666,94,9874,8478,31,616,663,549,7
17152,44,-80,666,94,9926,8491,31,620,663,549,7
17202,53,-79,666,94,9978,8504,31,619,663,549,7
17252,35,-78,666,94,10029,8517,31,615,663,549,7
17302,44,-83,665,94,10081,8531,31,628,663,549,7
17352,53,-78,665,94,10132,8544,31,618,663,549,7
17402,44,-78,665,94,10184,8558,31,605,663,549,7
17452,44,-77,665,94,10235,8572,31,599,663,549,7
17502,53,-82,664,94,10287,8586,31,608,663,549,7
17552,35,-77,664,94,10338,8599,31,622,663,549,7
17602,44,-80,664,94,10391,8613,31,605,663,549,6
17652,44,-76,664,94,10442,8627,31,614,663,549,6
17702,53,-83,662,94,10494,8641,31,612,663,549,6
17752,44,-82,662,94,10545,8654,31,621,663,549,6
17802,44,-75,663,94,10597,8668,31,590,663,549,6
17852,53,-73,664,94,10648,8682,31,606,663,549,6
17902,44,-76,662,94,10700,8697,31,661,663,549,6
17952,44,-73,665,94,10751,8711,31,594,663,549,6
18002,44,-75,664,94,10803,8727,31,616,663,549,7
18052,53,-70,664,94,10854,8742,31,624,663,549,6
18102,53,-73,664,94,10906,8758,31,612,663,549,7
18152,53,-72,664,94,10958,8774,31,612,663,549,7
18202,44,-72,664,94,11010,8790,31,619,663,549,7
18252,44,-71,664,94,11061,8806,31,617,663,549,7
18302,53,-66,664,94,11113,8824,31,615,663,549,7
18352,53,-69,664,94,11164,8840,31,615,663,549,7
18402,53,-69,664,94,11217,8858,31,612,663,549,7
18452,44,-64,664,94,11268,8875,31,616,663,549,7
18502,53,-63,664,94,11320,8893,31,618,663,549,7
18552,53,-62,664,94,11371,8910,31,616,663,549,7
18602,53,-66,664,94,11423,8928,31,616,663,549,7
18652,44,-61,664,94,11474,8946,31,615,663,549,7
18702,53,-66,663,94,11527,8964,31,611,663,549,7
18752,53,-63,664,94,11578,8982,31,610,663,549,7
18802,44,-58,664,94,11630,9000,31,619,663,549,6
18852,53,-58,664,94,11681,9019,31,611,663,549,7
18902,53,-57,664,94,11732,9038,31,615,663,549,7
18952,53,-56,664,94,11784,9056,31,616,663,549,7
19002,53,-55,664,94,11835,9075,31,617,663,549,7
19052,44,-59,664,94,11886,9094,31,615,663,549,7
19102,62,-52,665,94,11937,9114,31,610,663,549,7
19152,44,-51,665,94,11987,9133,31,638,663,549,7
19202,53,-51,665,94,12038,9154,31,615,663,549,7
19252,44,-54,665,94,12087,9174,31,623,663,549,7
19302,44,-51,666,94,12138,9195,31,628,663,549,6
19352,53,-48,665,94,12187,9216,31,618,663,549,6
19402,53,-52,665,94,12236,9238,31,610,663,549,7
19452,53,-51,665,94,12285,9260,31,615,663,549,7
19502,44,-50,665,94,12334,9282,31,619,663,549,7
19552,44,-49,665,94,12382,9304,31,616,663,549,7
19602,53,-48,665,94,12430,9327,31,616,663,549,7
19652,44,-42,666,94,12478,9350,31,617,663,549,7
19702,53,-41,666,94,12527,9372,31,617,663,549,7
19752,53,-40,666,94,12575,9395,31,619,663,549,7
19802,53,-39,666,94,12623,9418,31,616,663,549,7
19852,53,-39,666,94,12670,9441,31,616,663,549,7
19902,44,-38,666,94,12717,9464,31,616,663,549,7
19952,53,-37,666,94,12763,9488,31,618,663,549,7
20002,53,-36,666,94,12810,9512,31,614,663,549,7
20052,53,-36,666,94,12857,9536,31,615,663,549,7
20102,53,-35,666,94,12904,9560,31,618,663,549,7
20152,53,-34,666,94,12950,9585,31,617,663,549,7
20202,53,-41,664,94,12996,9610,31,614,663,549,7
20252,53,-34,665,94,13042,9635,31,618,663,549,7
20302,53,-38,665,94,13088,9660,31,614,663,549,6
20352,44,-31,666,94,13133,9684,31,615,663,549,6
20402,44,-30,666,94,13179,9710,31,619,663,549,6
20452,53,-35,665,94,13224,9735,31,614,663,549,7
20502,44,-35,665,94,13270,9760,31,616,663,549,7
20552,53,-30,665,94,13314,9786,31,617,663,549,7
20602,53,-33,665,94,13359,9812,31,618,663,549,7
20652,62,-28,665,94,13403,9838,31,617,663,549,6
20702,53,-27,665,94,13447,9864,31,609,663,549,7
20752,44,-31,665,94,13491,9891,31,621,663,549,7
20802,53,-30,665,94,13535,9918,31,618,663,549,6
20852,53,-29,665,94,13578,9945,31,615,663,549,6
20902,44,-29,665,94,13622,9973,31,619,663,549,6
20952,44,-22,666,94,13665,10000,31,620,663,549,6
21002,53,-27,665,94,13708,10028,31,617,663,549,7
21052,53,-20,666,94,13750,10056,31,617,663,549,7
21102,53,-25,665,94,13793,10085,31,603,663,549,7
21152,53,-25,665,94,13835,10113,31,611,663,549,7
21202,62,-18,666,94,13877,10142,31,611,663,549,7
21252,53,-17,666,94,13919,10170,31,618,663,549,6
21302,53,-22,665,94,13961,10199,31,619,663,549,6
21352,53,-22,665,94,14002,10228,31,624,663,549,7
21402,53,-21,665,94,14044,10258,31,614,663,549,7
21452,44,-14,666,94,14084,10287,31,614,663,549,7
21502,44,-13,666,94,14125,10318,31,615,663,549,7
21552,44,-13,666,94,14166,10348,31,616,663,549,6
21602,44,-12,666,94,14206,10378,31,615,663,549,7
21652,44,-19,664,94,14246,10408,31,614,663,549,7
21702,53,-20,663,94,14287,10439,31,614,663,549,6
21752,53,-13,664,94,14328,10468,31,626,663,549,6
21802,44,-9,666,94,14368,10498,31,608,663,549,7
21852,44,-8,666,94,14408,10529,31,617,663,549,6
21902,44,-13,665,94,14447,10560,31,618,663,549,6
21952,44,-6,666,94,14486,10592,31,617,663,549,6
22002,44,-6,666,94,14525,10624,31,617,663,549,7
22052,53,-5,666,94,14563,10656,31,614,663,549,6
22102,62,-4,666,94,14602,10688,31,607,663,549,7
22152,53,-9,665,94,14640,10720,31,602,663,549,7
22202,53,-10,664,94,14679,10754,31,609,663,549,7
22252,44,-7,663,94,14717,10786,31,626,663,549,6
22302,53,-5,664,94,14756,10818,31,621,663,549,6
22352,44,6,667,94,14793,10850,31,639,663,549,7
22402,53,-6,665,94,14831,10883,31,602,663,549,7
22452,44,-5,665,94,14868,10916,31,632,663,549,7
22502,53,2,666,94,14905,10950,31,610,663,549,6
22552,62,3,666,94,14941,10983,31,615,663,549,7
22602,71,-2,665,94,14978,11018,31,619,663,549,7
22652,35,4,666,94,15014,11052,31,614,663,549,7
22702,44,5,666,94,15050,11087,31,618,663,549,7
22752,44,6,666,94,15086,11122,31,619,663,549,7
22802,53,7,666,94,15122,11157,31,616,663,549,7
22852,44,7,666,94,15158,11192,31,616,663,549,7
22902,53,2,665,94,15193,11227,31,614,663,549,7
22952,44,9,666,94,15228,11262,31,616,663,549,7
23002,44,4,665,94,15263,11298,31,618,663,549,7
23052,53,10,666,94,15297,11333,31,613,663,549,7
23102,53,5,665,94,15332,11370,31,615,663,549,6
23152,53,12,666,94,15367,11406,31,617,663,549,6
23202,53,7,665,94,15401,11442,31,613,663,549,6
23252,53,8,665,94,15435,11479,31,617,663,549,7
23302,53,12,665,94,15470,11516,31,617,663,549,7
23352,53,19,666,94,15503,11552,31,617,663,549,7
23402,53,10,665,94,15537,11590,31,618,663,549,7
23452,44,11,665,94,15570,11626,31,615,663,549,7
23502,62,17,666,94,15603,11664,31,618,663,549,7
23552,53,18,666,94,15636,11701,31,612,663,549,7
23602,44,19,666,94,15668,11739,31,615,663,549,7
23652,62,20,666,94,15701,11777,31,620,663,549,7
23702,53,15,665,94,15734,11816,31,616,663,549,7
23752,44,15,665,94,15766,11854,31,618,663,549,7
23802,53,22,666,94,15798,11893,31,620,663,549,7
23852,53,11,664,94,15829,11931,31,621,663,549,6
23902,62,18,665,94,15861,11970,31,611,663,549,7
23952,44,16,664,94,15892,12008,31,618,663,549,6
24002,44,19,665,94,15924,12048,31,614,663,549,6
24052,53,20,665,94,15954,12086,31,623,663,549,6
24102,53,15,664,94,15985,12126,31,600,663,549,6
24152,44,20,664,94,16016,12166,31,619,663,549,7
24202,53,20,664,94,16047,12206,31,619,663,549,6
24252,53,27,665,94,16077,12246,31,609,663,549,6
24302,53,30,666,94,16108,12286,31,618,663,549,6
24352,44,30,666,94,16137,12326,31,621,663,549,7
24402,44,27,666,94,16167,12366,31,628,663,549,7
24452,53,34,667,94,16196,12407,31,618,663,549,7
24502,53,36,668,94,16224,12449,31,621,663,549,7
24552,44,35,669,94,16252,12491,31,630,663,549,7
24602,53,36,669,94,16279,12534,31,603,663,549,7
24652,53,39,668,94,16306,12578,31,627,663,549,7
24702,44,37,669,94,16333,12621,31,613,663,549,7
24752,44,44,670,94,16360,12664,31,621,663,549,7
24802,62,41,670,94,16386,12708,31,619,663,549,7
24852,53,42,670,94,16411,12752,31,627,663,549,8
24902,53,40,671,94,16437,12797,31,611,663,549,8
24952,53,39,670,94,16461,12842,31,616,663,549,8
25002,53,48,672,94,16486,12888,31,628,663,549,7
25052,53,47,671,94,16509,12934,31,611,663,549,6
25102,53,46,670,94,16534,12980,31,628,663,549,7
25152,53,45,669,94,16557,13026,31,633,663,549,7
25202,53,52,670,94,16581,13072,31,622,663,549,8
25252,44,53,670,94,16604,13118,31,634,663,549,7
25302,53,55,671,94,16628,13165,31,642,663,549,7
25352,53,56,671,94,16650,13212,31,627,663,549,8
25402,53,53,669,94,16673,13259,31,591,663,549,7
25452,44,48,666,94,16695,13306,31,621,663,549,7
25502,53,34,662,94,16719,13352,31,604,663,549,7
25552,44,44,665,94,16743,13397,31,626,663,549,7
25602,53,45,665,94,16767,13443,31,617,663,549,6
25652,44,47,666,94,16790,13488,31,613,663,549,7
25702,44,42,665,94,16811,13535,31,627,663,549,7
25752,53,45,666,94,16831,13581,31,614,663,549,7
25802,44,42,664,94,16848,13628,31,627,663,549,7
25852,44,43,662,94,16867,13674,31,613,663,549,7
25902,44,55,666,94,16889,13720,31,615,663,549,6
25952,53,52,664,94,16911,13766,31,620,663,549,6
26002,53,57,664,94,16934,13812,31,610,663,549,7
26052,44,46,662,94,16957,13858,31,619,663,549,6
26102,53,49,663,94,16981,13905,31,613,663,549,6
26152,53,48,662,94,17004,13952,31,621,663,549,6
26202,53,46,661,94,17027,13998,31,611,663,549,7
26252,44,41,660,94,17050,14044,31,610,663,549,7
26302,44,48,661,94,17074,14091,31,615,663,549,6
26352,44,45,659,94,17097,14137,31,616,663,549,7
26402,35,46,659,94,17122,14183,31,609,663,549,7
26452,53,52,660,94,17145,14229,31,623,663,549,7
26502,44,47,659,94,17169,14276,31,604,663,549,6
26552,53,54,660,94,17192,14322,31,628,663,549,7
26602,53,48,659,94,17215,14369,31,601,663,549,6
26652,53,47,658,94,17238,14416,31,600,663,549,6
26702,44,75,668,94,17255,14463,31,651,663,549,6
26752,35,79,672,94,17260,14511,31,653,663,549,7
26802,35,83,674,94,17260,14560,31,607,663,549,7
26852,35,78,673,94,17260,14610,31,628,663,549,7
26902,35,91,677,94,17260,14660,31,642,663,549,7
26952,35,97,680,94,17260,14710,31,680,663,549,7
27002,35,96,681,94,17260,14760,31,575,663,549,8
27052,35,100,687,94,17262,14811,31,599,663,549,9
27102,44,100,689,94,17268,14862,31,592,663,549,22
27152,44,100,685,94,17276,14912,31,585,663,549,8
27202,53,85,675,94,17285,14963,31,559,663,549,9
27252,44,73,668,94,17297,15014,31,618,663,549,10
27302,44,79,669,94,17310,15064,31,628,663,549,13
27352,53,88,673,94,17324,15115,31,587,663,549,15
27402,44,73,667,94,17338,15166,31,482,663,549,18
27452,53,42,652,94,17353,15216,31,422,663,549,21
27502,53,19,637,94,17374,15265,31,356,663,549,27
27552,44,18,632,94,17399,15309,31,340,663,549,34
27602,44,18,634,94,17429,15351,31,296,663,549,43
27652,53,26,638,94,17458,15391,31,243,663,549,255
27702,53,49,646,94,17488,15433,31,300,663,549,40
27752,62,61,654,94,17514,15476,31,353,663,549,255
27802,53,68,660,94,17538,15522,31,469,663,549,255
27852,44,71,661,94,17558,15570,31,543,663,549,255
27902,44,68,659,94,17576,15620,31,582,663,549,255
27952,44,63,656,94,17595,15669,31,562,663,549,255
28002,53,62,655,94,17614,15720,31,567,663,549,255
28052,53,66,657,94,17633,15769,31,525,663,549,255
28102,44,69,658,94,17652,15820,31,565,663,549,255
,,,,,,,,,,,
