0,0,0,615,92,0,0,0,0,0,0,0
21,0,0,615,92,0,0,0,0,0,0,0
71,0,0,615,92,0,0,0,0,0,0,0
121,0,0,615,92,0,0,0,0,0,0,0
171,0,0,614,92,0,0,0,0,0,0,0
221,0,0,615,92,0,0,0,0,0,0,0
271,0,0,615,92,0,0,0,0,0,0,0
321,0,0,614,92,0,0,0,0,0,0,0
371,0,0,614,92,0,0,0,0,0,0,0
421,0,0,615,92,0,0,0,0,0,0,0
471,0,0,615,92,0,0,0,0,0,0,0
521,0,0,615,92,0,0,0,0,0,0,0
571,0,0,615,92,0,0,0,0,0,0,0
621,0,0,615,92,0,0,0,0,0,0,0
671,0,0,615,92,0,0,0,0,0,0,0
721,0,0,615,92,0,0,0,0,0,0,0
771,0,0,615,92,0,0,0,0,0,0,0
821,0,0,615,92,0,0,0,0,0,0,0
871,0,0,615,92,0,0,0,0,0,0,0
921,0,0,615,92,0,0,0,0,0,0,0
971,0,0,615,92,0,0,0,0,0,0,0
1021,0,0,614,92,1,1,0,0,0,0,0
1071,0,-11,616,92,13,14,0,0,0,0,0
1121,0,-15,612,89,29,30,0,2,0,2,0
1171,0,-29,609,83,46,48,0,3,0,3,0
1221,0,-20,606,79,67,67,0,4,0,4,0
1271,0,-11,608,77,88,86,0,6,0,6,0
1321,1,3,608,77,109,103,0,7,1,7,0
1371,1,-13,607,77,129,120,0,8,2,8,0
1421,1,1,607,77,151,138,0,10,3,10,0
1471,1,13,610,77,173,156,0,11,4,11,0
1521,1,10,612,77,196,176,0,13,5,13,0
1571,1,21,615,77,218,196,0,14,5,14,0
1621,2,14,619,77,239,215,0,16,6,16,0
1671,2,22,623,77,259,238,0,17,5,17,0
1721,2,10,624,77,279,260,0,19,4,19,0
1771,2,14,626,77,299,284,1,20,3,20,0
1821,2,4,624,77,317,308,1,22,2,22,0
1871,2,-5,619,77,337,332,1,23,1,23,0
1921,3,-5,614,77,357,356,1,25,0,25,0
1971,3,-15,610,77,378,378,1,26,0,27,0
2021,3,-16,605,77,400,399,1,28,0,28,0
2071,3,-4,604,77,423,419,1,30,1,30,0
2121,3,-4,604,77,447,438,1,31,2,31,0
2171,3,-9,606,77,470,456,1,33,3,33,0
2221,4,3,608,77,493,474,1,34,5,34,0
2271,4,14,611,77,516,492,1,36,6,36,0
2321,4,0,614,77,537,511,1,37,6,37,0
2371,4,13,618,77,558,531,1,38,6,38,0
2421,4,-6,619,77,578,551,2,40,6,40,0
2471,4,-6,622,77,598,572,2,41,6,41,0
2521,5,-2,624,77,617,594,2,43,5,43,0
2571,5,2,623,77,636,618,2,44,4,44,0
2621,5,2,623,77,655,640,2,46,3,46,0
2671,5,-7,621,77,674,664,2,47,2,47,0
2721,5,5,617,77,694,686,2,49,1,49,0
2771,5,-15,613,77,714,709,2,50,1,50,0
2821,6,-7,610,77,735,731,2,52,1,52,0
2871,6,-26,607,77,757,752,2,53,1,53,0
2921,6,2,607,77,780,772,2,55,2,55,0
2971,6,-13,607,77,803,792,3,56,2,57,0
3021,6,-5,608,77,825,810,3,58,3,58,0
3071,6,7,610,77,848,829,3,59,4,60,0
3121,7,17,613,77,869,848,3,61,5,61,0
3171,7,9,616,77,890,868,3,62,5,62,0
3221,7,27,618,77,910,888,3,64,5,64,0
3271,7,15,619,77,930,908,3,65,5,65,0
3321,7,0,622,77,949,928,3,66,5,67,0
3371,7,2,623,77,968,950,4,68,4,68,0
3421,8,2,623,77,987,972,4,69,3,70,0
3471,8,18,624,77,1006,995,4,71,2,71,0
3521,8,1,622,77,1024,1018,4,72,1,72,0
3571,8,-7,618,77,1044,1040,4,74,0,74,0
3621,8,0,614,77,1064,1062,4,75,0,76,0
3671,8,-15,609,77,1085,1084,4,77,0,77,0
3721,9,-26,607,77,1107,1105,4,78,0,79,0
3771,9,-14,606,77,1130,1125,4,80,1,80,0
3821,9,-16,605,77,1153,1144,4,81,2,82,0
3871,9,2,607,77,1175,1163,4,83,3,83,0
3921,9,5,609,77,1197,1181,4,84,4,85,0
3971,9,-5,611,77,1219,1200,4,86,4,86,0
4021,10,0,614,77,1239,1218,4,87,5,87,0
4071,10,1,615,77,1259,1238,4,89,5,89,0
4121,10,7,618,77,1279,1257,5,90,5,90,0
4171,10,17,620,77,1300,1277,5,91,5,92,0
4221,10,20,621,77,1319,1298,5,93,5,93,0
4271,10,16,623,77,1339,1320,5,94,4,95,0
4321,11,24,624,77,1357,1342,5,96,3,96,0
4371,11,2,623,77,1376,1366,5,97,2,98,0
4421,11,13,621,77,1395,1388,5,99,2,99,0
4471,11,-1,616,77,1415,1411,5,100,1,101,0
4521,11,-14,614,77,1435,1433,5,102,0,102,0
4571,11,-5,611,77,1456,1455,5,103,0,104,0
4621,12,-10,608,77,1478,1476,5,105,0,105,0
4671,12,-20,606,77,1500,1496,5,106,1,107,0
4721,12,-19,599,77,1523,1515,5,108,2,108,0
4771,12,-26,592,77,1547,1531,5,109,4,110,0
4821,12,12,603,77,1573,1546,6,111,6,111,0
4871,12,13,618,77,1597,1564,6,112,8,113,0
4921,13,24,624,77,1616,1583,6,114,8,114,0
4971,13,26,625,76,1632,1603,6,115,7,115,0
5021,13,12,625,76,1647,1622,6,116,6,116,0
5071,13,28,626,76,1662,1641,6,117,5,118,0
5121,13,34,625,76,1677,1660,7,119,4,119,0
5171,13,1,622,76,1693,1680,7,120,3,120,0
5221,14,-10,616,76,1710,1700,7,121,2,121,0
5271,14,-1,613,76,1728,1720,7,123,2,123,0
5321,14,9,611,76,1747,1737,7,124,2,124,0
5371,14,6,609,76,1766,1754,7,125,3,125,0
5421,14,-4,608,76,1786,1771,7,126,3,127,0
5471,14,-12,607,76,1807,1789,7,128,4,128,0
5521,15,-28,606,76,1827,1806,7,129,5,129,0
5571,15,-14,606,76,1847,1824,7,131,5,131,0
5621,15,9,608,76,1867,1841,7,132,6,132,0
5671,15,3,608,76,1885,1859,8,133,6,133,0
5721,15,-9,609,76,1903,1876,8,134,6,135,0
5771,15,-9,609,76,1922,1893,8,136,7,136,0
5821,16,9,611,76,1940,1909,8,137,7,137,0
5871,16,-2,613,76,1957,1925,8,138,8,138,0
5921,16,1,615,76,1974,1941,8,139,8,140,0
5971,16,23,616,76,1991,1958,9,140,8,141,0
6021,16,3,616,76,2007,1974,9,141,8,142,0
6071,16,19,617,76,2024,1990,9,143,8,143,0
6121,17,-7,618,76,2041,2006,9,144,8,144,0
6171,17,-3,620,76,2057,2024,9,145,8,146,0
6221,17,25,620,76,2073,2042,9,146,8,147,0
6271,17,13,621,76,2089,2061,10,147,7,148,0
6321,17,17,620,76,2105,2080,10,149,6,149,0
6371,17,1,618,76,2122,2098,10,150,6,150,0
6421,18,19,617,76,2139,2117,10,151,5,152,0
6471,18,2,615,76,2157,2136,10,153,5,153,0
6521,18,-1,613,76,2173,2154,10,154,4,154,0
6571,18,-9,609,76,2191,2173,10,155,4,156,0
6621,18,-30,608,76,2208,2191,10,156,4,157,0
6671,18,2,607,76,2226,2208,11,158,4,158,0
6721,19,-14,606,76,2243,2224,11,159,4,159,0
6771,19,-4,606,76,2261,2241,11,160,5,161,0
6821,19,-8,606,76,2279,2256,11,161,5,162,0
6871,19,1,607,76,2298,2271,11,162,6,163,0
6921,19,-1,610,76,2316,2286,11,164,7,164,0
6971,19,-1,611,76,2333,2301,11,165,8,165,0
7021,20,17,613,76,2349,2316,11,166,8,166,0
7071,20,-16,613,76,2365,2332,12,167,8,168,0
7121,20,14,614,76,2382,2347,12,168,9,169,0
7171,20,1,615,76,2400,2362,12,169,9,170,0
7221,20,23,616,76,2416,2378,12,170,9,171,0
7271,20,-9,617,76,2433,2394,12,172,9,172,0
7321,21,15,619,76,2451,2411,13,173,10,173,0
7371,21,9,619,76,2467,2429,13,174,9,175,0
7421,21,-7,618,76,2484,2446,13,175,9,176,0
7471,21,0,614,76,2501,2464,13,176,9,177,0
7521,21,-5,611,76,2519,2482,13,178,9,178,0
7571,21,-27,607,76,2536,2500,14,179,9,180,0
7621,22,-36,602,76,2555,2516,14,180,9,181,0
7671,22,-31,597,76,2577,2534,14,182,10,182,0
7721,22,-17,597,77,2603,2551,14,183,12,184,0
7771,22,0,603,77,2632,2570,15,185,15,186,0
7821,22,-6,611,77,2659,2590,15,186,17,187,0
7871,22,7,623,77,2685,2612,16,188,18,189,0
7921,23,36,631,77,2706,2634,16,189,17,191,0
7971,23,34,637,77,2725,2660,17,191,16,192,0
8021,23,33,637,77,2742,2687,17,192,13,194,0
8071,23,29,633,77,2759,2715,18,194,11,195,0
8121,23,7,629,77,2776,2744,18,196,8,197,0
8171,23,5,620,77,2795,2772,18,197,5,199,0
8221,24,2,615,77,2815,2798,18,199,4,200,0
8271,24,-18,607,77,2838,2821,18,201,4,202,0
8321,24,-25,600,77,2863,2842,18,202,5,204,0
8371,24,0,601,77,2889,2862,19,204,6,205,0
8421,24,-12,600,77,2915,2882,19,205,8,207,0
8471,24,-18,601,77,2942,2902,19,207,10,209,0
8521,25,-9,606,77,2968,2921,19,209,11,210,0
8571,25,13,610,77,2994,2941,20,210,13,212,0
8621,25,23,616,77,3019,2962,20,212,14,213,0
8671,25,6,622,77,3041,2984,21,214,14,215,0
8721,25,34,625,77,3063,3008,21,215,14,217,0
8771,25,35,630,77,3083,3032,21,217,12,218,0
8821,26,31,628,77,3102,3056,22,218,11,220,0
8871,26,11,628,77,3121,3082,22,220,9,221,0
8921,26,14,626,77,3141,3108,22,221,8,223,0
8971,26,19,621,77,3162,3134,22,223,7,225,0
9021,26,-14,617,77,3183,3159,23,225,6,226,0
9071,26,-1,613,77,3206,3182,23,226,6,228,0
9121,27,2,607,77,3229,3206,23,228,6,230,0
9171,27,4,605,77,3254,3228,23,230,6,231,0
9221,27,-20,603,77,3279,3248,23,231,7,233,0
9271,27,-6,603,77,3305,3269,24,233,9,235,0
9321,27,4,605,77,3330,3289,24,234,10,236,0
9371,27,3,608,77,3356,3309,24,236,11,238,0
9421,28,3,613,77,3381,3330,25,238,12,240,0
9471,28,-3,617,77,3404,3351,25,239,13,241,0
9521,28,20,622,77,3427,3373,25,241,13,243,0
9571,28,20,625,76,3447,3395,26,242,13,244,0
9621,28,18,624,76,3467,3419,26,244,12,246,0
9671,28,-4,625,76,3488,3444,26,245,11,248,0
9721,29,8,626,76,3508,3469,27,247,9,249,0
9771,29,-9,620,76,3529,3496,27,249,8,251,0
9821,29,9,619,76,3549,3519,27,250,7,252,0
9871,29,2,615,76,3572,3544,27,252,7,254,0
9921,29,-7,610,76,3594,3567,28,253,6,256,0
9971,29,-12,607,76,3618,3590,28,255,7,257,0
10021,30,-10,605,76,3642,3611,28,257,7,259,0
10071,30,-10,605,76,3667,3632,28,258,8,261,0
10121,30,-6,607,76,3693,3653,28,260,10,262,0
10171,30,11,609,76,3718,3674,29,262,11,264,0
10221,30,18,613,76,3743,3694,29,263,12,266,0
10271,30,13,618,76,3766,3716,29,265,12,267,0
10321,31,17,620,76,3788,3738,30,266,12,269,0
10371,31,14,622,76,3809,3760,30,268,12,270,0
10421,31,14,622,76,3830,3783,30,269,11,272,0
10471,31,1,622,76,3852,3807,31,271,11,273,0
10521,31,13,621,76,3873,3831,31,273,10,275,0
10571,31,-5,619,76,3894,3856,31,274,9,277,0
10621,32,19,617,76,3916,3878,32,276,9,278,0
10671,32,0,614,76,3938,3902,32,277,9,280,0
10721,32,-3,612,76,3961,3925,32,279,9,282,0
10771,32,-1,610,76,3984,3948,32,281,9,283,0
10821,32,-10,608,76,4007,3970,33,282,9,285,0
10871,32,0,606,76,4030,3992,33,284,9,286,0
10921,33,-6,606,76,4054,4012,33,285,10,288,0
10971,33,0,611,76,4080,4033,34,287,11,290,0
11021,33,25,617,76,4103,4054,34,288,12,291,0
11071,33,17,616,76,4125,4075,34,290,12,293,0
11121,33,-17,612,76,4146,4096,35,291,12,294,0
11171,33,11,617,77,4169,4118,35,293,12,296,0
11221,34,1,619,77,4193,4142,35,295,12,298,0
11271,34,24,624,77,4216,4166,36,296,12,299,0
11321,34,10,627,77,4237,4190,36,298,11,301,0
11371,34,8,626,76,4257,4216,36,300,10,303,0
11421,34,25,624,76,4273,4238,37,301,9,304,0
11471,35,11,620,76,4289,4257,37,302,8,305,0
11521,35,6,617,76,4304,4275,37,303,7,306,0
11571,35,-1,613,76,4321,4294,37,305,6,308,0
11621,35,10,611,76,4337,4311,37,306,6,309,0
11671,35,2,607,76,4355,4327,37,307,7,310,0
11721,36,-12,607,76,4372,4343,38,308,7,311,0
11771,36,-12,607,76,4390,4358,38,309,8,312,0
11821,36,0,606,76,4408,4373,38,310,8,314,0
11871,36,-18,608,76,4425,4388,38,312,9,315,0
11921,36,10,608,76,4443,4402,38,313,10,316,0
11971,37,7,610,76,4461,4416,38,314,11,317,0
12021,37,-10,613,76,4477,4430,39,315,11,318,0
12071,37,0,614,76,4491,4445,39,316,11,319,0
12121,37,-6,615,76,4507,4460,39,317,11,320,0
12171,37,9,616,76,4521,4475,39,318,11,321,0
12221,38,25,617,76,4537,4490,40,319,12,322,0
12271,38,13,618,76,4553,4504,40,320,12,324,0
12321,38,11,620,76,4568,4520,40,321,12,325,0
12371,38,13,621,76,4583,4536,40,322,11,326,0
12421,38,15,622,76,4598,4553,40,323,11,327,0
12471,39,27,621,76,4613,4571,41,325,10,328,0
12521,39,-1,621,76,4628,4588,41,326,9,329,0
12571,39,-3,620,76,4643,4606,41,327,9,330,0
12621,39,8,618,76,4659,4624,41,328,9,332,0
12671,39,6,617,76,4674,4642,41,329,8,333,0
12721,40,14,614,76,4689,4659,42,330,7,334,0
12771,40,-18,611,76,4705,4676,42,332,7,335,0
12821,40,-20,610,76,4721,4692,42,333,7,336,0
12871,40,4,608,76,4739,4708,42,334,7,338,0
12921,40,4,608,76,4755,4724,42,335,8,339,0
12971,41,8,607,76,4773,4738,42,336,8,340,0
13021,41,10,608,76,4790,4753,43,337,9,341,0
13071,41,-4,609,76,4808,4766,43,338,10,342,0
13121,41,16,612,76,4825,4781,43,340,11,343,0
13171,41,-1,613,76,4841,4795,43,341,11,344,0
13221,42,6,614,76,4856,4810,43,342,11,345,0
13271,42,10,616,76,4871,4825,44,343,11,346,0
13321,42,18,616,76,4886,4840,44,344,11,347,0
13371,42,15,619,76,4902,4855,44,345,11,349,0
13421,42,-5,619,76,4917,4870,44,346,11,350,0
13471,43,19,621,76,4932,4886,45,347,11,351,0
13521,43,29,622,76,4947,4904,45,348,11,352,0
13571,43,35,622,76,4962,4921,45,349,10,353,0
13621,43,25,620,76,4976,4939,45,350,9,354,0
13671,43,-3,620,76,4992,4956,45,352,9,355,0
13721,44,14,617,76,5008,4973,46,353,8,357,0
13771,44,2,615,76,5023,4990,46,354,8,358,0
13821,44,-4,611,76,5040,5007,46,355,8,359,0
13871,44,2,607,76,5057,5023,46,356,8,360,0
13921,44,-13,603,76,5074,5038,46,357,8,361,0
13971,45,-5,603,76,5093,5053,46,359,10,363,0
14021,45,1,603,76,5111,5068,47,360,11,364,0
14071,45,-27,603,76,5129,5082,47,361,11,365,0
14121,45,-6,603,76,5147,5095,47,362,13,366,0
14171,45,2,604,76,5166,5109,47,363,14,367,0
14221,46,-36,605,76,5184,5122,48,364,15,368,0
14271,46,-5,608,76,5201,5135,48,365,16,369,0
14321,46,-3,609,76,5217,5148,48,366,17,370,0
14371,46,-7,610,76,5233,5162,49,367,17,371,0
14421,46,4,611,76,5249,5175,49,368,18,372,0
14471,47,9,611,76,5266,5189,49,369,19,374,0
14521,47,6,612,76,5283,5203,50,370,20,375,0
14571,47,-15,613,76,5299,5218,50,371,20,376,0
14621,47,5,614,76,5315,5232,50,372,21,377,0
14671,47,1,615,76,5332,5247,51,373,21,378,0
14721,48,11,617,76,5349,5262,51,374,22,379,0
14771,48,14,614,76,5365,5278,52,376,22,380,0
14821,48,0,614,76,5381,5294,52,377,22,381,0
14871,48,-1,613,76,5398,5310,53,378,22,383,0
14921,48,-10,613,76,5414,5326,53,379,22,384,0
14971,49,7,610,76,5431,5342,53,380,22,385,0
15021,49,-9,609,76,5447,5358,54,381,22,386,0
15071,49,-13,607,76,5465,5374,54,382,23,387,0
15121,49,-6,603,76,5483,5389,55,383,23,388,0
15171,49,-10,601,76,5502,5403,55,384,25,390,0
15221,50,0,603,76,5522,5417,56,385,26,391,0
15271,50,-36,605,76,5542,5431,56,386,28,392,0
15321,50,-42,605,76,5563,5448,57,387,29,393,0
15371,50,-49,601,76,5583,5463,58,389,30,395,0
15421,50,-40,603,76,5605,5479,58,390,31,396,0
15471,50,-40,606,76,5628,5494,59,391,33,397,0
15521,51,-38,607,76,5650,5511,60,392,35,399,0
15571,51,-35,609,76,5673,5528,61,393,36,400,0
15621,51,-33,610,76,5695,5546,62,394,37,402,0
15671,51,-59,612,76,5718,5564,63,396,38,403,0
15721,51,-31,611,76,5741,5582,63,397,40,405,0
15771,51,-57,613,76,5764,5601,64,398,41,406,0
15821,52,-29,612,76,5786,5620,65,399,42,408,0
15871,52,-46,611,76,5808,5640,66,400,42,409,0
15921,52,-50,609,76,5830,5659,67,401,43,410,0
15971,52,-39,607,76,5853,5677,68,402,44,412,0
16021,52,-42,605,76,5876,5695,69,403,45,413,0
16071,52,-46,603,76,5900,5713,71,404,47,415,0
16121,53,-63,602,76,5924,5731,72,405,48,416,0
16171,53,-67,600,76,5948,5748,73,406,50,418,0
16221,53,-54,599,76,5973,5765,74,407,52,419,0
16271,53,-69,599,76,5999,5782,75,408,54,421,0
16321,53,-46,600,76,6025,5798,76,409,57,422,0
16371,53,-51,601,76,6052,5815,78,410,60,424,0
16421,54,-49,602,76,6078,5831,79,410,62,426,0
16471,54,-36,606,76,6105,5848,81,411,65,427,0
16521,54,-40,612,76,6129,5864,82,412,66,429,0
16571,54,-18,616,76,6153,5883,83,412,68,430,0
16621,54,-40,618,76,6175,5902,85,413,68,432,0
16671,54,-44,616,76,6196,5922,86,413,69,433,0
16721,55,-46,615,76,6217,5942,87,414,69,434,0
16771,55,-50,613,76,6239,5962,89,414,70,436,0
16821,55,-47,611,76,6261,5981,90,415,70,437,0
16871,55,-53,608,76,6283,6001,92,415,71,439,0
16921,55,-55,607,76,6306,6020,93,416,72,440,0
16971,55,-51,604,76,6329,6038,94,416,73,442,0
17021,56,-62,603,76,6354,6054,96,417,75,443,0
17071,56,-56,603,76,6379,6072,97,417,77,445,0
17121,56,-61,604,76,6404,6089,99,417,79,446,0
17171,56,-36,606,76,6430,6108,100,417,81,448,0
17221,56,-42,606,76,6455,6126,102,418,83,450,0
17271,56,-31,609,76,6481,6146,104,418,85,451,0
17321,57,-44,610,76,6505,6165,105,418,86,453,0
17371,57,-48,611,76,6529,6185,107,418,87,454,0
17421,57,-44,613,76,6553,6204,108,418,88,456,0
17471,57,-33,614,76,6576,6224,110,418,89,457,0
17521,57,-62,615,76,6598,6244,111,418,89,459,0
17571,57,-55,616,76,6620,6265,113,418,89,461,0
17621,58,-41,615,76,6642,6286,114,418,90,462,0
17671,58,-42,614,76,6664,6306,116,418,90,464,0
17721,58,-27,614,76,6686,6326,117,418,91,465,0
17771,58,-42,614,76,6709,6346,119,418,91,467,0
17821,58,-39,613,76,6731,6366,120,418,92,468,0
17871,58,-57,614,76,6755,6386,122,418,93,470,0
17921,59,-42,614,76,6777,6406,123,418,93,471,0
17971,59,-27,614,76,6800,6426,125,418,94,473,0
18021,59,-35,613,76,6823,6448,127,418,95,474,0
18071,59,-61,612,76,6845,6469,128,417,95,476,0
18121,59,-58,609,76,6869,6491,130,417,95,477,0
18171,59,-42,606,76,6893,6512,131,417,96,479,0
18221,60,-44,610,76,6919,6533,133,417,97,481,0
18271,60,-48,611,76,6943,6554,135,417,98,482,0
18321,60,-46,612,76,6966,6573,136,416,99,484,0
18371,60,-21,615,76,6989,6592,138,416,100,485,0
18421,60,-40,616,76,7010,6612,139,416,100,487,0
18471,60,-55,616,76,7030,6632,141,416,100,488,0
18521,60,-59,613,76,7050,6651,142,415,100,490,0
18571,60,-50,610,76,7073,6670,143,415,101,491,0
18621,60,-52,609,76,7096,6689,145,415,103,493,0
18671,60,-52,609,76,7120,6708,146,414,104,494,0
18721,60,-37,609,76,7144,6728,148,414,105,496,0
18771,60,-54,611,76,7169,6747,149,414,106,497,0
18821,60,-43,614,76,7192,6767,151,413,107,499,0
18871,60,-38,617,76,7215,6788,152,413,108,501,0
18921,60,-34,619,76,7237,6811,154,412,107,502,0
18971,60,-48,620,76,7258,6834,155,412,107,504,0
19021,60,-47,620,76,7278,6857,157,411,106,505,0
19071,60,-34,619,76,7299,6880,158,411,106,507,0
19121,60,-36,618,76,7320,6903,160,410,105,508,0
19171,60,-32,617,76,7341,6926,161,410,105,510,0
19221,60,-41,615,76,7362,6947,163,410,105,511,0
19271,60,-41,615,76,7383,6968,164,409,105,513,0
19321,60,-25,616,76,7404,6988,166,409,105,514,0
19371,60,-32,617,76,7425,7008,167,408,105,516,0
19421,60,-17,617,76,7447,7028,168,408,106,517,0
19471,60,-30,621,76,7468,7049,170,408,106,519,0
19521,60,-43,622,76,7489,7070,171,407,105,520,0
19571,60,-45,621,76,7509,7093,173,407,105,522,0
19621,60,-36,621,76,7529,7115,174,406,105,523,0
19671,60,-53,620,76,7550,7138,176,406,104,525,0
19721,60,-38,617,76,7570,7161,177,406,103,526,0
19771,60,-57,614,76,7591,7184,179,405,102,528,0
19821,60,-46,612,76,7611,7206,180,405,102,530,0
19871,60,-64,610,76,7633,7228,182,405,102,531,0
19921,60,-51,609,76,7656,7248,183,404,103,533,0
19971,60,-44,608,76,7679,7268,185,404,104,534,0
20021,60,-56,610,76,7702,7288,186,403,104,536,0
20071,60,-40,612,76,7726,7308,188,403,105,537,0
20121,60,-25,615,76,7748,7328,189,403,106,539,0
20171,60,-36,618,76,7769,7348,191,402,106,540,0
20221,60,-30,621,76,7790,7368,192,402,106,542,0
20271,60,-28,622,76,7811,7390,194,401,106,543,0
20321,60,-38,625,76,7831,7413,195,401,105,545,0
20371,60,-19,627,76,7851,7436,197,400,105,546,0
20421,60,-28,627,76,7870,7460,198,400,103,548,0
20471,60,-22,625,76,7889,7485,200,400,102,550,0
20521,60,-36,621,76,7908,7509,201,399,100,551,0
20571,60,-61,615,76,7928,7533,203,399,99,553,0
20621,60,-55,610,76,7948,7556,204,399,99,554,0
20671,60,-56,606,76,7970,7577,206,399,99,556,0
20721,60,-62,603,76,7993,7597,207,398,100,557,0
20771,60,-66,604,76,8017,7616,209,398,101,559,0
20821,60,-44,605,76,8042,7634,210,398,103,560,0
20871,60,-66,609,76,8066,7652,212,397,104,562,0
20921,60,-52,614,76,8088,7671,213,397,105,563,0
20971,60,-24,616,76,8110,7690,215,397,106,565,0
21021,60,-49,619,76,8131,7710,216,396,106,566,0
21071,60,-17,625,76,8152,7732,217,396,106,568,0
21121,60,-21,626,76,8172,7754,219,395,105,569,0
21171,60,-38,628,76,8191,7778,220,395,104,571,0
21221,60,-35,626,76,8210,7802,222,395,103,572,0
21271,60,-49,622,76,8229,7826,223,394,101,574,0
21321,60,-39,619,76,8249,7850,225,394,100,575,0
21371,60,-40,615,76,8270,7874,226,394,100,577,0
21421,60,-45,612,76,8291,7896,228,393,99,579,0
21471,60,-51,609,76,8313,7918,230,393,99,580,0
21521,60,-54,607,76,8336,7939,231,393,100,582,0
21571,60,-55,607,76,8360,7960,233,393,101,583,0
21621,60,-40,607,76,8384,7980,234,392,102,585,0
21671,60,-51,609,76,8409,8000,236,392,103,587,0
21721,60,-44,613,76,8433,8020,237,391,104,588,0
21771,60,-35,618,76,8455,8040,239,391,105,590,0
21821,60,-13,622,76,8477,8062,240,391,105,591,0
21871,60,-30,624,76,8497,8083,242,390,104,593,0
21921,60,-18,627,76,8517,8106,243,390,104,594,0
21971,60,-18,627,76,8536,8130,245,390,102,596,0
22021,60,-43,625,76,8555,8155,246,389,101,597,0
22071,60,-27,622,76,8574,8180,248,389,99,599,0
22121,60,-35,618,76,8594,8202,249,389,99,600,0
22171,60,-66,612,76,8616,8224,251,388,98,602,0
22221,60,-56,609,76,8637,8246,252,388,99,604,0
22271,60,-62,606,76,8660,8266,254,388,99,605,0
22321,60,-60,604,76,8683,8286,255,388,100,607,0
22371,60,-73,605,76,8708,8306,257,387,101,608,0
22421,60,-48,607,76,8731,8325,258,387,103,610,0
22471,60,-51,609,76,8755,8344,260,387,104,611,0
22521,60,-41,614,76,8779,8363,261,386,105,613,0
22571,60,-42,617,76,8800,8384,263,386,105,614,0
22621,60,-50,621,76,8820,8404,264,386,105,616,0
22671,60,-32,623,76,8840,8426,266,385,104,617,0
22721,60,-11,623,76,8859,8448,267,385,104,619,0
22771,60,-26,623,76,8878,8470,269,384,103,620,0
22821,60,-39,624,76,8897,8492,270,384,102,622,0
22871,60,-35,621,76,8917,8516,271,384,101,623,0
22921,60,-39,619,76,8937,8538,273,383,100,625,0
22971,60,-50,618,76,8957,8561,274,383,100,626,0
23021,60,-47,614,76,8979,8582,276,383,100,628,0
23071,60,-36,612,76,9001,8605,278,383,100,629,0
23121,60,-54,610,76,9023,8626,279,382,100,631,0
23171,60,-39,607,76,9045,8648,281,382,100,633,0
23221,60,-49,605,76,9068,8668,282,382,101,634,0
23271,60,-49,605,76,9091,8687,284,381,102,636,0
23321,60,-41,606,76,9115,8706,285,381,103,637,0
23371,60,-36,609,76,9139,8725,287,381,104,639,0
23421,60,-45,612,76,9161,8744,288,380,105,640,0
23471,60,-24,616,76,9183,8764,289,380,106,642,0
23521,60,-10,620,76,9203,8783,291,380,106,643,0
23571,60,-27,622,76,9224,8804,292,379,106,645,0
23621,60,-25,623,76,9243,8825,294,379,106,646,0
23671,60,-20,626,76,9263,8847,295,378,105,647,0
23721,60,-37,625,76,9282,8870,296,378,104,649,0
23771,60,-31,623,76,9301,8894,298,378,103,651,0
23821,60,-42,620,76,9319,8917,299,377,101,652,0
23871,60,-62,614,76,9339,8939,301,377,101,653,0
23921,60,-58,608,76,9361,8960,302,377,101,655,0
23971,60,-64,600,76,9383,8981,304,376,101,657,0
24021,60,-74,596,76,9406,8999,305,376,103,658,0
24071,60,-73,597,76,9432,9016,307,376,105,660,0
24121,60,-71,598,76,9457,9032,308,375,107,661,0
24171,60,-62,598,76,9483,9049,310,375,109,663,0
24221,60,-58,597,76,9509,9065,311,374,112,664,0
24271,60,-66,601,76,9536,9082,313,374,114,666,0
24321,60,-55,607,76,9562,9098,314,373,117,667,0
24371,60,-27,614,76,9586,9116,315,372,118,669,0
24421,60,-22,617,76,9609,9136,317,371,119,670,0
24471,60,-11,623,76,9631,9157,318,371,120,672,0
24521,60,-26,623,76,9651,9178,319,370,119,673,0
24571,60,-22,622,76,9671,9200,321,369,119,675,0
24621,60,-52,620,76,9690,9221,322,369,118,676,0
24671,60,-46,615,76,9710,9243,323,368,118,678,0
24721,60,-66,607,76,9731,9265,324,367,117,679,0
24771,60,-62,603,76,9754,9286,326,366,118,681,0
24821,60,-87,601,76,9777,9304,327,366,119,682,0
24871,60,-64,597,76,9802,9323,328,365,121,684,0
24921,60,-62,595,76,9828,9340,330,364,123,685,0
24971,60,-70,594,76,9855,9356,331,363,126,687,0
25021,60,-51,598,76,9882,9373,332,362,128,688,0
25071,60,-65,602,76,9908,9390,333,361,131,690,0
25121,60,-42,606,76,9933,9408,335,360,132,691,0
25171,60,-52,609,76,9958,9426,336,359,134,693,0
25221,60,-29,613,76,9982,9445,337,358,135,695,0
25271,60,-23,617,76,10005,9465,338,357,136,696,0
25321,60,-34,619,76,10027,9486,339,356,137,698,0
25371,60,-40,619,76,10049,9507,340,355,137,699,0
25421,60,-49,619,76,10069,9528,341,354,136,701,0
25471,60,-40,616,76,10090,9550,342,352,136,702,0
25521,60,-33,614,76,10111,9572,343,351,136,704,0
25571,60,-56,610,76,10132,9592,344,350,136,705,0
25621,60,-59,605,76,10154,9612,345,349,136,707,0
25671,60,-56,602,76,10177,9631,346,348,138,708,0
25721,60,-53,600,76,10201,9649,347,347,139,710,0
25771,60,-80,597,76,10226,9666,348,346,141,711,0
25821,60,-56,599,76,10251,9683,349,345,143,713,0
25871,60,-69,600,76,10276,9700,350,343,145,714,0
25921,60,-52,601,76,10301,9717,351,342,147,716,0
25971,60,-48,603,76,10327,9734,351,341,149,717,0
26021,60,-49,606,76,10352,9753,352,339,151,719,0
26071,60,-34,611,76,10377,9773,353,338,153,720,0
26121,60,-45,613,76,10400,9792,354,337,153,722,0
26171,60,-28,614,76,10423,9813,354,335,154,723,0
26221,60,-26,615,76,10445,9834,355,334,154,725,0
26271,60,-45,613,76,10467,9854,356,332,155,727,0
26321,60,-42,610,76,10488,9874,356,331,155,728,0
26371,60,-62,607,76,10509,9893,357,330,155,729,0
26421,60,-47,604,76,10531,9911,357,329,156,731,0
26471,60,-55,603,76,10555,9928,358,327,158,732,0
26521,60,-62,604,76,10579,9946,358,326,159,734,0
26571,60,-57,602,76,10602,9963,359,324,161,735,0
26621,60,-62,604,76,10625,9980,359,323,162,737,0
26671,60,-62,604,76,10649,9998,360,322,164,738,0
26721,60,-61,605,76,10673,10016,360,320,166,740,0
26771,60,-61,605,76,10697,10034,360,319,167,741,0
26821,60,-50,606,76,10721,10052,361,317,169,743,0
26871,60,-42,607,76,10745,10072,361,316,170,744,0
26921,60,-59,606,76,10769,10090,361,314,171,746,0
26971,60,-59,606,76,10793,10110,361,313,172,747,0
27021,60,-59,606,76,10817,10129,362,311,174,749,0
27071,60,-61,605,76,10841,10148,362,309,175,750,0
27121,60,-65,606,76,10864,10166,362,308,176,752,0
27171,60,-42,607,76,10887,10184,362,307,178,753,0
27221,60,-44,606,76,10910,10201,362,305,179,755,0
27271,60,-57,607,76,10933,10218,362,304,180,756,0
27321,60,-58,607,76,10955,10236,362,302,181,758,0
27371,60,-62,608,76,10978,10254,362,301,183,759,0
27421,60,-41,608,76,11000,10271,362,299,184,760,0
27471,60,-54,609,76,11022,10288,362,298,185,762,0
27521,60,-52,610,76,11045,10306,361,297,186,763,0
27571,60,-35,611,76,11068,10325,361,295,188,765,0
27621,60,-40,612,76,11091,10344,361,294,189,766,0
27671,60,-73,610,76,11114,10363,361,292,189,768,0
27721,60,-47,608,76,11137,10382,361,291,191,769,0
27771,60,-47,608,76,11160,10401,360,289,192,771,0
27821,60,-60,606,76,11184,10420,360,288,193,772,0
27871,60,-55,604,76,11208,10440,360,286,194,774,0
27921,60,-50,603,76,11232,10458,359,285,195,775,0
27971,60,-72,603,76,11256,10476,359,283,197,777,0
28021,60,-55,604,76,11281,10494,358,282,199,779,0
28071,60,-45,606,76,11305,10512,358,280,200,780,0
28121,60,-72,608,76,11329,10528,357,279,202,781,0
28171,60,-53,610,76,11351,10546,357,278,203,783,0
28221,60,-51,611,76,11373,10563,356,277,205,784,0
28271,60,-38,613,76,11395,10581,355,275,206,786,0
28321,60,-40,614,76,11417,10598,355,274,207,787,0
28371,60,-31,614,76,11438,10617,354,273,208,789,0
28421,60,-35,615,76,11460,10635,353,271,208,790,0
28471,60,-42,616,76,11482,10654,353,270,209,791,0
28521,60,-44,615,76,11503,10672,352,269,210,793,0
28571,60,-45,614,76,11525,10692,351,268,210,794,0
28621,60,-38,613,76,11545,10712,351,266,211,796,0
28671,60,-47,613,76,11567,10732,350,265,211,797,0
28721,60,-46,609,76,11589,10751,349,264,212,799,0
28771,60,-63,608,76,11611,10770,348,263,212,800,0
28821,60,-60,606,76,11633,10789,347,261,213,802,0
28871,60,-49,604,76,11658,10807,347,260,215,803,0
28921,60,-53,605,76,11682,10826,346,259,216,805,0
28971,60,-76,606,76,11706,10844,345,258,217,806,0
29021,60,-46,606,76,11729,10861,344,257,219,808,0
29071,60,-42,608,76,11753,10878,343,255,221,809,0
29121,60,-42,608,76,11777,10896,342,254,222,811,0
29171,60,-38,610,76,11802,10913,341,253,224,812,0
29221,60,-52,611,76,11825,10931,340,252,226,814,0
29271,60,-35,612,76,11849,10949,339,251,228,815,0
29321,60,-48,613,76,11872,10966,338,250,229,817,0
29371,60,-50,612,76,11896,10985,336,249,230,818,0
29421,60,-39,613,76,11919,11003,335,248,231,820,0
29471,60,-48,613,76,11941,11022,334,247,232,821,0
29521,60,-50,612,76,11963,11040,333,247,233,822,0
29571,60,-69,610,76,11986,11059,332,246,234,824,0
29621,60,-57,608,76,12009,11076,331,245,235,825,0
29671,60,-65,607,76,12033,11095,329,244,237,827,0
29721,60,-46,606,76,12056,11113,328,243,238,828,0
29771,60,-56,604,76,12080,11130,327,243,240,830,0
29821,60,-52,603,76,12105,11147,325,242,242,831,0
29871,60,-62,601,76,12131,11164,324,241,244,833,0
29921,60,-59,604,76,12157,11182,323,241,246,834,0
29971,60,-56,604,76,12184,11199,321,240,249,836,0
30021,60,-56,604,76,12210,11216,320,239,251,838,0
30071,60,-47,606,76,12236,11233,318,239,253,839,0
30121,60,-51,607,76,12262,11250,317,239,256,841,0
30171,60,-47,609,76,12287,11267,315,238,258,842,0
30221,60,-62,609,76,12311,11284,314,238,259,844,0
30271,60,-60,610,76,12334,11302,312,238,261,845,0
30321,60,-56,609,76,12357,11318,311,238,262,847,0
30371,60,-41,609,76,12381,11335,310,237,264,848,0
30421,60,-71,609,76,12405,11352,308,237,265,849,0
30471,60,-40,610,76,12428,11369,307,237,268,851,0
30521,60,-44,611,76,12451,11387,305,237,269,852,0
30571,60,-53,611,76,12475,11406,304,237,270,854,0
30621,60,-66,612,76,12499,11424,302,237,271,855,0
30671,60,-38,611,76,12523,11443,301,237,273,857,0
30721,60,-46,610,76,12547,11462,299,237,274,858,0
30771,60,-63,609,76,12571,11481,298,237,275,860,0
30821,60,-51,607,76,12596,11500,296,238,277,862,0
30871,60,-49,605,76,12621,11518,294,238,279,863,0
30921,60,-66,604,76,12646,11537,293,238,280,865,0
30971,60,-51,604,76,12672,11554,291,238,282,866,0
31021,60,-49,605,76,12697,11572,290,239,284,868,0
31071,60,-49,605,76,12723,11589,288,239,287,869,0
31121,60,-52,609,76,12749,11606,287,240,289,871,0
31171,60,-36,612,76,12773,11623,286,240,291,872,0
31221,60,-48,614,76,12796,11641,284,241,292,874,0
31271,60,-37,615,76,12818,11659,283,241,293,875,0
31321,60,-50,616,76,12840,11678,282,242,294,877,0
31371,60,-25,618,76,12862,11697,280,243,294,878,0
31421,60,-40,618,76,12884,11716,279,243,295,880,0
31471,60,-50,616,76,12906,11736,278,244,296,881,0
31521,60,-29,616,76,12928,11756,276,244,296,883,0
31571,60,-31,615,76,12950,11776,275,245,297,884,0
31621,60,-57,612,76,12973,11795,274,246,298,886,0
31671,60,-50,608,76,12995,11814,272,247,298,887,0
31721,60,-53,603,76,13019,11833,271,247,300,889,0
31771,60,-49,605,76,13045,11852,270,248,301,890,0
31821,60,-55,602,76,13070,11870,268,249,303,892,0
31871,60,-44,608,76,13097,11887,267,250,305,893,0
31921,60,-37,612,76,13121,11906,266,251,307,895,0
31971,60,-31,615,76,13144,11925,265,252,308,896,0
32021,60,-35,616,76,13166,11945,263,253,309,898,0
32071,60,-39,614,76,13187,11964,262,254,309,899,0
32121,60,-33,614,76,13208,11983,261,255,310,901,0
32171,60,-33,617,76,13230,12003,260,256,310,902,0
32221,60,-52,615,76,13253,12023,259,256,311,904,0
32271,60,-50,613,76,13275,12042,258,258,312,905,0
32321,60,-63,614,76,13299,12060,257,258,313,907,0
32371,60,-65,616,76,13322,12080,256,260,314,908,0
32421,60,-69,614,76,13344,12100,255,261,314,910,0
32471,60,-48,614,76,13367,12121,253,262,315,911,0
32521,60,-46,615,76,13389,12141,252,263,315,913,0
32571,60,-39,614,76,13411,12162,251,264,316,914,0
32621,60,-50,613,76,13433,12182,250,265,316,916,0
32671,60,-52,612,76,13456,12202,249,266,317,918,0
32721,60,-55,610,76,13479,12222,248,267,317,919,0
32771,60,-65,608,76,13501,12242,247,268,318,921,0
32821,60,-51,609,76,13524,12260,246,270,319,922,0
32871,60,-74,608,76,13549,12280,245,271,320,924,0
32921,60,-44,608,76,13573,12298,244,272,322,925,0
32971,60,-43,612,76,13597,12317,243,273,323,927,0
33021,60,-54,614,76,13621,12336,242,274,324,928,0
33071,60,-43,617,76,13644,12356,242,276,325,930,0
33121,60,-43,617,76,13666,12375,241,277,326,931,0
33171,60,-47,618,76,13687,12396,240,278,326,933,0
33221,60,-55,619,76,13708,12416,239,279,326,934,0
33271,60,-47,618,76,13729,12436,238,281,327,936,0
33321,60,-30,619,76,13749,12456,238,282,327,937,0
33371,60,-53,618,76,13769,12477,237,283,326,939,0
33421,60,-34,619,76,13789,12498,236,284,326,940,0
33471,60,-45,619,76,13809,12518,235,286,326,941,0
33521,60,-38,620,76,13829,12540,234,287,326,943,0
33571,60,-30,619,76,13849,12562,234,288,325,944,0
33621,60,-40,618,76,13868,12583,233,289,325,946,0
33671,60,-50,616,76,13889,12605,232,290,324,947,0
33721,60,-44,616,76,13910,12627,231,292,324,949,0
33771,60,-37,615,76,13932,12649,230,293,324,951,0
33821,60,-42,617,76,13954,12670,229,294,324,952,0
33871,60,-38,620,76,13977,12690,228,296,325,954,0
33921,60,-36,621,76,13998,12711,227,297,325,955,0
33971,60,-51,621,76,14019,12732,227,298,325,957,0
34021,60,-38,623,76,14040,12754,226,299,325,958,0
34071,60,-47,623,76,14060,12776,225,301,324,960,0
34121,60,-24,624,76,14080,12798,224,302,324,961,0
34171,60,-36,624,76,14099,12821,223,303,323,963,0
34221,60,-31,623,76,14118,12844,222,304,322,964,0
34271,60,-55,621,76,14137,12866,221,305,321,966,0
34321,60,-44,619,76,14157,12888,220,306,321,967,0
34371,60,-47,617,76,14178,12910,219,308,320,969,0
34421,60,-64,616,76,14198,12932,218,309,320,970,0
34471,60,-53,614,76,14219,12954,217,310,320,972,0
34521,60,-49,613,76,14239,12974,217,311,320,973,0
34571,60,-49,613,76,14262,12996,215,312,320,975,0
34621,60,-47,614,76,14284,13016,215,314,320,976,0
34671,60,-47,617,76,14306,13038,214,315,320,978,0
34721,60,-35,621,76,14328,13058,213,316,321,979,0
34771,60,-27,625,76,14349,13080,212,317,321,981,0
34821,60,-24,627,76,14369,13102,211,318,320,982,0
34871,60,-30,627,76,14388,13124,210,319,319,984,0
34921,60,-33,625,76,14407,13148,209,321,318,985,0
34971,60,-50,624,76,14425,13170,208,322,317,987,0
35021,60,-40,621,76,14444,13194,207,323,316,988,0
35071,60,-52,614,76,14464,13216,206,324,315,990,0
35121,60,-46,614,76,14485,13238,205,325,315,991,0
35171,60,-43,616,76,14506,13259,204,326,315,993,0
35221,60,-39,613,76,14527,13280,203,327,315,994,0
35271,60,-52,614,76,14549,13302,201,328,315,996,0
35321,60,-38,619,76,14571,13324,200,329,315,997,0
35371,60,-23,619,76,14593,13347,199,330,315,999,0
35421,60,-32,622,76,14614,13369,198,332,315,1001,0
35471,60,-31,626,76,14634,13392,197,333,314,1002,0
35521,60,-36,628,76,14654,13415,196,334,313,1004,0
35571,60,-21,631,76,14675,13440,195,335,312,1005,0
35621,60,-33,633,76,14694,13466,194,336,310,1007,0
35671,60,-28,632,76,14712,13492,192,337,308,1009,0
35721,60,-42,628,76,14730,13517,191,338,306,1010,0
35771,60,-51,626,76,14748,13543,190,339,305,1012,0
35821,60,-54,621,76,14767,13568,189,340,303,1013,0
35871,60,-48,619,76,14787,13592,187,341,302,1015,0
35921,60,-44,618,76,14807,13615,186,341,301,1016,0
35971,60,-49,615,76,14827,13637,185,342,301,1018,0
36021,60,-47,616,76,14848,13659,183,343,300,1019,0
36071,60,-39,618,76,14869,13682,182,344,300,1021,0
36121,60,-33,621,76,14890,13704,181,345,299,1023,0
36171,60,-33,629,76,14910,13729,179,345,299,1024,0
36221,60,-18,634,76,14929,13754,178,346,297,1026,0
36271,60,-22,638,76,14945,13780,176,347,294,1027,0
36321,60,6,642,76,14960,13807,175,347,292,1029,0
36371,60,-3,640,76,14975,13835,174,348,288,1030,0
36421,60,-8,640,76,14988,13862,172,348,284,1032,0
36471,60,-15,638,76,15002,13891,171,349,281,1033,0
36521,60,-25,636,76,15016,13919,169,349,277,1035,0
36571,60,-13,634,76,15031,13947,168,349,274,1036,0
36621,60,-14,636,76,15046,13974,166,349,271,1038,0
36671,60,-26,635,76,15061,14002,165,349,268,1039,0
36721,60,-22,637,76,15076,14029,163,349,264,1041,0
36771,60,3,639,76,15091,14058,162,349,261,1042,0
36821,60,-16,640,76,15105,14088,160,348,257,1044,0
36871,60,-11,640,76,15119,14118,159,348,253,1046,0
36921,60,-8,641,76,15131,14146,157,348,249,1047,0
36971,60,-14,641,76,15145,14174,156,347,245,1049,0
37021,60,-10,640,76,15158,14202,155,346,241,1050,0
37071,60,-17,639,76,15171,14230,153,346,238,1051,0
37121,60,-11,639,76,15184,14257,152,345,234,1053,0
37171,60,-8,638,76,15198,14285,151,344,231,1054,0
37221,60,-24,635,76,15213,14312,150,343,228,1056,0
37271,60,-28,633,76,15228,14339,149,342,224,1057,0
37321,60,-35,629,76,15244,14366,148,341,222,1059,0
37371,60,-22,628,76,15261,14392,147,340,219,1060,0
37421,60,-23,629,76,15278,14418,146,338,217,1062,0
37471,60,-19,629,76,15296,14445,145,337,215,1064,0
37521,60,-8,632,76,15313,14471,144,336,213,1065,0
37571,60,-2,635,76,15331,14496,143,335,211,1067,0
37621,60,-6,638,76,15346,14522,142,333,208,1068,0
37671,60,-9,639,76,15362,14550,142,332,205,1070,0
37721,60,-11,638,76,15377,14576,141,331,202,1071,0
37771,60,-20,636,76,15391,14603,140,329,199,1073,0
37821,60,-18,629,76,15407,14630,140,328,196,1074,0
37871,60,-59,618,76,15425,14656,140,326,194,1076,0
37921,60,-69,604,76,15446,14680,139,325,193,1077,0
37971,60,-113,584,76,15469,14700,139,323,194,1079,0
38021,60,-110,571,76,15497,14714,138,322,197,1080,0
38071,60,-106,570,76,15529,14725,138,320,203,1082,0
38121,60,-107,570,76,15562,14734,137,319,209,1083,0
38171,60,-113,572,76,15596,14742,136,318,216,1085,0
38221,60,-110,574,76,15630,14750,135,317,222,1086,0
38271,60,-103,575,76,15663,14759,134,315,228,1088,0
38321,60,-107,576,76,15695,14767,133,315,234,1089,0
38371,60,-108,576,76,15728,14776,132,314,240,1091,0
38421,60,-100,577,76,15760,14784,131,313,246,1092,0
38471,60,-106,577,76,15794,14793,129,313,253,1094,0
38521,60,-96,577,76,15827,14801,128,312,259,1095,0
38571,60,-107,577,76,15860,14810,126,312,265,1097,0
38621,60,-95,578,76,15893,14818,125,312,271,1098,0
38671,60,-106,578,76,15925,14826,123,312,278,1100,0
38721,60,-105,579,76,15958,14834,122,313,284,1101,0
38771,60,-95,581,76,15990,14842,120,313,290,1103,0
38821,60,-94,582,76,16022,14850,119,314,296,1104,0
38871,60,-95,582,76,16055,14858,118,314,302,1106,0
38921,60,-97,583,76,16086,14866,117,315,308,1107,0
38971,60,-86,584,76,16118,14876,116,316,314,1108,0
39021,60,-57,593,76,16151,14885,115,317,319,1110,0
39071,60,13,622,76,16180,14898,114,318,324,1111,0
39121,60,55,659,76,16201,14918,113,320,324,1113,0
39171,60,-86,626,76,16216,14945,112,321,321,1114,0
39221,60,-117,585,76,16235,14968,111,322,320,1116,0
39271,60,-98,580,76,16261,14984,110,323,323,1117,0
39321,60,-90,581,76,16289,14996,109,324,327,1119,0
39371,60,-100,580,76,16319,15006,109,326,332,1120,0
39421,60,-100,582,76,16350,15015,108,327,337,1122,0
39471,60,-79,585,76,16382,15025,108,328,343,1123,0
39521,60,-77,586,76,16412,15036,107,330,348,1125,0
39571,60,-85,585,76,16442,15046,107,331,353,1126,0
39621,60,-96,585,76,16472,15057,107,333,358,1128,0
39671,60,-95,583,76,16503,15068,107,334,363,1129,0
39721,60,-102,582,76,16535,15079,107,336,368,1131,0
39771,60,-99,581,76,16567,15089,107,337,374,1132,0
39821,60,-88,581,76,16599,15099,108,339,379,1134,0
39871,60,-96,580,76,16631,15109,108,340,385,1135,0
39921,60,-96,580,76,16663,15118,109,341,390,1137,0
39971,60,-96,580,76,16695,15128,110,342,396,1138,0
40021,60,-109,579,76,16727,15137,111,344,402,1139,0
40071,60,-104,579,76,16761,15146,112,345,408,1141,0
40121,60,-106,578,76,16794,15154,113,346,414,1143,0
40171,60,-109,577,76,16828,15162,114,346,421,1144,0
40221,60,-109,577,76,16862,15169,116,347,427,1145,0
40271,60,-106,578,76,16897,15176,117,347,435,1147,0
40321,60,-36,601,76,16929,15184,118,348,441,1148,0
40371,60,45,645,76,16957,15200,120,348,444,1150,0
40421,60,-85,615,76,16977,15221,122,348,444,1151,0
40471,60,-114,578,76,17003,15239,123,348,446,1153,0
40521,60,-117,573,76,17033,15250,125,348,451,1154,0
40571,60,-122,573,76,17066,15256,126,348,457,1156,0
40621,60,126,572,76,17098,15262,127,348,464,1157,0
40671,60,-126,571,76,17132,15266,129,347,472,1159,0
40721,60,-122,571,76,17166,15270,130,347,479,1160,0
40771,60,-121,571,76,17202,15272,131,346,488,1161,0
40821,60,-126,569,76,17238,15276,132,345,496,1163,0
40871,60,-126,569,76,17274,15278,133,344,505,1164,0
40921,60,-128,568,76,17309,15280,133,343,513,1165,0
40971,60,121,567,76,17345,15283,134,342,522,1167,0
41021,60,121,567,76,17380,15285,134,340,529,1168,0
41071,60,121,568,76,17415,15288,134,339,538,1170,0
41121,60,124,570,76,17449,15290,134,338,546,1171,0
41171,60,-124,571,76,17483,15294,134,336,554,1172,0
41221,60,126,570,76,17518,15298,134,335,561,1174,0
41271,60,125,571,76,17552,15302,133,334,569,1175,0
41321,60,-123,572,76,17587,15306,132,333,576,1176,0
41371,60,-125,572,76,17623,15311,131,331,584,1178,0
41421,60,-125,572,76,17657,15315,130,331,592,1179,0
41471,60,-128,573,76,17693,15319,129,330,600,1181,0
41521,60,123,574,76,17727,15323,128,329,608,1182,0
41571,60,-125,575,76,17762,15328,127,329,616,1183,0
41621,60,126,576,76,17796,15332,125,329,623,1185,0
41671,60,-113,579,76,17830,15336,124,329,631,1186,0
41721,60,-119,579,76,17863,15341,123,329,638,1187,0
41771,60,-119,579,76,17897,15346,121,329,645,1189,0
41821,60,-110,581,76,17932,15351,120,329,653,1190,0
41871,60,-118,580,76,17968,15356,119,330,660,1192,0
41921,60,-124,580,76,18003,15361,117,331,668,1193,0
41971,60,-92,585,76,18039,15367,116,332,676,1195,0
42021,60,43,633,76,18072,15375,115,333,682,1196,0
42071,60,-47,650,76,18095,15395,114,334,683,1198,0
42121,60,118,585,76,18116,15416,113,335,683,1199,0
42171,60,-108,583,76,18145,15430,113,337,687,1201,0
42221,60,-108,583,76,18176,15440,112,338,692,1202,0
42271,60,-113,583,76,18209,15448,111,339,698,1204,0
42321,60,-110,585,76,18243,15456,111,341,705,1205,0
42371,60,-118,584,76,18277,15464,110,342,711,1207,0
42421,60,-109,583,76,18311,15472,110,344,718,1208,0
42471,60,-106,582,76,18345,15480,110,345,725,1210,0
42521,60,-120,580,76,18380,15487,111,347,732,1211,0
42571,60,-115,580,76,18415,15494,111,348,739,1213,0
42621,60,-123,579,76,18450,15500,112,349,746,1214,0
42671,60,-120,578,76,18484,15506,112,351,753,1216,0
42721,60,-119,578,76,18518,15511,113,352,761,1217,0
42771,60,-119,578,76,18553,15516,114,353,768,1218,0
42821,60,-128,577,76,18587,15522,115,354,775,1220,0
42871,60,-113,579,76,18623,15527,117,354,783,1221,0
42921,60,-121,578,76,18658,15532,118,355,790,1223,0
42971,60,-122,577,76,18694,15536,119,355,798,1224,0
43021,60,-126,575,76,18728,15540,121,356,806,1226,0
43071,60,121,573,76,18763,15543,122,355,814,1227,0
43121,60,121,572,76,18797,15546,123,355,822,1228,0
43171,60,126,571,76,18831,15549,125,355,830,1230,0
43221,60,-116,575,76,18865,15551,126,354,838,1231,0
43271,60,-16,611,76,18899,15555,127,354,846,1232,0
43321,60,-34,633,76,18926,15568,128,353,849,1234,0
43371,60,-125,580,76,18951,15582,129,352,852,1235,0
43421,60,126,571,76,18981,15590,130,351,858,1236,0
43471,60,121,570,76,19015,15594,131,350,865,1238,0
43521,60,121,569,76,19050,15597,132,349,873,1239,0
43571,60,121,568,76,19085,15599,132,347,882,1240,0
43621,60,121,567,76,19120,15602,132,346,890,1242,0
43671,60,121,567,76,19155,15604,132,345,898,1243,0
43721,60,121,568,76,19189,15606,132,343,906,1244,0
43771,60,121,568,76,19224,15608,132,342,915,1246,0
43821,60,121,570,76,19257,15611,132,341,922,1247,0
43871,60,121,570,76,19292,15614,131,340,930,1248,0
43921,60,121,571,76,19325,15618,130,339,938,1250,0
43971,60,121,573,76,19360,15621,129,338,946,1251,0
44021,60,121,573,76,19395,15624,128,337,954,1252,0
44071,60,122,574,76,19431,15628,127,336,962,1254,0
44121,60,121,574,76,19465,15631,126,335,970,1255,0
44171,60,121,575,76,19500,15634,125,335,978,1257,0
44221,60,121,576,76,19534,15637,123,335,986,1258,0
44271,60,-128,578,76,19569,15640,122,335,994,1259,0
44321,60,-128,579,76,19602,15643,121,335,1001,1261,0
44371,60,-123,581,76,19636,15646,119,336,1009,1262,0
44421,60,-121,583,76,19670,15649,118,336,1017,1263,0
44471,60,-21,609,76,19704,15653,117,337,1025,1265,0
44521,60,33,664,76,19731,15664,116,338,1029,1266,0
44571,60,-121,606,76,19752,15683,115,339,1030,1267,0
44621,60,-123,579,76,19779,15696,114,339,1033,1269,0
44671,60,-124,579,76,19809,15704,113,340,1038,1270,0
44721,60,-124,581,76,19843,15709,112,342,1045,1271,0
44771,60,122,579,76,19878,15713,111,343,1054,1273,0
44821,60,121,578,76,19912,15716,111,344,1061,1274,0
44871,60,123,580,76,19948,15719,111,345,1070,1276,0
44921,60,127,582,76,19982,15722,110,347,1077,1277,0
44971,60,126,582,76,20017,15726,110,348,1085,1278,0
45021,60,-124,582,76,20050,15730,111,349,1093,1280,0
45071,60,-124,582,76,20085,15734,111,351,1101,1281,0
45121,60,122,580,76,20121,15738,112,352,1109,1282,0
45171,60,121,578,76,20156,15740,112,353,1117,1284,0
45221,60,126,575,76,20190,15743,113,354,1125,1285,0
45271,60,121,574,76,20226,15746,114,355,1133,1287,0
45321,60,121,574,76,20261,15749,116,356,1141,1288,0
45371,60,-125,574,76,20296,15753,117,356,1149,1289,0
45421,60,121,575,76,20330,15756,118,357,1157,1291,0
45471,60,121,576,76,20364,15760,119,357,1165,1292,0
45521,60,121,576,76,20398,15764,121,357,1172,1293,0
45571,60,121,576,76,20433,15766,122,357,1180,1295,0
45621,60,-125,574,76,20467,15769,123,356,1188,1296,0
45671,60,121,571,76,20502,15772,125,356,1197,1297,0
45721,60,121,569,76,20536,15774,126,355,1204,1299,0
45771,60,121,569,76,20568,15780,127,354,1211,1300,0
45821,60,-125,575,76,20600,15786,128,353,1217,1301,0
45871,60,-10,624,76,20633,15792,129,352,1224,1303,0
45921,60,-100,618,76,20659,15807,129,351,1227,1304,0
45971,60,-125,573,76,20687,15819,130,350,1232,1306,0
46021,60,-125,571,76,20716,15827,131,349,1237,1307,0
46071,60,121,570,76,20745,15836,131,347,1242,1308,0
46121,60,-125,570,76,20778,15842,132,346,1248,1310,0
46171,60,126,569,76,20809,15850,132,345,1255,1311,0
46221,60,-125,569,76,20838,15859,132,343,1259,1312,0
46271,60,45,566,76,20859,15878,132,342,1260,1314,0
46321,60,111,567,76,20872,15905,132,340,1257,1315,0
46371,60,45,567,76,20882,15935,132,339,1252,1317,0
46421,60,111,568,76,20889,15965,132,338,1246,1318,0
46471,60,111,568,76,20895,15995,133,336,1240,1319,0
46521,60,55,568,76,20903,16024,133,335,1234,1321,0
46571,60,111,569,76,20909,16054,134,334,1228,1322,0
46621,60,45,569,76,20916,16084,134,333,1223,1323,0
46671,60,55,569,76,20923,16114,135,332,1216,1325,0
46721,60,116,571,76,20933,16142,136,331,1212,1326,0
46771,60,65,571,76,20956,16156,137,330,1214,1327,0
46821,60,-127,577,76,20981,16168,138,329,1218,1329,0
46871,60,-24,618,76,21011,16176,139,328,1223,1330,0
46921,60,-95,625,76,21037,16189,140,327,1226,1331,0
46971,60,75,575,76,21062,16203,140,326,1229,1333,0
47021,60,75,570,76,21083,16220,141,325,1230,1334,0
47071,60,116,570,76,21103,16240,142,323,1230,1336,0
47121,60,45,569,76,21120,16264,143,322,1228,1337,0
47171,60,101,571,76,21135,16290,143,321,1226,1339,0
47221,60,-125,572,76,21153,16314,144,320,1224,1340,0
47271,60,126,573,76,21181,16326,145,318,1228,1341,0
47321,60,126,574,76,21211,16336,146,317,1233,1343,0
47371,60,121,580,76,21245,16344,146,316,1240,1344,0
47421,60,-114,592,76,21279,16348,147,314,1247,1346,0
47471,60,-82,609,76,21313,16353,147,313,1255,1347,0
47521,60,-47,626,76,21341,16359,147,312,1260,1348,0
47571,60,-4,648,76,21364,16370,147,311,1263,1350,0
47621,60,21,663,76,21381,16388,147,309,1263,1351,0
47671,60,-19,664,76,21394,16409,147,308,1261,1352,0
47721,60,-46,652,76,21409,16426,147,307,1260,1353,0
47771,60,-53,642,76,21428,16442,147,306,1261,1354,0
47821,60,-27,639,76,21449,16457,147,304,1263,1356,0
47871,60,-32,636,76,21467,16472,146,303,1264,1357,0
47921,60,-16,642,76,21483,16486,146,302,1264,1358,0
47971,60,-14,646,76,21502,16498,146,301,1266,1359,0
48021,60,-31,648,76,21514,16516,146,300,1265,1360,0
48071,60,-72,627,76,21529,16538,146,299,1263,1362,0
48121,60,-76,615,76,21547,16558,146,297,1262,1363,0
48171,60,-8,636,76,21569,16571,146,296,1264,1364,0
48221,60,25,665,76,21587,16590,146,295,1264,1365,0
48271,60,9,671,76,21599,16616,146,293,1261,1367,0
48321,60,10,669,76,21604,16647,146,292,1254,1368,0
48371,60,-15,664,76,21609,16678,146,291,1247,1369,0
48421,60,-21,662,74,21619,16708,146,289,1243,1371,0
48471,60,5,665,72,21629,16739,147,288,1237,1372,0
48521,60,0,668,72,21641,16772,147,287,1232,1374,0
48571,60,-24,659,72,21654,16804,148,285,1227,1375,0
48621,60,-46,643,72,21671,16830,149,284,1225,1377,0
48671,60,-60,625,72,21691,16853,150,283,1224,1379,0
48721,60,-95,606,72,21718,16868,151,281,1227,1380,0
48771,60,-128,587,72,21753,16874,152,280,1234,1382,0
48821,60,-127,588,72,21787,16874,152,279,1243,1383,0
48871,60,-114,592,79,21819,16874,152,278,1251,1384,0
48921,60,-19,618,87,21844,16875,152,277,1257,1385,0
48971,60,-96,598,94,21860,16879,152,276,1260,1386,0
49021,60,-125,596,96,21881,16883,152,275,1264,1386,0
49071,60,-117,594,96,21908,16884,152,274,1271,1387,0
49121,60,-106,600,96,21938,16884,152,273,1278,1388,0
49171,60,-104,601,96,21969,16884,151,272,1286,1390,0
49221,60,-115,598,96,22002,16884,151,271,1294,1391,0
49271,60,127,594,96,22036,16884,150,270,1303,1392,0
49321,60,-94,603,96,22073,16884,149,270,1313,1393,0
49371,60,-72,615,96,22113,16885,148,269,1322,1395,0
49421,60,-94,610,96,22150,16886,147,268,1331,1396,0
49471,60,-91,605,96,22187,16888,145,268,1340,1398,0
49521,60,-103,602,96,22224,16889,144,268,1349,1399,0
49571,60,-108,599,96,22264,16889,142,268,1360,1400,0
49621,60,-49,618,96,22305,16889,141,268,1370,1402,0
49671,60,-24,645,96,22342,16894,140,269,1378,1403,0
49721,60,-37,638,96,22372,16903,139,270,1383,1405,0
49771,60,-41,635,96,22401,16908,138,270,1389,1406,0
49821,60,-37,637,96,22428,16909,137,271,1396,1407,0
49871,60,-32,640,96,22455,16910,136,272,1403,1408,0
49921,60,-39,639,96,22481,16910,136,273,1409,1409,0
49971,60,-40,635,96,22508,16910,135,274,1416,1410,0
50021,60,-34,639,96,22534,16910,135,274,1423,1411,0
50071,60,-46,635,96,22560,16910,135,275,1429,1412,0
50121,60,-45,632,96,22587,16910,135,276,1436,1413,0
50171,60,-53,631,96,22615,16910,135,277,1443,1414,0
50221,60,-51,629,96,22643,16910,135,278,1450,1415,0
50271,60,-77,621,96,22672,16910,135,279,1458,1416,0
50321,60,-101,608,96,22704,16910,135,280,1466,1417,0
50371,60,-82,612,96,22740,16910,136,281,1475,1418,0
50421,60,-71,618,96,22776,16910,137,282,1484,1419,0
50471,60,-64,622,96,22810,16912,138,283,1492,1421,0
,,,,,,,,,,,
