0,0,0,627,91,0,0,0,0,0,0,0
50,0,0,628,91,0,0,0,0,0,0,255
100,0,0,627,91,0,0,0,0,0,0,255
150,0,0,627,91,0,0,0,0,0,0,255
200,0,0,627,91,0,0,0,0,0,0,255
250,0,0,627,91,0,0,0,0,0,0,255
300,0,0,627,91,0,0,0,0,0,0,255
350,0,0,627,91,0,0,0,0,0,0,255
400,0,0,628,91,0,0,0,0,0,0,255
450,0,0,628,91,0,0,0,0,0,0,255
500,0,0,628,91,0,0,0,0,0,0,255
550,0,0,628,91,0,0,0,0,0,0,255
600,0,0,628,91,0,0,0,0,0,0,255
650,0,0,627,91,0,0,0,0,0,0,255
700,0,0,627,91,0,0,0,0,0,0,255
750,0,0,627,91,0,0,0,0,0,0,255
800,0,0,628,91,0,0,0,0,0,0,255
850,0,0,628,91,0,0,0,0,0,0,255
900,0,0,628,91,0,0,0,0,0,0,255
950,0,0,629,91,0,0,0,0,0,0,255
1000,0,0,629,91,0,0,0,0,0,0,255
1050,0,34,628,91,5,8,0,0,0,0,255
1100,1,18,615,90,17,28,0,1,-2,0,255
1150,2,-2,612,85,30,49,0,2,-4,0,255
1200,4,-10,604,80,47,71,0,4,-6,0,255
1250,5,-1,601,78,67,94,0,5,-6,0,255
1300,7,-14,597,77,88,115,0,7,-6,0,255
1350,8,-2,593,76,109,135,0,8,-6,0,255
1400,10,-20,591,76,133,154,0,10,-5,0,255
1450,11,3,590,76,159,174,-1,11,-3,0,255
1500,13,-10,593,76,185,192,-1,13,-2,0,255
1550,15,-12,595,76,211,212,-1,15,0,0,255
1600,16,14,599,76,236,232,-1,16,1,0,255
1650,18,6,602,76,261,252,-1,18,2,0,255
1700,19,29,607,76,284,274,-1,19,2,0,255
1750,21,30,615,76,307,298,0,21,2,0,255
1800,23,26,616,76,327,324,0,23,0,0,255
1850,24,-4,616,76,346,351,0,24,-1,0,255
1900,26,0,613,76,364,378,-1,26,-3,0,255
1950,28,-11,607,76,383,404,-1,28,-5,0,255
2000,29,-29,600,76,404,429,-1,29,-6,0,255
2050,31,-14,597,76,427,453,-1,31,-6,0,255
2100,33,-14,594,76,450,476,-1,32,-6,0,255
2150,34,-24,592,76,475,497,-1,34,-5,0,255
2200,36,-18,592,76,500,517,-1,36,-4,0,255
2250,37,-14,594,76,526,536,-2,37,-2,0,255
2300,39,-9,597,76,551,556,-2,39,-1,0,255
2350,41,-3,600,76,576,576,-2,41,0,0,255
2400,42,8,603,76,600,597,-2,42,0,0,255
2450,44,25,605,76,623,618,-2,44,1,0,255
2500,45,11,608,76,646,641,-2,45,1,0,255
2550,47,2,611,76,668,666,-2,47,0,0,255
2600,49,3,611,76,688,691,-2,49,0,0,255
2650,50,-5,610,76,709,716,-2,50,-2,0,255
2700,52,5,608,76,729,741,-2,52,-3,0,255
2750,54,7,606,76,749,766,-2,54,-4,0,255
2800,55,-7,601,76,770,789,-2,55,-4,0,255
2850,57,-25,599,76,793,812,-2,57,-5,0,255
2900,58,8,598,76,815,836,-2,58,-5,0,255
2950,60,-16,596,76,838,858,-2,60,-5,0,255
3000,62,-10,596,76,862,878,-2,62,-4,0,255
3050,63,12,597,76,886,899,-3,63,-3,0,255
3100,65,-5,599,76,910,919,-3,65,-2,0,255
3150,67,6,602,76,934,940,-3,66,-1,0,255
3200,68,-14,602,76,957,960,-3,68,-1,0,255
3250,70,13,601,76,980,982,-3,70,0,0,255
3300,71,7,606,76,1003,1003,-3,71,0,0,255
3350,73,9,607,76,1026,1026,-3,73,0,0,255
3400,75,13,609,76,1048,1051,-3,74,0,0,255
3450,76,13,609,76,1069,1076,-3,76,-1,0,255
3500,78,-7,609,76,1089,1100,-3,78,-2,0,255
3550,79,-13,606,76,1111,1125,-3,79,-3,0,255
3600,81,-1,604,76,1131,1148,-3,81,-4,0,255
3650,83,-15,601,76,1152,1172,-3,82,-5,0,255
3700,84,-3,600,76,1174,1194,-3,84,-5,0,255
3750,86,-8,597,76,1196,1216,-3,86,-5,0,255
3800,87,-10,596,76,1220,1236,-4,87,-4,0,255
3850,89,-14,597,76,1244,1256,-4,89,-3,0,255
3900,90,-3,600,76,1267,1277,-4,90,-2,0,255
3950,92,20,602,76,1291,1298,-4,92,-1,0,255
4000,94,16,603,76,1314,1318,-4,93,-1,0,255
4050,95,18,604,76,1336,1339,-4,95,0,0,255
4100,97,-5,607,76,1358,1361,-4,97,0,0,255
4150,98,13,609,76,1380,1385,-4,98,-1,0,255
4200,100,13,609,76,1401,1409,-4,100,-2,0,255
4250,102,21,609,76,1421,1432,-4,101,-2,0,255
4300,103,-1,609,76,1440,1456,-4,103,-4,0,255
4350,105,6,605,76,1461,1480,-4,105,-4,0,255
4400,106,-5,602,76,1481,1503,-4,106,-5,0,255
4450,108,-8,600,76,1503,1526,-5,108,-5,0,255
4500,109,3,600,76,1526,1548,-5,109,-5,0,255
4550,111,-6,598,76,1548,1571,-5,111,-5,0,255
4600,113,-4,596,76,1572,1592,-5,112,-5,0,255
4650,114,12,597,76,1596,1612,-5,114,-3,0,255
4700,116,14,598,76,1620,1631,-5,115,-2,0,255
4750,117,16,600,76,1644,1651,-5,117,-1,0,255
4800,119,0,602,76,1667,1672,-5,119,-1,0,255
4850,121,10,604,76,1690,1692,-5,120,0,0,255
4900,122,12,605,76,1712,1714,-5,122,0,0,255
4950,124,-5,607,76,1735,1736,-5,123,0,0,255
5000,125,19,609,76,1756,1760,-5,125,-1,0,255
5050,127,7,610,76,1776,1784,-5,127,-2,0,255
5100,-128,-1,609,76,1796,1808,-6,128,-3,0,255
5150,-126,8,606,76,1817,1832,-6,130,-3,0,255
5200,-124,-10,604,76,1837,1855,-6,131,-4,0,255
5250,-123,-1,601,76,1859,1878,-6,133,-4,0,255
5300,-121,-6,598,76,1881,1901,-6,134,-5,0,255
5350,-120,-10,596,76,1903,1923,-6,136,-5,0,255
5400,-118,-12,595,76,1927,1944,-6,138,-4,0,255
5450,-116,-10,596,76,1951,1964,-6,139,-3,0,255
5500,-115,6,597,76,1975,1984,-6,141,-2,0,255
5550,-113,5,600,76,1999,2004,-6,142,-1,0,255
5600,-112,2,603,76,2022,2025,-7,144,0,0,255
5650,-110,4,604,76,2045,2046,-7,146,0,0,255
5700,-109,-8,605,76,2067,2068,-7,147,0,0,255
5750,-107,-1,609,76,2089,2091,-7,149,0,0,255
5800,-105,-7,609,76,2109,2115,-7,150,-1,0,255
5850,-104,-7,609,76,2130,2139,-7,152,-2,0,255
5900,-102,13,609,76,2149,2163,-7,153,-3,0,255
5950,-101,-4,607,76,2169,2187,-7,155,-4,0,255
6000,-99,6,605,76,2190,2211,-7,157,-5,0,255
6050,-97,0,602,76,2211,2234,-7,158,-5,0,255
6100,-96,0,597,76,2233,2258,-7,160,-6,0,255
6150,-94,-13,594,76,2256,2280,-7,161,-6,0,255
6200,-93,6,597,76,2280,2300,-8,163,-5,0,255
6250,-91,8,598,76,2304,2321,-8,165,-4,0,255
6300,-90,-2,600,76,2327,2341,-8,166,-3,0,255
6350,-88,0,602,76,2349,2361,-8,168,-3,0,255
6400,-87,16,603,76,2372,2382,-8,169,-2,0,255
6450,-85,10,604,76,2394,2402,-8,171,-2,0,255
6500,-83,2,603,76,2416,2423,-8,172,-1,0,255
6550,-82,14,606,76,2438,2444,-8,174,-1,0,255
6600,-80,16,607,76,2459,2467,-8,175,-1,0,255
6650,-79,10,607,76,2481,2491,-8,177,-2,0,255
6700,-77,4,607,76,2501,2514,-8,179,-3,0,255
6750,-75,10,607,76,2521,2538,-8,180,-4,0,255
6800,-74,-2,605,76,2541,2561,-9,182,-5,0,255
6850,-72,-20,601,76,2562,2584,-9,183,-5,0,255
6900,-71,-2,600,76,2584,2606,-9,185,-5,0,255
6950,-69,-6,598,76,2606,2629,-9,186,-5,0,255
7000,-68,-14,598,76,2629,2650,-9,188,-5,0,255
7050,-66,6,597,76,2652,2671,-9,190,-4,0,255
7100,-65,15,599,76,2676,2691,-9,191,-3,0,255
7150,-63,6,602,76,2699,2712,-10,193,-3,0,255
7200,-61,0,602,76,2722,2733,-10,194,-2,0,255
7250,-60,-14,597,76,2745,2754,-10,196,-2,0,255
7300,-58,-23,589,76,2769,2772,-10,197,-1,0,255
7350,-57,34,600,76,2793,2790,-10,199,0,0,255
7400,-55,20,616,76,2816,2812,-10,200,0,0,255
7450,-54,14,617,76,2835,2838,-10,202,0,0,255
7500,-52,6,616,76,2852,2862,-10,203,-2,0,255
7550,-51,25,611,76,2867,2885,-10,205,-4,0,255
7600,-50,14,609,76,2882,2906,-10,206,-5,0,255
7650,-48,-1,604,76,2899,2927,-10,208,-7,0,255
7700,-47,-1,596,76,2916,2948,-10,209,-7,0,255
7750,-45,-13,594,76,2935,2967,-11,210,-8,0,255
7800,-44,-3,592,76,2956,2985,-11,212,-7,0,255
7850,-43,-17,592,76,2977,3002,-11,213,-6,0,255
7900,-41,-19,591,76,2997,3020,-11,214,-5,0,255
7950,-40,3,592,76,3019,3036,-11,216,-4,0,255
8000,-39,-1,593,76,3040,3053,-11,217,-3,0,255
8050,-37,4,596,76,3061,3069,-11,218,-2,0,255
8100,-36,-6,598,76,3081,3085,-11,220,-1,0,255
8150,-35,-3,600,76,3101,3102,-11,221,0,0,255
8200,-33,-14,602,76,3120,3119,-11,222,0,0,255
8250,-32,26,605,76,3140,3136,-11,224,1,0,255
8300,-31,9,607,76,3158,3155,-11,225,0,0,255
8350,-29,15,610,76,3176,3174,-11,226,0,0,255
8400,-28,23,611,76,3192,3194,-11,227,0,0,255
8450,-27,3,611,76,3208,3215,-11,229,-1,0,255
8500,-25,13,609,76,3224,3236,-11,230,-3,0,255
8550,-24,-2,608,76,3239,3256,-11,231,-4,0,255
8600,-23,6,605,76,3255,3276,-12,233,-5,0,255
8650,-22,-6,601,76,3272,3295,-12,234,-5,0,255
8700,-20,-10,599,76,3290,3314,-12,235,-6,0,255
8750,-19,-28,597,76,3309,3332,-12,237,-6,0,255
8800,-18,-20,598,76,3327,3350,-12,238,-6,0,255
8850,-16,-28,597,76,3346,3368,-12,239,-5,0,255
8900,-15,-22,597,76,3364,3386,-12,240,-5,0,255
8950,-14,4,596,76,3384,3402,-12,242,-4,0,255
9000,-12,0,598,76,3403,3420,-13,243,-4,0,255
9050,-11,-1,601,76,3423,3436,-13,244,-3,0,255
9100,-10,-12,603,76,3441,3453,-13,246,-3,0,255
9150,-9,-4,604,76,3459,3470,-13,247,-2,0,255
9200,-7,8,606,76,3478,3488,-13,248,-2,0,255
9250,-6,-1,604,76,3496,3506,-13,249,-2,0,255
9300,-5,6,605,76,3514,3523,-13,251,-2,0,255
9350,-3,-3,608,76,3531,3542,-13,252,-2,0,255
9400,-2,-10,607,76,3548,3560,-13,253,-3,0,255
9450,-1,2,606,76,3564,3580,-13,255,-4,0,255
9500,0,2,603,76,3580,3599,-13,256,-4,0,255
9550,2,-4,599,76,3597,3618,-13,257,-5,0,255
9600,3,-8,597,76,3615,3635,-13,258,-5,0,255
9650,4,-4,599,76,3633,3653,-14,260,-5,0,255
9700,5,8,603,76,3651,3671,-14,261,-5,0,255
9750,7,20,605,76,3669,3690,-14,262,-5,0,255
9800,8,16,603,76,3685,3710,-14,263,-6,0,255
9850,9,-10,599,76,3702,3729,-14,265,-6,0,255
9900,11,-13,594,76,3720,3748,-14,266,-7,0,255
9950,12,-23,589,76,3741,3765,-14,267,-6,0,255
10000,13,-24,584,76,3764,3782,-15,269,-4,0,255
10050,15,-12,582,76,3792,3799,-15,270,-1,0,255
10100,17,-21,587,76,3823,3817,-15,272,1,0,255
10150,19,-6,595,76,3853,3836,-15,274,4,0,255
10200,20,15,607,76,3881,3856,-14,276,5,0,255
10250,22,53,624,76,3904,3880,-14,277,6,0,255
10300,24,53,635,76,3923,3909,-14,279,3,0,255
10350,25,55,639,76,3938,3942,-14,281,-1,0,255
10400,27,52,633,76,3951,3977,-14,282,-6,0,255
10450,29,17,617,76,3966,4011,-14,284,-11,0,255
10500,31,-16,599,76,3985,4042,-15,286,-14,0,255
10550,32,-26,590,76,4007,4068,-15,288,-15,0,255
10600,34,-38,576,76,4032,4090,-16,289,-14,0,255
10650,36,-11,579,76,4061,4108,-16,291,-11,0,255
10700,37,-16,582,76,4092,4126,-16,292,-8,0,255
10750,39,-2,584,76,4123,4143,-17,294,-5,0,255
10800,41,-11,588,76,4152,4160,-17,296,-2,0,255
10850,43,6,594,76,4182,4178,-17,298,0,0,255
10900,44,13,601,76,4209,4198,-17,299,2,0,255
10950,46,21,610,76,4234,4220,-17,301,3,0,255
11000,48,37,622,76,4257,4245,-16,303,3,0,255
11050,49,42,629,76,4276,4274,-16,304,0,0,255
11100,51,46,630,76,4293,4306,-16,306,-2,0,255
11150,53,2,622,76,4310,4338,-17,308,-7,0,255
11200,55,-1,609,76,4327,4369,-17,310,-10,0,255
11250,56,-22,600,76,4348,4397,-17,311,-12,0,255
11300,58,-49,591,76,4371,4422,-18,313,-13,0,255
11350,60,-14,586,76,4397,4444,-18,315,-12,0,255
11400,61,-6,585,76,4424,4465,-18,316,-10,0,255
11450,63,-6,585,76,4453,4484,-19,318,-7,0,255
11500,65,-17,589,76,4481,4502,-19,320,-5,0,255
11550,67,1,591,76,4509,4521,-19,321,-3,0,255
11600,68,-4,596,76,4537,4540,-19,323,-1,0,255
11650,70,-11,599,76,4564,4561,-19,325,0,0,255
11700,72,7,606,76,4589,4583,-19,326,1,0,255
11750,73,28,614,76,4613,4608,-19,328,1,0,255
11800,75,29,621,76,4634,4635,-19,330,0,0,255
11850,77,29,622,76,4653,4664,-19,332,-2,0,255
11900,79,22,620,76,4671,4694,-19,333,-5,0,255
11950,80,5,611,76,4690,4723,-19,335,-8,0,255
12000,82,-24,602,76,4710,4751,-20,337,-10,0,255
12050,84,-15,596,76,4733,4777,-20,338,-10,0,255
12100,85,-27,590,76,4757,4800,-20,340,-10,0,255
12150,87,-23,589,76,4784,4822,-21,342,-9,0,255
12200,89,-25,588,76,4811,4842,-21,343,-8,0,255
12250,91,-19,591,76,4840,4862,-21,345,-5,0,255
12300,92,-6,595,76,4867,4882,-21,347,-4,0,255
12350,94,16,600,76,4894,4903,-21,349,-2,0,255
12400,96,10,604,76,4919,4924,-21,350,-1,0,255
12450,97,8,606,76,4943,4948,-21,352,-1,0,255
12500,99,21,613,76,4966,4972,-21,354,-1,0,255
12550,101,4,617,76,4988,5000,-21,355,-3,0,255
12600,103,-7,614,76,5009,5028,-22,357,-4,0,255
12650,104,-2,609,76,5029,5056,-22,359,-6,0,255
12700,106,-1,604,76,5051,5082,-22,361,-7,0,255
12750,108,-6,598,76,5074,5108,-22,362,-8,0,255
12800,109,-13,594,76,5098,5131,-22,364,-8,0,255
12850,111,-15,593,76,5124,5154,-23,366,-7,0,255
12900,113,1,594,76,5150,5176,-23,367,-6,0,255
12950,115,-15,593,76,5176,5198,-23,369,-5,0,255
13000,116,0,594,76,5202,5218,-23,371,-4,0,255
13050,118,1,599,76,5228,5239,-23,373,-2,0,255
13100,120,10,604,76,5254,5260,-23,374,-1,0,255
13150,121,27,613,76,5278,5284,-23,376,-1,0,255
13200,123,17,614,76,5299,5309,-23,378,-2,0,255
13250,125,-13,604,76,5321,5335,-24,379,-3,0,255
13300,126,19,609,76,5343,5360,-24,381,-4,0,255
13350,-128,0,605,77,5366,5388,-24,383,-5,0,255
13400,-126,0,601,77,5390,5415,-24,385,-6,0,255
13450,-124,2,603,77,5415,5442,-24,386,-6,0,255
13500,-122,3,600,77,5439,5466,-24,388,-7,0,255
13550,-121,-6,601,77,5463,5490,-25,390,-6,0,255
13600,-119,-8,600,76,5484,5513,-25,391,-7,0,255
13650,-118,-12,598,76,5505,5534,-25,393,-7,0,255
13700,-116,-24,596,76,5527,5554,-25,394,-7,0,255
13750,-114,6,597,76,5550,5574,-25,396,-6,0,255
13800,-113,-4,599,76,5573,5595,-26,397,-5,0,255
13850,-111,-1,601,76,5596,5615,-26,399,-4,0,255
13900,-110,2,603,76,5618,5635,-26,400,-4,0,255
13950,-108,16,603,76,5640,5656,-26,402,-3,0,255
14000,-107,22,603,76,5662,5676,-26,403,-3,0,255
14050,-105,6,605,76,5684,5698,-26,405,-3,0,255
14100,-104,-6,606,76,5705,5721,-26,407,-4,0,255
14150,-102,17,608,76,5726,5744,-26,408,-4,0,255
14200,-101,10,607,76,5746,5767,-26,410,-5,0,255
14250,-99,2,606,76,5766,5791,-27,411,-6,0,255
14300,-98,4,604,76,5786,5814,-27,413,-7,0,255
14350,-96,8,601,76,5807,5838,-27,414,-7,0,255
14400,-94,-2,600,76,5829,5860,-27,416,-7,0,255
14450,-93,-4,599,76,5851,5882,-27,418,-7,0,255
14500,-91,-8,597,76,5873,5903,-28,419,-7,0,255
14550,-90,6,597,76,5896,5924,-28,421,-6,0,255
14600,-88,8,598,76,5919,5943,-28,422,-6,0,255
14650,-87,12,600,76,5942,5964,-28,424,-5,0,255
14700,-85,-14,602,76,5964,5984,-28,425,-5,0,255
14750,-83,0,602,76,5987,6004,-28,427,-4,0,255
14800,-82,2,603,76,6009,6024,-29,428,-4,0,255
14850,-80,14,606,76,6031,6046,-29,430,-3,0,255
14900,-79,3,608,76,6052,6068,-29,431,-4,0,255
14950,-77,4,607,76,6073,6092,-29,433,-4,0,255
15000,-76,20,608,76,6093,6116,-29,434,-5,0,255
15050,-74,10,607,76,6113,6139,-29,436,-6,0,255
15100,-73,20,605,76,6133,6162,-29,438,-7,0,255
15150,-71,-6,601,76,6154,6186,-30,439,-8,0,255
15200,-69,2,598,76,6176,6208,-30,441,-8,0,255
15250,-68,6,597,76,6199,6230,-30,442,-7,0,255
15300,-66,-14,597,76,6222,6252,-30,444,-7,0,255
15350,-65,-7,593,76,6245,6273,-31,446,-7,0,255
15400,-63,-11,591,76,6269,6292,-31,447,-5,0,255
15450,-62,-14,594,76,6294,6311,-31,449,-4,0,255
15500,-60,10,596,76,6319,6330,-31,450,-3,0,255
15550,-58,4,596,76,6343,6349,-31,452,-1,0,255
15600,-57,-12,595,76,6367,6368,-31,453,0,0,255
15650,-55,-17,592,76,6391,6386,-31,455,1,0,255
15700,-54,-16,593,76,6416,6405,-31,456,2,0,255
15750,-52,8,595,76,6440,6424,-31,458,4,0,255
15800,-51,2,595,76,6463,6444,-31,459,4,0,255
15850,-49,-4,595,76,6486,6463,-31,461,5,0,255
15900,-48,-20,594,76,6509,6482,-30,462,6,0,255
15950,-46,-28,590,76,6533,6502,-30,464,7,0,255
16000,-45,-17,585,76,6557,6520,-30,465,9,0,255
16050,-43,-10,593,76,6581,6538,-30,467,10,0,255
16100,-42,-24,592,76,6605,6557,-29,468,12,0,255
16150,-40,-6,591,76,6630,6576,-29,470,13,0,255
16200,-39,-23,585,76,6655,6594,-29,471,15,0,255
16250,-37,-12,588,76,6681,6611,-28,473,17,0,255
16300,-35,-70,589,76,6708,6629,-28,474,19,67,255
16350,-34,-69,584,76,6735,6646,-27,476,22,67,255
16400,-32,-60,583,76,6761,6661,-27,477,25,67,255
16450,-31,-51,588,76,6788,6677,-26,479,28,67,255
16500,-29,-48,590,76,6814,6694,-25,480,30,67,255
16550,-28,-48,590,76,6839,6710,-24,481,32,67,255
16600,-26,-63,590,76,6863,6726,-24,482,34,67,255
16650,-25,-48,590,76,6889,6743,-23,484,36,67,255
16700,-23,-61,591,76,6914,6760,-22,485,38,67,255
16750,-22,-67,591,76,6939,6778,-21,486,40,67,255
16800,-20,-57,591,76,6965,6796,-20,487,42,67,255
16850,-19,-45,592,76,6990,6814,-19,488,44,67,255
16900,-17,-62,591,76,7016,6830,-18,489,46,67,255
16950,-15,-60,592,76,7042,6849,-16,490,48,67,255
17000,-14,-62,591,76,7069,6867,-15,491,51,67,255
17050,-12,-63,588,76,7096,6885,-14,492,53,67,255
17100,-11,-69,587,76,7123,6903,-13,493,55,67,255
17150,-9,-60,587,76,7152,6921,-11,494,58,67,255
17200,-7,-61,587,76,7180,6939,-10,495,60,67,255
17250,-6,-44,588,76,7209,6957,-8,496,63,67,255
17300,-4,-74,588,76,7237,6974,-7,497,66,67,255
17350,-2,-49,590,76,7265,6992,-5,497,69,67,255
17400,-1,-63,594,76,7293,7011,-4,498,71,67,255
17450,1,-35,598,76,7321,7030,-2,498,73,67,255
17500,3,-39,599,76,7347,7050,0,499,75,67,255
17550,4,-42,602,76,7373,7071,0,499,76,67,255
17600,6,-26,603,76,7399,7092,2,499,77,67,255
17650,8,-50,601,76,7425,7114,4,500,78,67,255
17700,9,-46,598,76,7449,7136,5,500,79,67,255
17750,11,-67,592,76,7476,7158,7,500,80,67,255
17800,13,-47,590,76,7503,7179,9,501,82,67,255
17850,15,-55,587,76,7531,7199,10,501,84,67,255
17900,16,-61,592,77,7560,7218,12,501,86,67,255
17950,18,-37,597,77,7588,7238,14,501,88,67,255
18000,20,-39,599,77,7614,7259,15,501,89,67,255
18050,21,-25,604,77,7639,7282,17,501,90,67,255
18100,23,-33,608,77,7661,7304,19,501,90,67,255
18150,25,-31,609,77,7683,7328,20,501,89,67,255
18200,26,-31,609,77,7705,7352,22,501,89,67,255
18250,28,-37,609,77,7727,7376,24,501,88,67,255
18300,29,-31,609,77,7750,7400,25,501,88,67,255
18350,31,-38,608,77,7773,7424,27,501,88,67,255
18400,33,-60,604,77,7795,7447,29,501,88,67,255
18450,34,-50,601,77,7818,7470,30,501,88,67,255
18500,36,-50,601,77,7842,7492,32,501,88,67,255
18550,38,-44,601,77,7866,7516,34,501,88,67,255
18600,39,-43,602,77,7890,7538,35,501,89,67,255
18650,41,-41,603,77,7913,7560,37,501,89,67,255
18700,43,-45,604,77,7936,7582,38,501,89,67,255
18750,44,-45,604,77,7959,7605,40,502,89,67,255
18800,46,-45,604,77,7982,7628,42,502,89,67,255
18850,48,-53,605,77,8004,7652,43,502,89,67,255
18900,49,-53,605,77,8027,7676,45,502,88,67,255
18950,51,-45,604,77,8049,7700,47,502,88,67,255
19000,53,-45,604,77,8072,7723,48,502,88,67,255
19050,54,-53,605,77,8095,7745,50,502,88,67,255
19100,56,-26,606,77,8117,7767,52,502,88,67,255
19150,57,-55,607,77,8140,7790,53,502,88,67,255
19200,59,-41,606,77,8161,7812,55,502,88,67,255
19250,61,-38,605,77,8184,7834,56,502,88,67,255
19300,62,-19,607,77,8206,7858,58,502,88,67,255
19350,64,-40,607,77,8228,7882,60,502,87,67,255
19400,65,-34,607,77,8249,7905,61,502,87,67,255
19450,67,-44,604,77,8271,7928,63,502,86,67,255
19500,69,-48,602,77,8293,7952,64,502,86,67,255
19550,70,-67,600,77,8316,7975,66,502,86,67,255
19600,72,-54,599,77,8339,7997,68,502,86,67,255
19650,74,-55,598,77,8363,8020,69,503,86,67,255
19700,75,-39,599,77,8387,8042,71,503,87,67,255
19750,77,-46,600,77,8411,8064,73,503,87,67,255
19800,79,-18,602,77,8435,8086,74,503,88,67,255
19850,80,-30,606,77,8460,8108,76,503,88,67,255
19900,82,-30,609,77,8483,8131,78,503,89,67,255
19950,84,-24,612,77,8505,8155,79,503,88,67,255
20000,85,-24,612,77,8525,8178,81,503,87,67,255
20050,87,-49,610,77,8547,8203,83,503,86,67,255
20100,88,-38,608,77,8567,8228,84,503,85,67,255
20150,90,-27,605,77,8589,8254,86,503,85,67,255
20200,92,-54,602,77,8610,8277,87,503,84,67,255
20250,93,-53,599,77,8632,8299,89,504,84,67,255
20300,95,-55,598,77,8655,8321,91,504,84,67,255
20350,96,-59,596,77,8678,8343,92,504,84,67,255
20400,98,-40,595,77,8702,8364,94,504,85,67,255
20450,100,-51,597,77,8726,8385,95,504,86,67,255
20500,101,-57,597,77,8750,8406,97,504,86,67,255
20550,103,-54,601,77,8775,8428,99,504,87,67,255
20600,105,-17,608,77,8797,8450,100,504,88,67,255
20650,106,-32,608,77,8820,8472,102,504,88,67,255
20700,108,-17,608,77,8843,8496,103,504,88,67,255
20750,109,-32,608,77,8865,8519,105,505,87,67,255
20800,111,-38,608,77,8887,8542,107,505,87,67,255
20850,113,-37,610,77,8908,8566,108,505,86,67,255
20900,114,-41,609,77,8930,8591,110,505,85,67,255
20950,116,-37,608,77,8951,8616,112,505,84,67,255
21000,118,-40,606,77,8972,8640,113,505,83,67,255
21050,119,-42,602,77,8993,8664,115,505,83,67,255
21100,121,-40,598,77,9016,8688,116,505,83,67,255
21150,123,-62,594,77,9041,8710,118,506,83,67,255
21200,124,-51,592,77,9065,8732,120,506,84,67,255
21250,126,-40,595,77,9091,8754,122,506,85,67,255
21300,-128,-57,597,77,9117,8774,123,506,86,67,255
21350,-127,-44,601,77,9141,8796,125,506,87,67,255
21400,-125,-35,606,77,9165,8818,126,506,88,67,255
21450,-123,-47,611,77,9189,8840,128,506,88,67,255
21500,-122,-20,614,77,9210,8864,130,506,87,67,255
21550,-120,-43,613,77,9230,8888,131,506,86,67,255
21600,-119,-32,611,77,9250,8913,133,507,85,67,255
21650,-117,-35,609,77,9270,8938,135,507,84,67,255
21700,-115,-60,603,77,9291,8963,136,507,83,67,255
21750,-114,-51,600,77,9313,8986,138,507,82,67,255
21800,-112,-62,599,77,9335,9009,139,507,82,67,255
21850,-111,-60,595,77,9358,9030,141,508,83,67,255
21900,-109,-39,595,77,9382,9051,142,508,83,67,255
21950,-107,-47,596,77,9406,9072,144,508,84,67,255
22000,-106,-51,597,77,9430,9093,146,508,85,67,255
22050,-104,-25,600,77,9454,9115,147,508,86,67,255
22100,-103,-49,601,77,9477,9136,149,508,86,67,255
22150,-101,-42,602,77,9500,9158,151,508,86,67,255
22200,-99,-31,603,77,9523,9179,152,508,87,67,255
22250,-98,-33,607,77,9546,9202,154,509,87,67,255
22300,-96,-30,609,77,9569,9224,155,509,87,67,255
22350,-95,-29,609,77,9590,9247,157,509,86,67,255
22400,-93,-37,608,77,9611,9270,158,509,86,67,255
22450,-91,-52,608,77,9632,9294,160,509,85,67,255
22500,-90,-35,606,77,9654,9319,162,509,84,67,255
22550,-88,-24,604,77,9675,9343,163,509,84,67,255
22600,-87,-62,602,77,9697,9365,165,509,84,67,255
22650,-85,-30,600,77,9719,9388,167,510,84,67,255
22700,-83,-49,598,77,9743,9410,168,510,84,67,255
22750,-82,-52,596,77,9766,9431,170,510,84,67,255
22800,-80,-37,596,77,9790,9452,171,510,85,67,255
22850,-78,-49,598,77,9815,9474,173,510,86,67,255
22900,-77,-68,599,77,9839,9495,175,510,86,67,255
22950,-75,-28,601,77,9862,9517,176,510,87,67,255
23000,-74,-31,603,77,9885,9538,178,510,87,67,255
23050,-72,-33,607,77,9908,9560,179,510,88,67,255
23100,-70,-14,609,77,9931,9582,181,510,88,67,255
23150,-69,-46,608,77,9953,9605,183,510,87,67,255
23200,-67,-50,604,77,9974,9627,184,511,87,67,255
23250,-66,-47,602,77,9996,9650,186,511,87,67,255
23300,-64,-58,596,77,10019,9672,187,511,87,67,255
23350,-62,-62,591,77,10043,9693,189,511,88,67,255
23400,-61,-56,586,77,10068,9712,191,511,90,67,255
23450,-59,-67,588,77,10094,9730,192,511,92,67,255
23500,-58,-69,585,77,10121,9748,194,511,94,67,255
23550,-56,-85,579,77,10149,9765,195,510,97,67,255
23600,-54,-68,580,77,10178,9781,197,510,100,67,255
23650,-53,-67,583,77,10209,9798,199,510,104,67,255
23700,-51,-54,587,77,10239,9815,200,509,107,67,255
23750,-49,-40,595,77,10268,9833,202,509,110,67,255
23800,-48,-50,601,77,10295,9853,203,508,111,67,255
23850,-46,-44,601,77,10320,9874,205,508,112,67,255
23900,-44,-42,602,77,10343,9894,206,507,113,67,255
23950,-43,-47,603,77,10366,9916,208,506,113,67,255
24000,-41,-27,602,77,10389,9938,209,506,114,67,255
24050,-40,-58,597,77,10412,9960,211,505,114,67,255
24100,-38,-44,593,77,10435,9980,212,504,115,67,255
24150,-36,-56,590,77,10460,10000,214,504,116,67,255
24200,-35,-76,587,77,10486,10018,215,503,118,67,255
24250,-33,-63,586,77,10513,10036,216,502,120,67,255
24300,-32,-54,588,77,10540,10054,218,501,123,67,255
24350,-30,-67,587,77,10567,10071,219,500,125,67,255
24400,-29,-43,589,77,10594,10088,220,499,127,67,255
24450,-27,-65,590,77,10621,10106,222,498,130,67,255
24500,-25,-36,593,77,10648,10125,223,497,132,67,255
24550,-24,-58,594,77,10674,10144,224,496,134,67,255
24600,-22,-60,593,77,10700,10164,225,495,135,67,255
24650,-20,-63,595,77,10726,10184,226,494,137,67,255
24700,-19,-57,595,77,10751,10204,227,493,138,67,255
24750,-17,-63,595,77,10776,10225,228,491,139,67,255
24800,-16,-72,595,77,10799,10245,229,490,140,67,255
24850,-14,-51,593,77,10823,10264,230,489,141,67,255
24900,-13,-53,592,77,10848,10283,231,488,142,67,255
24950,-11,-38,592,77,10873,10302,232,487,144,67,255
25000,-9,-57,590,77,10897,10319,233,485,146,67,255
25050,-8,-74,589,77,10923,10337,234,484,148,67,255
25100,-6,-59,589,77,10949,10354,235,483,150,67,255
25150,-5,-74,589,77,10975,10372,236,481,152,67,255
25200,-3,-71,591,77,11002,10390,236,480,154,67,255
25250,-2,-71,591,77,11029,10408,237,478,157,67,255
25300,0,-71,591,77,11055,10427,237,477,158,67,255
25350,2,-41,591,77,11082,10446,238,475,160,67,255
25400,3,-55,591,77,11109,10466,239,474,162,67,255
25450,5,-50,591,77,11135,10486,239,472,164,67,255
25500,7,-67,590,77,11161,10504,239,471,166,67,255
25550,8,-45,589,77,11188,10524,240,469,168,67,255
25600,10,-79,587,77,11215,10542,240,467,169,67,255
25650,12,-70,584,77,11242,10560,240,466,172,67,255
25700,13,-67,585,77,11269,10577,241,464,175,67,255
25750,15,-49,587,77,11297,10594,241,463,177,67,255
25800,16,-55,589,77,11324,10610,241,461,180,67,255
25850,18,-51,591,77,11351,10626,241,460,183,67,255
25900,19,-64,592,77,11378,10644,240,458,185,67,255
25950,21,-48,593,77,11405,10660,240,456,188,67,255
26000,22,-49,592,77,11431,10678,240,455,190,67,255
26050,24,-50,592,77,11457,10695,240,453,192,67,255
26100,26,-65,592,77,11483,10712,239,452,194,67,255
26150,27,-65,592,77,11508,10730,239,450,196,67,255
26200,29,-58,591,77,11533,10747,238,449,198,67,255
26250,30,-76,589,77,11559,10765,238,448,200,67,255
26300,32,-54,590,77,11585,10782,237,446,203,67,255
26350,33,-54,590,77,11611,10798,237,445,205,67,255
26400,35,-71,589,77,11636,10816,236,443,207,67,255
26450,36,-73,588,77,11663,10832,235,442,210,67,255
26500,38,-71,589,77,11689,10848,234,441,212,67,255
26550,40,-69,590,77,11717,10866,234,439,215,67,255
26600,41,-62,589,77,11744,10883,233,438,217,67,255
26650,43,-47,589,77,11772,10900,232,437,220,67,255
26700,44,-49,588,77,11800,10916,230,436,223,67,255
26750,46,-77,589,77,11828,10934,229,435,226,67,255
26800,47,-66,592,77,11855,10950,228,434,228,67,255
26850,49,-46,595,77,11882,10967,227,433,231,67,255
26900,51,-55,598,77,11908,10984,226,432,233,67,255
26950,52,-53,597,77,11934,11003,224,431,235,67,255
27000,54,-61,598,77,11958,11021,223,430,237,67,255
27050,55,-55,598,77,11984,11040,222,429,238,67,255
27100,57,-55,596,77,12009,11058,221,428,240,67,255
27150,58,-40,595,77,12035,11076,219,427,242,67,255
27200,60,-56,593,77,12061,11093,218,427,244,67,255
27250,62,-65,593,77,12089,11111,216,426,247,67,255
27300,63,-61,592,77,12117,11128,215,426,250,67,255
27350,65,-65,588,77,12145,11145,213,425,253,67,255
27400,66,-53,588,77,12174,11161,212,425,256,67,255
27450,68,-58,588,77,12203,11178,210,424,259,67,255
27500,70,-52,589,77,12231,11194,209,424,262,67,255
27550,71,-43,589,77,12260,11210,207,424,265,67,255
27600,73,-73,589,77,12289,11226,205,424,268,67,255
27650,74,-56,590,77,12317,11243,204,424,271,67,255
27700,76,-69,591,77,12345,11260,202,424,274,67,255
27750,78,-75,591,77,12374,11278,200,424,277,67,255
27800,79,-51,593,77,12401,11296,199,424,279,67,255
27850,81,-56,593,77,12429,11314,197,425,282,67,255
27900,83,-70,591,77,12457,11330,196,425,284,67,255
27950,84,-55,591,77,12487,11347,194,426,288,67,255
28000,86,-41,595,77,12515,11364,193,426,291,67,255
28050,88,-38,600,77,12543,11383,191,427,293,67,255
28100,89,-31,604,77,12569,11402,190,427,295,67,255
28150,91,-42,606,77,12593,11422,188,428,296,67,255
28200,92,-54,608,77,12616,11443,187,429,296,67,255
28250,94,-55,607,77,12638,11464,185,429,297,67,255
28300,95,-53,603,77,12660,11485,184,430,297,67,255
28350,97,-57,601,77,12683,11506,183,431,297,67,255
28400,98,-40,599,77,12706,11528,181,432,298,67,255
28450,100,-65,597,77,12731,11548,180,432,299,67,255
28500,102,-68,595,77,12756,11568,178,433,300,67,255
28550,103,-62,595,77,12782,11588,177,434,301,67,255
28600,105,-47,595,77,12809,11608,176,435,303,67,255
28650,107,-37,596,77,12836,11628,174,436,305,67,255
28700,108,-46,596,77,12862,11647,173,437,307,67,255
28750,110,-53,600,77,12889,11667,172,438,309,67,255
28800,112,-31,604,77,12913,11688,170,439,310,67,255
28850,113,-32,609,77,12937,11708,169,440,311,67,255
28900,115,-43,611,77,12959,11730,168,441,311,67,255
28950,116,-24,613,77,12981,11752,167,442,311,67,255
29000,118,-53,612,77,13001,11775,166,443,310,67,255
29050,120,-30,613,77,13022,11798,164,444,309,67,255
29100,121,-45,613,77,13042,11822,163,445,308,67,255
29150,123,-40,610,77,13063,11847,162,446,308,67,255
29200,124,-40,610,77,13083,11870,161,447,306,67,255
29250,126,-22,609,77,13105,11894,159,448,306,67,255
29300,127,-55,607,77,13126,11916,158,449,305,67,255
29350,-127,-55,607,77,13149,11940,157,450,305,67,255
29400,-125,-43,605,77,13171,11962,155,451,305,67,255
29450,-124,-49,602,77,13194,11985,154,452,305,67,255
29500,-122,-54,599,77,13218,12007,153,453,306,67,255
29550,-120,-51,601,77,13243,12028,151,454,307,67,255
29600,-119,-25,604,77,13268,12049,150,455,308,67,255
29650,-117,-20,607,77,13291,12071,149,456,309,67,255
29700,-116,-16,609,77,13313,12092,148,457,309,67,255
29750,-114,-40,610,77,13335,12114,146,458,309,67,255
29800,-112,-33,611,77,13356,12136,145,459,308,67,255
29850,-111,-27,611,77,13377,12159,144,460,308,67,255
29900,-109,-20,610,77,13398,12182,143,461,307,67,255
29950,-108,-36,609,77,13419,12206,141,462,306,67,255
30000,-106,-36,609,77,13440,12229,140,463,306,67,255
30050,-104,-40,607,77,13462,12252,139,464,306,67,255
30100,-103,-58,605,77,13484,12275,138,465,305,67,255
30150,-101,-41,606,77,13507,12298,136,466,305,67,255
30200,-100,-41,606,76,13530,12321,135,466,305,67,255
30250,-98,-52,603,77,13554,12344,134,467,305,67,255
30300,-96,-48,602,77,13577,12367,132,468,306,67,255
30350,-95,-43,605,77,13601,12390,131,469,306,67,255
30400,-93,-30,609,77,13625,12412,130,470,306,67,255
30450,-91,-23,613,77,13647,12434,128,471,306,67,255
30500,-90,-32,616,77,13667,12458,127,472,306,67,255
30550,-88,-26,619,77,13687,12482,126,473,304,67,255
30600,-87,-21,617,77,13705,12506,125,474,303,67,255
30650,-85,-34,618,77,13724,12532,123,475,301,67,255
30700,-84,-39,616,77,13743,12558,122,476,299,67,255
30750,-82,-26,614,77,13762,12583,120,477,298,67,255
30800,-80,-28,613,77,13781,12608,119,477,296,67,255
30850,-79,-55,609,77,13801,12633,118,478,295,67,255
30900,-77,-39,607,77,13821,12657,116,479,294,67,255
30950,-76,-42,605,77,13843,12680,115,479,294,67,255
31000,-74,-42,605,77,13866,12704,113,480,294,67,255
31050,-72,-43,604,77,13890,12727,112,481,294,67,255
31100,-71,-36,603,77,13914,12750,110,481,294,67,255
31150,-69,-47,602,77,13937,12772,109,482,294,67,255
31200,-67,-33,607,77,13961,12794,107,483,295,67,255
31250,-66,-18,615,77,13984,12817,106,483,295,67,255
31300,-64,-31,616,77,14004,12841,104,484,294,67,255
31350,-62,-32,614,77,14024,12866,103,485,293,67,255
31400,-61,-41,617,77,14043,12890,101,485,291,67,255
31450,-59,-28,616,77,14063,12916,100,486,290,67,255
31500,-58,-31,614,77,14083,12942,98,486,288,67,255
31550,-56,-27,613,77,14103,12968,97,487,287,67,255
31600,-54,-31,611,77,14123,12994,95,487,285,67,255
31650,-53,-40,609,77,14145,13020,93,488,284,67,255
31700,-51,-43,607,77,14166,13045,92,488,283,67,255
31750,-49,-47,605,77,14189,13070,90,489,283,67,255
31800,-48,-19,606,77,14213,13094,89,489,283,67,255
31850,-46,-28,609,77,14237,13118,87,489,283,67,255
31900,-44,-28,612,77,14260,13142,85,490,282,67,255
31950,-42,-26,613,77,14282,13166,84,490,282,67,255
32000,-41,-44,615,77,14303,13190,82,491,281,67,255
32050,-39,-21,616,77,14324,13216,80,491,280,67,255
32100,-38,-17,618,77,14343,13241,79,491,279,67,255
32150,-36,-27,618,77,14363,13268,77,491,276,67,255
32200,-34,-43,615,77,14381,13294,76,492,275,67,255
32250,-33,-24,617,77,14400,13321,74,492,273,67,255
32300,-31,-47,613,77,14419,13346,72,492,271,67,255
32350,-29,-37,610,77,14439,13372,71,492,270,67,255
32400,-28,-48,609,77,14459,13397,69,492,268,67,255
32450,-26,-48,609,77,14480,13422,67,492,267,67,255
32500,-25,-29,611,77,14502,13447,66,492,267,67,255
32550,-23,-25,613,77,14523,13472,64,492,265,67,255
32600,-21,-21,617,77,14543,13496,63,491,264,67,255
32650,-20,-2,622,77,14563,13522,61,491,263,67,255
32700,-18,-20,624,77,14581,13548,59,491,261,67,255
32750,-16,-21,623,77,14598,13575,58,491,258,67,255
32800,-15,-13,624,77,14615,13602,56,490,256,67,255
32850,-13,-21,623,77,14632,13630,55,490,253,67,255
32900,-12,-36,618,77,14649,13658,53,490,250,67,255
32950,-10,-17,617,77,14667,13687,52,489,248,67,255
33000,-8,-54,613,77,14685,13714,50,488,246,67,255
33050,-7,-45,613,77,14704,13741,49,488,243,67,255
33100,-5,-26,612,77,14723,13767,47,487,242,67,255
33150,-4,-30,613,77,14743,13793,46,486,240,67,255
33200,-2,-26,615,77,14763,13819,44,485,238,67,255
33250,0,-46,617,77,14782,13845,43,484,237,67,255
33300,1,-18,619,77,14801,13870,42,484,235,67,255
33350,3,-22,622,77,14819,13897,40,483,233,67,255
33400,4,-5,623,77,14836,13923,39,482,231,67,255
33450,6,-27,622,77,14852,13950,38,481,228,67,255
33500,8,-23,624,77,14869,13977,37,480,225,67,255
33550,9,-27,622,77,14886,14006,36,478,222,67,255
33600,11,-21,622,77,14902,14034,35,477,219,67,255
33650,12,-26,619,77,14920,14060,34,476,217,67,255
33700,14,-17,616,77,14937,14087,33,475,215,67,255
33750,16,-32,613,77,14956,14113,32,473,213,67,255
33800,17,-32,611,77,14976,14138,31,472,212,67,255
33850,19,-44,609,77,14996,14163,30,471,210,67,255
33900,20,-35,614,77,15017,14188,29,469,210,67,255
33950,22,-37,616,77,15038,14214,29,468,208,67,255
34000,24,-11,619,77,15058,14240,28,466,207,67,255
34050,25,-30,620,77,15075,14266,27,465,204,67,255
34100,27,-37,616,77,15092,14292,26,464,202,67,255
34150,28,-21,613,77,15110,14316,26,462,200,67,255
34200,30,-31,611,77,15129,14341,25,461,199,67,255
34250,32,-28,609,77,15150,14367,25,459,198,67,255
34300,33,-30,608,77,15171,14391,24,458,197,67,255
34350,35,-36,608,77,15192,14415,24,456,196,67,255
34400,36,-28,609,77,15213,14439,23,454,195,67,255
34450,38,-28,609,77,15234,14464,23,453,194,67,255
34500,40,-26,610,77,15255,14488,23,451,194,67,255
34550,41,-23,612,77,15276,14514,22,450,193,67,255
34600,43,-34,614,77,15297,14538,22,448,191,67,255
34650,45,-28,617,77,15317,14564,22,446,190,67,255
34700,46,-9,619,77,15337,14590,21,445,189,67,255
34750,48,-25,619,77,15355,14616,21,443,187,67,255
34800,49,-41,618,77,15373,14642,21,442,185,67,255
34850,51,-26,618,77,15391,14669,21,440,182,67,255
34900,53,-35,616,77,15409,14695,21,439,180,67,255
34950,54,-39,614,77,15427,14722,21,437,178,67,255
35000,56,-26,613,77,15446,14748,21,435,176,67,255
35050,57,-27,612,77,15464,14774,21,434,174,67,255
35100,59,-36,612,77,15482,14798,21,432,172,67,255
35150,61,-23,611,77,15501,14824,21,431,171,67,255
35200,62,-44,611,77,15520,14849,22,429,169,67,255
35250,64,-17,614,77,15539,14875,22,427,168,67,255
35300,65,-15,615,77,15557,14902,22,426,166,67,255
35350,67,-25,618,77,15575,14928,23,424,163,67,255
35400,68,-29,619,77,15592,14953,23,423,161,67,255
35450,70,-14,619,77,15609,14979,24,421,159,67,255
35500,71,-27,620,77,15625,15005,24,420,156,67,255
35550,73,-15,618,77,15641,15031,25,419,154,67,255
35600,74,-28,619,77,15657,15057,25,417,151,67,255
35650,76,-32,617,77,15673,15084,26,416,149,67,255
35700,77,-32,617,77,15690,15111,27,415,146,67,255
35750,79,-27,616,77,15708,15138,28,413,144,67,255
35800,81,-33,613,77,15725,15164,29,412,141,67,255
35850,82,-37,611,77,15743,15191,30,411,139,67,255
35900,84,-42,608,77,15761,15217,31,410,137,67,255
35950,85,-31,606,77,15780,15243,32,409,136,67,255
36000,87,-48,605,77,15799,15267,33,408,134,67,255
36050,89,-31,606,77,15819,15290,34,406,133,67,255
36100,90,-21,608,77,15839,15314,35,405,132,67,255
36150,92,-40,609,77,15858,15337,37,404,131,67,255
36200,93,-44,610,77,15877,15361,38,403,130,67,255
36250,95,-36,611,77,15895,15385,39,402,129,67,255
36300,96,-34,612,77,15913,15410,40,401,127,67,255
36350,98,-23,613,77,15931,15436,41,400,125,67,255
36400,99,-38,610,77,15948,15462,43,400,123,67,255
36450,101,-46,609,77,15966,15487,44,399,121,67,255
36500,102,-43,607,77,15985,15512,45,398,119,67,255
36550,104,-40,604,77,16005,15537,47,397,118,67,255
36600,106,-56,603,77,16025,15562,48,396,117,67,255
36650,107,-36,603,77,16047,15587,50,396,116,67,255
36700,109,-37,602,77,16069,15611,51,395,115,67,255
36750,111,-37,602,77,16091,15634,53,394,115,67,255
36800,112,-49,604,76,16112,15658,54,394,114,67,255
36850,114,-32,605,76,16134,15682,55,393,114,67,255
36900,115,-45,606,77,16154,15705,57,392,113,67,255
36950,117,-43,607,77,16173,15728,58,392,112,67,255
37000,118,-40,606,76,16193,15752,60,391,111,67,255
37050,120,-34,607,76,16213,15776,61,391,110,67,255
37100,122,-30,606,76,16234,15802,63,390,109,67,255
37150,123,-47,605,76,16254,15826,64,389,108,67,255
37200,125,-54,604,76,16274,15850,66,389,107,67,255
37250,126,-55,603,76,16294,15874,67,388,106,67,255
37300,-128,-37,602,77,16315,15898,69,388,105,67,255
37350,-126,-39,601,77,16336,15922,70,388,104,67,255
37400,-125,-40,600,76,16358,15944,72,387,104,67,255
37450,-123,-55,600,77,16380,15968,73,387,104,67,255
37500,-122,-44,601,77,16403,15990,75,386,104,67,255
37550,-120,-42,602,76,16426,16013,77,386,104,67,255
37600,-118,-20,603,76,16448,16036,78,386,104,67,255
37650,-117,-32,605,76,16470,16058,80,385,104,67,255
37700,-115,-32,605,77,16491,16082,81,385,104,67,255
37750,-113,-32,605,76,16512,16105,83,384,103,67,255
37800,-112,-43,607,76,16532,16129,84,384,101,67,255
37850,-110,-61,605,76,16552,16153,86,384,100,67,255
37900,-109,-39,604,76,16572,16176,87,384,99,67,255
37950,-107,-55,603,76,16592,16199,89,383,99,67,255
38000,-106,-59,601,77,16613,16222,90,383,98,67,255
38050,-104,-39,601,77,16635,16245,92,383,98,67,255
38100,-103,-37,602,76,16657,16268,94,383,98,67,255
38150,-101,-39,601,76,16679,16291,95,382,98,67,255
38200,-99,-33,601,77,16701,16314,97,382,97,67,255
38250,-98,-39,601,76,16724,16337,98,382,97,67,255
38300,-96,-33,604,76,16747,16360,100,382,97,67,255
38350,-94,-30,606,76,16770,16383,102,381,97,67,255
38400,-93,-49,607,76,16791,16406,103,381,97,67,255
38450,-91,-41,608,76,16812,16429,105,381,96,67,255
38500,-90,-39,604,76,16833,16454,106,381,96,67,255
38550,-88,-54,601,76,16855,16478,108,381,95,67,255
38600,-86,-40,603,76,16876,16501,110,381,94,67,255
38650,-85,-24,604,76,16897,16526,111,380,94,67,255
38700,-83,-27,604,76,16918,16549,113,380,93,67,255
38750,-82,-55,597,76,16940,16572,114,380,92,67,255
38800,-80,-28,598,76,16962,16594,116,380,93,67,255
38850,-78,-45,597,77,16985,16617,118,380,93,67,255
38900,-77,-23,598,76,17007,16640,119,380,93,67,255
38950,-75,-57,599,77,17031,16662,121,380,93,67,255
39000,-73,-18,599,77,17055,16685,123,380,93,67,255
39050,-72,-37,602,77,17079,16708,124,380,93,67,255
39100,-70,-25,605,76,17102,16731,126,380,93,67,255
39150,-68,-30,606,76,17125,16754,128,379,93,67,255
39200,-67,-20,608,76,17148,16778,129,379,93,67,255
39250,-65,-43,607,76,17169,16803,131,379,92,67,255
39300,-63,-37,605,76,17191,16828,133,379,91,67,255
39350,-62,-33,604,76,17213,16853,134,379,91,67,255
39400,-60,-57,602,76,17235,16878,136,379,90,67,255
39450,-58,-46,600,76,17257,16901,138,379,90,67,255
39500,-57,-26,599,77,17279,16924,139,379,90,67,255
39550,-55,-45,597,77,17302,16947,141,379,90,67,255
39600,-54,-47,596,77,17325,16969,142,379,90,67,255
39650,-52,-64,595,77,17349,16991,144,379,90,67,255
39700,-50,-26,596,77,17372,17014,146,379,90,67,255
39750,-49,-47,596,77,17396,17036,147,379,91,67,255
39800,-47,-44,598,76,17420,17058,149,379,91,67,255
39850,-45,-33,601,76,17444,17080,151,379,92,67,255
39900,-44,-48,604,77,17467,17102,152,379,92,67,255
39950,-42,-39,606,77,17490,17124,154,379,92,67,255
40000,-40,-41,608,76,17512,17147,155,379,92,67,255
40050,-39,-45,606,76,17533,17170,157,379,91,67,255
40100,-37,-24,606,76,17555,17194,159,379,91,67,255
40150,-36,-33,604,76,17576,17218,160,379,90,67,255
40200,-34,-35,603,76,17597,17242,162,379,89,67,255
40250,-32,-37,602,76,17619,17266,164,379,89,67,255
40300,-31,-33,599,77,17640,17288,165,379,89,67,255
40350,-29,-30,597,77,17663,17310,167,379,89,67,255
40400,-28,-49,595,77,17686,17332,168,379,89,67,255
40450,-26,-51,594,77,17709,17354,170,379,89,67,255
40500,-24,-53,593,77,17733,17376,172,379,90,67,255
40550,-23,-38,593,77,17758,17398,173,379,91,67,255
40600,-21,-28,595,77,17783,17418,175,379,92,67,255
40650,-19,-39,598,77,17808,17439,177,378,93,67,255
40700,-18,-33,601,77,17832,17460,178,378,93,67,255
40750,-16,-36,603,77,17856,17482,180,378,94,67,255
40800,-15,-19,604,77,17879,17503,181,378,95,67,255
40850,-13,-37,602,76,17901,17526,183,378,94,67,255
40900,-11,-44,601,77,17923,17548,184,378,95,67,255
40950,-10,-37,602,77,17946,17570,186,378,95,67,255
41000,-8,-40,600,77,17968,17593,188,378,94,67,255
41050,-7,-59,598,77,17991,17615,189,377,94,67,255
41100,-5,-29,598,76,18013,17636,191,377,95,67,255
41150,-3,-54,596,76,18036,17658,192,377,95,67,255
41200,-2,-49,595,77,18060,17679,194,377,96,67,255
41250,0,-45,594,77,18083,17700,196,377,96,67,255
41300,1,-38,593,77,18107,17721,197,377,97,67,255
41350,3,-29,593,77,18132,17742,199,376,98,67,255
41400,5,-53,593,77,18156,17763,200,376,99,67,255
41450,6,-35,595,77,18181,17783,202,376,100,67,255
41500,8,-44,598,77,18206,17804,204,375,101,67,255
41550,9,-39,598,77,18230,17824,205,375,102,67,255
41600,11,-48,596,77,18254,17845,207,375,103,67,255
41650,13,-44,598,76,18279,17866,208,374,104,67,255
41700,14,-48,596,76,18302,17887,210,374,105,67,255
41750,16,-45,598,76,18326,17907,211,374,105,67,255
41800,17,-58,599,76,18348,17928,213,373,106,67,255
41850,19,-36,600,76,18373,17951,214,373,106,67,255
41900,21,-36,600,76,18396,17973,216,372,107,67,255
41950,22,-45,598,76,18418,17994,218,372,107,67,255
42000,24,-48,596,76,18439,18014,219,371,107,67,255
42050,25,-41,592,77,18462,18036,220,371,108,67,255
42100,27,-45,590,77,18487,18056,222,370,109,67,255
42150,29,-62,589,77,18512,18075,223,370,110,67,255
42200,30,-50,587,77,18538,18094,225,369,112,67,255
42250,32,-50,587,77,18565,18113,226,368,114,67,255
42300,33,-51,587,77,18593,18132,228,368,116,67,255
42350,35,-68,586,77,18620,18150,229,367,118,67,255
42400,37,-49,588,77,18647,18168,231,366,121,67,255
42450,38,-51,592,77,18675,18186,232,365,123,67,255
42500,40,-55,593,77,18700,18205,233,364,125,67,255
42550,41,-51,595,77,18724,18224,235,363,126,67,255
42600,43,-32,594,77,18748,18243,236,363,127,67,255
42650,45,-42,592,77,18772,18262,237,362,129,67,255
42700,46,-44,591,77,18796,18282,238,361,130,67,255
42750,48,-61,590,77,18821,18302,240,360,131,67,255
42800,49,-63,589,77,18846,18320,241,359,132,67,255
42850,51,-44,588,77,18872,18339,242,357,134,67,255
42900,52,-55,585,77,18899,18357,243,356,136,67,255
42950,54,-56,585,77,18927,18376,244,355,139,67,255
43000,56,-74,583,77,18955,18393,245,354,141,67,255
43050,57,-66,582,77,18983,18410,246,352,145,67,255
43100,59,-67,582,77,19011,18428,247,351,147,67,255
43150,61,-62,582,77,19040,18446,248,350,150,67,255
43200,62,-58,584,77,19069,18463,249,348,153,67,255
43250,64,-56,585,77,19096,18480,249,347,155,67,255
43300,65,-55,586,77,19123,18498,250,345,158,67,255
43350,67,-66,588,77,19150,18516,250,344,160,67,255
43400,69,-51,588,77,19177,18533,251,342,162,67,255
43450,70,-39,594,77,19203,18551,251,341,165,67,255
43500,72,-43,595,77,19227,18569,252,339,166,67,255
43550,73,-54,595,77,19252,18588,252,338,168,67,255
43600,75,-29,597,77,19276,18607,252,336,169,67,255
43650,77,-52,596,77,19301,18627,253,335,170,67,255
43700,78,-37,596,77,19326,18646,253,333,172,67,255
43750,80,-56,594,77,19351,18666,253,331,173,67,255
43800,81,-43,593,77,19376,18686,253,330,174,67,255
43850,83,-48,595,77,19401,18706,253,328,175,67,255
43900,84,-39,595,77,19425,18725,254,327,177,67,255
43950,86,-35,597,77,19449,18745,254,325,178,67,255
44000,88,-32,599,77,19473,18766,254,324,179,67,255
44050,89,-40,600,77,19496,18786,254,322,179,67,255
44100,91,-25,603,77,19519,18808,254,320,179,67,255
44150,92,-33,607,76,19542,18831,254,319,179,67,255
44200,94,-12,610,76,19564,18854,254,317,179,67,255
44250,96,-17,612,76,19585,18878,254,316,178,67,255
44300,97,-20,614,76,19605,18902,254,314,177,67,255
44350,99,-33,615,76,19625,18927,254,312,176,67,255
44400,100,-46,611,76,19645,18951,254,311,175,67,255
44450,102,-45,608,77,19666,18974,254,309,174,67,255
44500,103,-47,607,77,19686,18996,254,308,174,67,255
44550,105,-45,605,77,19708,19020,254,306,173,67,255
44600,107,-42,601,76,19729,19042,255,305,173,67,255
44650,108,-52,599,76,19751,19064,255,303,173,67,255
44700,110,-33,598,76,19773,19084,255,302,174,67,255
44750,111,-65,597,76,19795,19104,255,300,174,67,255
44800,113,-37,596,76,19818,19124,255,299,175,67,255
44850,114,-37,596,77,19841,19143,255,297,176,67,255
44900,116,-39,595,77,19864,19164,255,296,177,67,255
44950,118,-67,588,77,19889,19184,255,294,178,67,255
45000,119,-61,591,77,19914,19202,255,292,179,67,255
45050,121,-39,595,77,19939,19221,255,291,181,67,255
45100,122,-36,602,77,19964,19240,255,289,182,67,255
45150,124,-31,608,76,19987,19262,255,288,183,67,255
45200,125,-40,611,76,20009,19284,255,286,183,67,255
45250,127,-40,611,76,20030,19306,255,284,183,67,255
45300,-128,-40,611,77,20050,19328,255,283,182,67,255
45350,-126,-14,609,77,20071,19352,255,281,182,67,255
45400,-125,-19,608,77,20092,19374,255,280,181,67,255
45450,-123,27,638,77,20111,19399,255,278,179,67,255
45500,-121,31,643,77,20124,19429,255,277,175,67,255
45550,-120,-13,632,77,20135,19461,255,275,170,67,255
45600,-118,-91,597,77,20149,19490,255,274,166,67,255
45650,-117,-100,568,77,20171,19512,256,272,166,67,255
45700,-115,-110,559,77,20199,19526,256,271,170,67,255
45750,-114,-97,566,77,20231,19538,256,269,175,67,255
45800,-112,-101,567,77,20263,19549,256,268,180,67,255
45850,-111,-88,568,77,20296,19559,256,266,186,67,255
45900,-109,-87,569,77,20329,19570,256,265,191,67,255
45950,-107,-88,571,77,20361,19580,255,263,197,67,255
46000,-106,-83,571,77,20394,19591,255,262,202,67,255
46050,-104,-91,570,77,20426,19602,254,260,208,67,255
46100,-103,-87,570,77,20459,19612,253,259,213,67,255
46150,-101,-87,570,77,20491,19623,253,258,219,67,255
46200,-100,-95,571,77,20523,19633,252,257,225,67,255
46250,-98,-86,571,77,20555,19643,250,255,230,67,255
46300,-97,-94,572,77,20587,19653,249,255,236,67,255
46350,-95,-70,579,77,20619,19664,248,254,241,67,255
46400,-94,-38,593,77,20649,19676,247,253,246,67,255
46450,-92,-18,610,77,20677,19692,245,253,249,67,255
46500,-91,12,626,76,20700,19713,244,252,249,67,255
46550,-89,8,636,76,20718,19739,242,251,247,67,255
46600,-87,-11,632,76,20734,19769,241,251,244,67,255
46650,-86,-46,619,76,20749,19800,239,250,240,67,255
46700,-84,-65,600,76,20767,19828,238,249,237,67,255
46750,-82,-70,584,77,20790,19852,236,248,237,67,255
46800,-81,-101,574,77,20816,19870,235,247,239,67,255
46850,-79,-79,570,77,20847,19886,233,247,243,67,255
46900,-78,-93,570,77,20879,19898,232,246,248,67,255
46950,-76,-95,569,77,20913,19910,230,245,253,67,255
47000,-74,-81,569,77,20947,19920,229,245,259,67,255
47050,-73,-89,570,77,20982,19930,227,245,265,67,255
47100,-71,-92,571,77,21016,19940,226,245,272,67,255
47150,-70,-83,573,77,21050,19950,224,245,278,67,255
47200,-68,-74,578,77,21084,19960,223,245,284,67,255
47250,-66,-69,586,77,21117,19972,221,246,289,67,255
47300,-65,-36,596,77,21147,19986,220,246,293,67,255
47350,-63,-39,606,77,21174,20003,218,247,296,67,255
47400,-62,-29,616,77,21197,20024,217,248,296,67,255
47450,-60,-32,618,76,21218,20048,215,249,296,67,255
47500,-59,-24,614,76,21238,20072,214,249,295,67,255
47550,-57,-46,605,76,21258,20097,213,250,294,67,255
47600,-55,-49,595,76,21280,20120,211,251,293,67,255
47650,-54,-71,588,77,21304,20140,210,251,294,67,255
47700,-52,-73,582,77,21330,20158,208,252,296,67,255
47750,-51,-86,578,77,21358,20174,207,253,299,67,255
47800,-49,-94,576,77,21387,20188,206,253,303,67,255
47850,-47,-83,574,77,21419,20201,204,254,308,67,255
47900,-46,-85,573,77,21451,20214,203,255,312,67,255
47950,-44,-76,573,77,21484,20226,202,257,318,67,255
48000,-43,-82,574,77,21517,20238,201,258,323,67,255
48050,-41,-55,578,77,21550,20250,200,259,329,67,255
48100,-39,-59,584,77,21581,20263,199,261,333,67,255
48150,-38,-40,591,77,21611,20278,199,262,337,67,255
48200,-36,-40,597,77,21639,20296,198,264,339,67,255
48250,-35,-26,602,77,21664,20315,197,265,341,67,255
48300,-33,-43,604,77,21688,20335,197,266,342,67,255
48350,-31,-43,604,77,21711,20356,197,268,342,67,255
48400,-30,-57,600,77,21734,20376,196,269,343,67,255
48450,-28,-58,596,77,21757,20395,196,271,344,67,255
48500,-27,-53,591,77,21782,20413,195,272,346,67,255
48550,-25,-70,585,77,21809,20430,195,274,349,67,255
48600,-24,-91,582,77,21837,20446,195,276,351,67,255
48650,-22,-83,578,77,21867,20461,195,277,355,67,255
48700,-21,-81,578,77,21897,20475,194,279,359,67,255
48750,-19,-67,583,77,21928,20489,195,280,364,67,255
48800,-17,-54,590,77,21957,20504,195,282,367,67,255
48850,-16,-22,602,77,21984,20520,195,283,370,67,255
48900,-14,-15,614,77,22009,20540,195,285,371,67,255
48950,-13,-15,625,77,22029,20563,196,287,371,67,255
49000,-11,-6,630,77,22047,20590,196,288,369,67,255
49050,-9,-9,629,77,22063,20618,196,290,365,67,255
49100,-8,-17,627,77,22079,20646,196,291,362,67,255
49150,-6,-49,618,77,22096,20674,196,293,359,67,255
49200,-5,-51,612,77,22114,20699,196,294,358,67,255
49250,-3,-48,605,77,22134,20722,196,296,357,67,255
49300,-2,-49,601,77,22156,20744,196,297,357,67,255
49350,0,-40,598,77,22179,20763,196,299,358,67,255
49400,1,-41,597,77,22203,20781,196,300,359,67,255
49450,3,-37,596,77,22227,20799,196,302,361,67,255
49500,4,-32,599,77,22252,20818,196,304,362,67,255
49550,6,-39,604,77,22276,20838,196,305,363,67,255
49600,8,-31,608,77,22298,20858,196,307,364,67,255
49650,9,-48,610,77,22320,20878,196,308,364,67,255
49700,11,-16,611,77,22341,20900,196,310,364,67,255
49750,12,-13,613,76,22362,20924,197,311,364,67,255
49800,14,-29,612,76,22383,20948,197,313,363,67,255
49850,15,-31,611,76,22404,20972,197,315,362,67,255
49900,17,-35,609,76,22424,20996,197,316,361,67,255
49950,19,-26,605,77,22445,21019,197,318,360,67,255
50000,20,-26,607,76,22468,21041,197,319,361,67,255
50050,22,-44,609,76,22489,21062,197,321,361,67,255
50100,23,-21,613,76,22511,21082,197,322,361,67,255
50150,25,-6,621,76,22531,21105,197,324,361,67,255
50200,26,11,627,76,22549,21128,197,325,359,67,255
50250,28,-3,634,76,22566,21154,197,327,357,67,255
50300,29,12,639,76,22580,21183,197,328,353,67,255
50350,31,5,638,76,22592,21214,197,330,348,67,255
50400,32,-6,635,76,22604,21246,196,331,344,67,255
50450,34,-19,628,76,22617,21277,196,333,339,67,255
50500,35,-21,621,76,22631,21306,195,334,335,67,255
50550,37,-35,616,76,22646,21334,194,336,332,67,255
50600,39,-39,609,77,22664,21360,194,337,330,67,255
50650,40,-36,607,77,22683,21384,193,338,328,67,255
50700,42,-9,615,76,22703,21408,192,340,328,67,255
50750,43,-16,618,76,22723,21433,191,341,326,67,255
50800,45,-6,625,76,22741,21458,190,342,324,67,255
50850,46,-19,626,76,22757,21485,189,344,321,67,255
50900,48,1,629,77,22771,21512,188,345,318,67,255
50950,49,-4,629,77,22786,21540,187,346,315,67,255
51000,51,-6,628,77,22800,21568,186,347,311,67,255
51050,53,-15,626,77,22815,21598,185,348,308,67,255
51100,54,-27,623,77,22830,21626,184,349,304,67,255
51150,56,-13,621,77,22845,21655,182,350,301,67,255
51200,57,-32,618,77,22861,21683,181,350,298,67,255
51250,59,-18,616,77,22879,21710,180,351,295,67,255
51300,60,-27,616,77,22897,21738,178,352,293,67,255
51350,62,-21,619,76,22916,21764,177,352,291,67,255
51400,64,-6,619,76,22933,21790,175,353,289,67,255
51450,65,0,622,76,22951,21818,174,353,286,67,255
51500,67,2,623,76,22967,21845,172,354,284,67,255
51550,68,-12,624,76,22983,21873,171,354,280,67,255
51600,70,6,625,76,22997,21901,169,354,277,67,255
51650,71,-19,623,76,23012,21931,168,355,273,67,255
51700,73,-22,621,76,23028,21960,166,355,270,67,255
51750,75,-41,614,76,23044,21988,164,355,267,67,255
51800,76,-45,606,76,23062,22014,163,355,264,67,255
51850,78,-48,598,77,23083,22039,161,354,264,67,255
51900,79,-58,593,76,23106,22061,160,354,264,67,255
51950,81,-56,591,76,23131,22082,158,354,265,67,255
52000,83,-39,592,76,23157,22101,156,354,267,67,255
52050,84,-50,594,76,23183,22120,155,354,269,67,255
52100,86,-43,598,76,23209,22138,153,354,270,67,255
52150,88,-31,605,76,23234,22158,152,354,272,67,255
52200,89,-37,610,76,23257,22179,150,354,272,67,255
52250,91,-14,614,76,23279,22202,148,354,272,67,255
52300,92,-33,615,76,23299,22225,147,354,271,67,255
52350,94,-13,618,76,23319,22250,145,354,270,67,255
52400,95,-35,614,76,23337,22276,144,354,268,67,255
52450,97,-21,610,76,23356,22302,142,354,266,67,255
52500,99,-34,606,76,23376,22326,141,354,265,67,255
52550,100,-43,601,76,23397,22349,139,354,265,67,255
52600,102,-50,597,76,23419,22371,137,354,265,67,255
52650,103,-39,595,76,23442,22393,136,354,265,67,255
52700,105,-58,593,77,23466,22413,134,354,266,67,255
52750,107,-41,594,76,23491,22433,133,353,267,67,255
52800,108,-29,597,76,23515,22453,131,353,269,67,255
52850,110,-40,600,76,23540,22473,129,353,270,67,255
52900,111,-45,600,76,23564,22493,128,353,271,67,255
52950,113,-16,605,77,23588,22513,126,353,272,67,255
53000,114,-2,617,76,23611,22535,125,353,272,67,255
53050,116,-21,618,76,23632,22559,123,354,271,67,255
53100,118,-13,613,76,23651,22584,122,354,270,67,255
53150,119,-43,611,76,23670,22609,120,354,268,67,255
53200,121,-56,605,76,23691,22634,118,353,267,67,255
53250,123,-41,602,76,23713,22659,117,353,266,67,255
53300,124,-43,601,76,23736,22682,115,353,266,67,255
53350,126,-46,599,76,23759,22704,113,353,267,67,255
53400,127,-31,599,76,23783,22726,112,353,267,67,255
53450,-127,-42,598,77,23808,22748,110,353,268,67,255
53500,-125,-48,598,77,23832,22770,108,353,268,67,255
53550,-123,-40,600,76,23857,22792,107,353,269,67,255
53600,-122,-36,602,76,23881,22814,105,353,269,67,255
53650,-120,-32,604,76,23904,22836,103,353,270,67,255
53700,-119,-34,606,76,23927,22859,102,353,270,67,255
53750,-117,-29,609,76,23951,22882,100,353,270,67,255
53800,-115,-10,611,76,23973,22904,99,353,270,67,255
53850,-114,-21,610,76,23994,22927,97,353,270,67,255
53900,-112,-47,607,77,24015,22950,95,353,269,67,255
53950,-111,-32,607,76,24037,22973,94,353,269,67,255
54000,-109,-28,606,76,24059,22997,92,353,268,67,255
54050,-107,-36,605,77,24081,23020,90,353,268,67,255
54100,-106,-17,604,77,24102,23042,89,353,268,67,255
54150,-104,-49,603,77,24124,23065,87,353,267,67,255
54200,-103,-37,601,77,24146,23087,86,353,268,67,255
54250,-101,-46,599,77,24169,23109,84,353,268,67,255
54300,-99,-40,599,77,24192,23130,83,353,268,67,255
54350,-98,-44,600,77,24216,23153,81,353,269,67,255
54400,-96,-37,601,77,24239,23174,79,353,269,67,255
54450,-94,-49,603,77,24263,23196,78,353,269,67,255
54500,-93,-38,609,77,24285,23217,76,353,270,67,255
54550,-91,4,620,76,24307,23240,75,353,270,67,255
54600,-90,24,631,76,24326,23266,73,353,268,67,255
54650,-88,23,639,76,24341,23294,71,353,264,67,255
54700,-87,35,645,76,24353,23325,70,352,260,67,255
54750,-85,27,644,76,24362,23360,68,352,253,67,255
54800,-84,8,636,76,24371,23396,67,351,247,67,255
54850,-82,-15,624,76,24382,23430,65,351,241,67,255
54900,-80,-33,614,76,24396,23460,64,350,237,67,255
54950,-79,-45,607,76,24412,23488,63,349,234,67,255
55000,-77,-32,603,76,24432,23513,61,348,232,67,255
55050,-75,-28,605,76,24453,23537,60,347,231,67,255
55100,-74,-21,609,76,24475,23560,59,346,231,67,255
55150,-72,-21,617,76,24495,23584,58,345,230,67,255
55200,-71,2,626,76,24514,23609,57,344,229,67,255
55250,-69,15,633,76,24529,23636,55,343,226,67,255
55300,-68,7,635,76,24543,23666,54,342,222,67,255
55350,-66,13,638,76,24555,23696,53,341,217,67,255
55400,-65,3,633,76,24567,23729,52,339,212,67,255
55450,-63,-11,628,76,24579,23761,52,338,207,67,255
55500,-61,-17,622,76,24592,23791,51,337,202,67,255
55550,-60,-33,616,77,24607,23820,50,335,199,67,255
55600,-58,-31,614,77,24625,23848,50,334,196,67,255
55650,-57,-32,613,77,24643,23874,50,332,194,67,255
55700,-55,-13,615,77,24663,23900,49,331,193,67,83
55750,-53,-15,619,77,24681,23926,49,329,191,67,255
55800,-52,-15,622,77,24699,23952,49,327,189,67,255
55850,-50,5,627,77,24716,23979,48,326,186,67,255
55900,-49,-7,626,76,24731,24007,48,324,183,67,255
55950,-47,-7,626,76,24745,24036,48,323,179,67,76
56000,-46,-24,620,76,24760,24065,48,321,175,67,73
56050,-44,-20,611,76,24776,24093,48,320,172,67,73
56100,-43,-41,602,76,24793,24118,49,318,171,67,70
56150,-41,-68,596,77,24813,24141,49,317,170,67,68
56200,-39,-56,591,77,24835,24162,49,315,170,67,66
56250,-38,-46,588,77,24858,24181,49,314,171,67,65
56300,-36,-60,589,77,24882,24200,50,312,172,67,63
56350,-35,-50,591,77,24907,24220,50,311,173,67,61
56400,-33,-62,591,77,24931,24239,50,309,175,67,60
56450,-32,-51,594,77,24955,24259,50,307,176,67,59
56500,-30,-53,596,77,24978,24279,50,306,176,67,57
56550,-28,-43,595,77,25003,24300,50,304,177,67,55
56600,-27,-26,605,76,25027,24321,50,303,178,67,53
56650,-25,-20,611,76,25050,24343,50,301,178,67,52
56700,-24,-11,613,77,25070,24366,50,300,178,67,50
56750,-22,-24,614,77,25089,24389,50,298,177,67,49
56800,-21,-15,614,77,25108,24413,50,296,175,67,48
56850,-19,-29,614,77,25126,24438,51,295,174,67,46
56900,-18,-31,613,77,25144,24462,51,293,172,67,44
56950,-16,-26,611,77,25162,24488,51,292,170,67,43
57000,-15,-5,616,77,25179,24512,51,290,169,67,41
57050,-13,-13,623,77,25196,24539,52,289,166,67,41
57100,-12,-37,605,77,25212,24566,52,287,164,67,39
57150,-10,-60,595,77,25232,24590,52,286,162,67,37
57200,-8,-71,586,77,25254,24612,53,284,162,67,36
57250,-7,-71,583,76,25279,24631,53,283,164,67,34
57300,-5,-71,583,76,25304,24648,54,281,165,67,33
57350,-4,-54,584,76,25331,24665,54,280,168,67,31
57400,-2,-62,585,76,25357,24681,54,278,171,67,30
57450,-1,-56,588,76,25383,24698,55,277,173,67,28
57500,1,-34,592,76,25409,24715,55,275,175,67,27
57550,2,-49,595,76,25435,24733,55,274,177,67,26
57600,4,-22,599,76,25458,24752,55,272,178,67,24
57650,6,-22,607,76,25481,24773,55,271,179,67,23
57700,7,-19,612,76,25502,24796,55,269,178,67,23
57750,9,-5,616,76,25521,24820,55,268,177,67,22
57800,10,-17,616,76,25539,24845,55,266,175,67,21
57850,12,-21,614,76,25556,24870,55,265,173,67,22
57900,13,-52,610,76,25574,24896,55,263,171,67,21
57950,15,-52,605,76,25592,24921,56,261,170,67,21
58000,16,-45,600,77,25612,24944,56,260,168,67,21
58050,18,-32,596,77,25633,24967,56,258,168,67,22
58100,19,-70,595,77,25655,24988,57,257,168,67,11
58150,21,-51,594,77,25678,25008,57,255,169,67,8
58200,22,-28,595,77,25701,25027,57,254,170,67,7
58250,24,-49,595,77,25724,25046,57,252,171,67,8
58300,25,-41,599,76,25747,25065,58,251,172,67,255
58350,27,-25,600,76,25768,25083,58,250,173,67,5
58400,28,-40,600,76,25788,25100,58,248,173,67,5
58450,30,-24,601,76,25808,25118,58,247,174,67,4
58500,31,-37,602,76,25828,25137,58,246,174,67,4
58550,32,-46,605,76,25849,25158,58,244,174,67,4
58600,34,-28,607,76,25870,25180,58,243,174,67,6
58650,35,-45,609,76,25889,25202,59,241,173,67,5
58700,37,-39,609,76,25908,25225,59,240,172,67,255
58750,39,-24,609,76,25927,25249,59,238,171,67,255
58800,40,-48,604,77,25945,25271,59,237,170,67,255
58850,42,-26,596,77,25967,25296,59,235,170,67,255
58900,43,-64,595,77,25990,25319,60,233,169,67,255
58950,45,-43,598,77,26013,25342,60,232,169,67,255
59000,46,-28,598,77,26035,25362,60,230,170,67,255
59050,48,-36,599,76,26055,25381,61,229,170,67,255
59100,49,-36,597,76,26075,25399,61,228,171,67,255
59150,51,-38,598,76,26095,25418,61,226,171,67,255
59200,52,-27,599,76,26116,25436,61,225,172,67,255
59250,53,-25,600,76,26137,25454,61,223,172,67,255
59300,55,-22,602,76,26157,25472,61,222,173,67,255
59350,56,-27,604,76,26178,25490,62,221,174,67,255
59400,57,-28,607,76,26198,25509,62,219,174,67,255
59450,59,-22,610,76,26217,25530,62,218,173,67,255
59500,60,-35,611,76,26235,25550,62,216,173,67,255
59550,62,-35,611,76,26252,25571,62,215,172,67,255
59600,63,-37,610,76,26270,25592,62,214,171,67,255
59650,64,-22,610,76,26288,25613,63,212,170,67,255
59700,66,-35,611,76,26305,25635,63,211,169,67,255
59750,67,-48,607,76,26323,25656,63,210,168,67,255
59800,69,-46,605,76,26341,25677,63,208,168,67,255
59850,70,-18,604,76,26359,25697,64,207,167,67,255
59900,71,-50,603,76,26377,25716,64,206,167,67,255
59950,73,-37,602,76,26396,25735,64,204,167,67,255
60000,74,-55,600,76,26415,25752,65,203,167,67,255
60050,75,-26,599,76,26434,25769,65,202,168,67,255
60100,77,-56,599,76,26453,25786,65,201,168,67,255
60150,78,-43,598,76,26473,25804,65,199,169,67,255
60200,79,-41,599,76,26493,25821,66,198,170,67,255
60250,81,-26,599,76,26514,25839,66,196,170,67,255
60300,82,-41,599,76,26535,25857,66,195,171,67,255
60350,83,-39,601,76,26555,25876,66,194,171,67,255
60400,85,-48,604,76,26575,25896,66,192,171,67,255
60450,86,-21,607,76,26595,25916,67,191,171,67,255
60500,88,-7,610,76,26613,25936,67,190,171,67,255
60550,89,-33,612,76,26632,25958,67,188,170,67,255
60600,90,-13,610,76,26649,25979,67,187,169,67,255
60650,92,-38,609,76,26667,26001,68,185,168,67,255
60700,93,-27,607,76,26685,26022,68,184,168,67,255
60750,95,-33,604,76,26704,26043,68,183,167,67,255
60800,96,-19,603,76,26723,26064,68,181,167,67,255
60850,98,-13,603,76,26741,26083,69,180,166,67,255
60900,99,-34,603,76,26760,26102,69,179,166,67,255
60950,100,-56,602,76,26779,26120,69,177,166,67,255
61000,101,-43,603,76,26798,26138,70,176,166,67,255
61050,103,-33,604,76,26817,26156,70,175,167,67,255
61100,104,-33,604,76,26835,26174,70,173,167,67,255
61150,105,-46,605,76,26855,26192,71,172,167,67,255
61200,107,-14,606,76,26873,26210,71,171,168,67,255
61250,108,-14,606,76,26892,26228,71,170,168,67,255
61300,109,-25,608,76,26910,26248,71,168,167,67,255
61350,111,-40,608,76,26928,26268,72,167,167,67,255
61400,112,-10,608,76,26945,26287,72,166,166,67,255
61450,113,-18,607,76,26963,26307,72,164,166,67,255
61500,115,-36,605,76,26980,26327,73,163,165,67,255
61550,116,-53,604,76,26998,26348,73,162,164,67,255
61600,118,-45,600,76,27017,26368,73,160,164,67,255
61650,119,-38,601,76,27035,26390,74,159,163,67,255
61700,120,-47,604,76,27054,26410,74,158,162,67,255
61750,122,-47,604,76,27072,26430,75,156,162,67,255
61800,123,-32,604,76,27090,26449,75,155,162,67,255
61850,124,-56,602,76,27107,26468,75,154,161,67,255
61900,126,-40,600,76,27126,26486,76,153,161,67,255
61950,127,-46,599,76,27146,26506,76,151,161,67,255
62000,-128,-42,598,76,27167,26525,77,150,162,67,255
62050,-126,-26,601,76,27188,26544,77,149,162,67,8
62100,-125,-53,602,76,27209,26562,78,147,163,67,9
62150,-123,-38,601,76,27230,26582,78,146,164,67,8
62200,-122,-63,598,76,27250,26602,78,144,164,67,22
62250,-120,-36,602,76,27271,26622,79,143,164,67,255
62300,-119,-37,596,76,27292,26644,79,142,164,67,255
62350,-117,-69,595,76,27314,26664,80,140,164,67,255
62400,-116,-52,596,76,27335,26684,80,139,164,67,255
62450,-114,-78,590,76,27356,26705,80,137,164,67,255
62500,-113,-57,587,76,27378,26725,81,136,165,67,255
62550,-111,-69,587,76,27401,26744,81,134,166,67,255
62600,-110,-56,591,76,27424,26762,81,133,167,67,255
62650,-108,-50,594,76,27447,26781,82,131,168,67,255
62700,-107,-23,598,76,27469,26800,82,130,169,67,255
62750,-105,-39,601,76,27491,26820,82,128,169,67,255
62800,-104,-31,605,76,27512,26840,83,127,170,67,255
62850,-102,-20,608,76,27532,26860,83,126,170,67,255
62900,-101,-20,611,76,27551,26882,83,124,169,67,255
62950,-99,-21,615,76,27569,26904,83,123,168,67,255
63000,-98,9,628,76,27587,26928,84,121,166,67,255
63050,-97,-34,618,76,27601,26955,84,120,163,67,255
63100,-95,-52,608,76,27618,26983,85,118,160,67,255
63150,-93,-51,600,76,27637,27009,85,117,159,67,255
63200,-92,-35,594,76,27657,27032,86,115,158,67,255
63250,-90,-67,588,76,27679,27052,86,114,158,67,255
63300,-89,-50,586,76,27703,27071,87,113,159,67,255
63350,-87,-41,586,76,27728,27090,87,111,161,67,255
63400,-86,-55,586,76,27753,27108,88,110,163,67,255
63450,-84,-50,586,76,27777,27125,88,108,165,67,255
63500,-83,-56,588,76,27802,27143,89,107,166,67,255
63550,-81,-39,592,76,27827,27160,89,105,168,67,255
63600,-80,-45,597,76,27850,27179,89,104,169,67,255
63650,-78,-52,602,76,27872,27198,89,102,170,67,255
63700,-77,-22,607,76,27893,27217,90,101,171,67,255
63750,-75,-9,609,76,27913,27238,90,99,170,67,255
63800,-74,-30,614,76,27932,27260,90,98,169,67,255
63850,-72,-4,622,76,27950,27284,90,97,168,67,255
63900,-71,4,629,76,27966,27310,91,95,166,67,255
63950,-69,16,633,76,27980,27339,91,94,162,67,255
64000,-68,17,636,76,27992,27369,92,92,157,67,255
64050,-66,-3,631,76,28003,27400,92,91,152,67,255
64100,-65,-20,625,76,28014,27431,93,90,147,67,255
64150,-63,-20,619,76,28027,27462,94,88,142,67,255
64200,-62,-28,614,76,28041,27490,95,87,139,67,255
64250,-60,-25,611,76,28058,27518,96,86,136,67,255
64300,-59,-38,612,76,28075,27543,97,85,134,67,255
64350,-57,-36,613,76,28093,27568,98,84,132,67,255
64400,-56,-24,616,76,28109,27592,99,83,130,67,255
64450,-54,-24,616,76,28125,27617,100,82,128,67,255
64500,-53,-15,621,76,28141,27642,101,81,126,67,255
64550,-51,-5,623,76,28156,27670,103,80,122,67,255
64600,-50,-7,622,76,28170,27699,104,79,119,67,255
64650,-48,-12,622,76,28183,27728,105,79,115,67,255
64700,-47,-18,619,76,28197,27756,107,78,111,67,255
64750,-45,-29,616,76,28212,27784,108,77,108,67,255
64800,-44,-33,614,76,28227,27813,110,77,104,67,255
64850,-42,-31,612,76,28243,27842,111,77,101,67,255
64900,-40,-26,614,76,28260,27870,113,76,98,67,255
64950,-39,-8,616,76,28277,27897,114,76,96,67,255
65000,-37,-19,618,76,28293,27923,116,76,93,67,255
65050,-36,-15,620,76,28309,27951,118,76,90,67,255
65100,-34,-18,619,76,28325,27979,119,76,87,67,255
65150,-32,-6,622,76,28339,28008,121,76,83,67,255
65200,-31,-15,620,76,28354,28038,122,76,79,67,255
65250,-29,-9,618,76,28369,28068,124,77,76,67,255
65300,-28,-14,615,76,28383,28098,125,77,72,67,64
65350,-26,-45,608,76,28399,28126,127,78,69,67,255
65400,-25,-64,599,76,28416,28152,128,78,66,67,255
65450,-23,-56,592,76,28436,28176,130,79,65,67,255
65500,-21,-67,586,76,28459,28199,131,80,65,67,255
65550,-20,-39,585,76,28484,28220,133,80,66,67,255
65600,-18,-54,587,76,28509,28238,134,81,68,67,255
65650,-17,-35,589,76,28535,28258,136,81,70,67,255
65700,-15,-49,593,76,28560,28276,137,82,71,67,255
65750,-13,-41,597,76,28585,28295,139,82,73,67,255
65800,-12,-20,601,76,28607,28315,140,83,74,67,255
65850,-10,-33,607,76,28630,28337,142,83,73,67,255
65900,-9,-12,610,76,28650,28360,143,84,73,67,255
65950,-7,-31,611,76,28671,28384,145,84,72,67,255
66000,-6,-42,610,76,28690,28410,146,85,70,67,255
66050,-4,-24,607,76,28709,28436,148,85,69,67,255
66100,-2,-108,585,76,28729,28461,149,86,67,67,255
66150,-1,-89,566,76,28754,28481,151,86,69,67,255
66200,1,-90,566,76,28782,28496,152,87,72,67,255
66250,2,-86,568,76,28813,28509,154,87,76,67,255
66300,4,-86,568,76,28844,28522,155,88,81,67,255
66350,6,-76,570,76,28876,28534,157,88,86,67,30
66400,7,-73,572,76,28908,28546,158,88,91,67,28
66450,9,-57,573,76,28939,28560,160,88,95,67,27
66500,10,-71,574,76,28969,28572,161,87,100,67,25
66550,12,-74,575,76,29000,28586,163,87,104,67,25
66600,13,-71,574,76,29031,28600,164,87,108,67,24
66650,15,-83,571,76,29061,28612,166,86,113,67,255
66700,16,-104,568,77,29081,28624,167,86,115,67,255
66750,17,-68,573,77,29101,28637,168,85,117,67,255
66800,19,-70,575,76,29125,28647,169,84,120,67,255
66850,20,-71,575,76,29147,28655,170,84,124,67,255
66900,21,-77,575,76,29172,28662,171,83,128,67,255
66950,22,-81,575,76,29196,28668,172,82,133,67,255
67000,23,-69,576,76,29219,28675,172,82,137,67,255
67050,24,-76,576,76,29243,28682,173,81,141,67,255
67100,25,-78,577,76,29265,28688,174,80,145,67,255
67150,26,-78,577,76,29288,28694,174,79,150,67,255
67200,27,-80,576,76,29311,28701,175,78,154,67,255
67250,28,-70,576,76,29334,28708,175,77,158,67,255
67300,29,-81,576,76,29357,28715,176,76,162,67,255
67350,30,-65,576,76,29382,28722,176,75,167,67,255
67400,32,-77,575,76,29408,28728,176,74,171,67,255
67450,33,-83,575,76,29437,28734,176,73,177,67,255
67500,34,-83,575,76,29467,28738,176,72,184,67,23
67550,35,-82,576,76,29496,28742,176,70,190,67,255
67600,36,-80,575,76,29524,28747,176,69,196,67,23
67650,38,-84,575,76,29552,28752,175,68,202,67,255
67700,39,-85,575,76,29579,28758,175,67,207,67,23
67750,40,-81,577,76,29606,28764,174,66,213,67,255
67800,41,-83,576,76,29633,28770,174,65,218,67,255
67850,42,-78,576,76,29660,28776,173,64,223,67,23
67900,43,-71,577,76,29687,28781,172,63,229,67,255
67950,45,-81,577,76,29715,28786,171,63,235,67,255
68000,46,-79,576,76,29742,28792,170,62,240,67,23
68050,47,-81,575,76,29771,28797,169,62,246,67,255
68100,48,-86,575,76,29798,28803,168,61,251,67,22
68150,49,-78,576,76,29825,28808,167,61,257,67,22
68200,50,-75,576,76,29851,28813,166,61,262,67,22
68250,52,-85,576,76,29876,28818,164,61,267,67,23
68300,53,-90,576,76,29901,28824,163,61,272,67,255
68350,54,-73,577,76,29926,28829,162,61,277,67,255
68400,55,-71,578,76,29951,28835,161,61,282,67,22
68450,56,-70,579,76,29975,28841,160,61,287,67,23
68500,57,-72,580,76,30000,28846,159,61,291,67,23
68550,58,-68,580,76,30025,28853,158,62,296,67,23
68600,59,-78,580,76,30049,28860,157,62,300,67,22
68650,60,-77,581,76,30074,28868,156,63,305,67,22
68700,62,-67,581,76,30100,28875,155,64,309,67,22
68750,63,-79,580,76,30129,28882,154,65,315,67,22
68800,64,-79,580,76,30159,28891,153,66,320,67,22
68850,66,-74,580,76,30190,28900,153,67,326,67,22
68900,67,-75,580,76,30221,28908,152,68,332,67,22
68950,68,-78,581,76,30252,28916,151,69,338,67,22
69000,70,-73,581,76,30281,28925,151,71,342,67,22
69050,71,-73,581,76,30310,28934,150,72,348,67,22
69100,72,-60,582,76,30337,28941,150,73,352,67,22
69150,74,-61,582,76,30361,28949,150,74,357,67,23
69200,75,-69,581,76,30386,28956,150,75,361,67,22
69250,76,-77,582,76,30411,28962,150,77,366,67,22
69300,77,-69,583,76,30435,28968,150,78,371,67,22
69350,78,-77,582,76,30460,28974,151,79,376,67,22
69400,79,-75,581,76,30487,28980,151,80,381,67,22
69450,80,-80,581,76,30517,28986,152,81,387,67,22
69500,82,-68,582,76,30546,28992,152,82,393,67,23
69550,83,-72,582,76,30577,28996,153,83,400,67,23
69600,84,-78,582,76,30607,29001,154,84,406,67,23
69650,85,-68,582,76,30635,29006,155,85,412,67,23
69700,87,-78,582,76,30664,29010,156,85,418,67,23
69750,88,-69,582,76,30691,29015,157,86,424,67,23
69800,89,-75,582,76,30716,29019,158,86,429,67,23
69850,90,-79,582,76,30741,29022,159,87,435,67,22
69900,91,-71,583,76,30765,29026,160,87,439,67,23
69950,92,-71,583,76,30789,29030,161,87,445,67,22
70000,93,-68,583,76,30814,29035,162,87,449,67,23
70050,94,-72,583,76,30841,29039,163,87,456,67,22
70100,95,-80,582,76,30871,29044,164,87,462,67,23
70150,97,-75,582,76,30903,29051,165,86,468,67,23
70200,98,-75,582,76,30935,29058,167,86,474,67,23
70250,99,-80,582,76,30968,29064,168,85,481,67,23
70300,101,-75,582,76,31000,29072,169,84,487,67,23
70350,102,-80,582,76,31031,29080,170,83,493,67,22
70400,104,-71,582,76,31061,29089,171,83,498,67,22
70450,105,-89,581,76,31090,29096,172,81,504,67,23
70500,106,-81,582,76,31118,29102,173,80,509,67,22
70550,107,-81,582,76,31145,29110,173,79,515,67,23
70600,109,-76,582,76,31172,29118,174,78,519,67,23
70650,110,-81,582,76,31201,29124,174,77,525,67,23
70700,111,-77,582,76,31233,29132,174,76,531,67,23
70750,113,-90,581,76,31267,29142,174,74,537,67,22
70800,114,-85,581,76,31300,29152,174,73,543,67,22
70850,116,-82,582,76,31333,29159,174,71,550,67,22
70900,117,-72,582,76,31365,29168,174,70,555,67,22
70950,119,-87,582,76,31395,29178,173,68,560,67,22
71000,120,-70,583,76,31422,29186,173,67,565,67,22
71050,121,-73,582,76,31449,29191,172,66,571,67,23
71100,122,-73,582,76,31475,29197,172,65,576,67,23
71150,123,-83,582,76,31501,29204,171,64,581,67,23
71200,125,-75,583,76,31528,29210,170,63,586,67,23
71250,126,-76,583,76,31557,29216,169,63,592,67,23
71300,127,-84,582,76,31587,29224,168,62,597,67,23
71350,-127,-79,582,76,31620,29234,167,61,603,67,23
71400,-126,-74,582,76,31654,29241,165,61,610,67,22
71450,-124,-84,582,76,31687,29248,164,60,617,67,23
71500,-123,-74,582,76,31716,29258,163,60,622,67,23
71550,-122,-66,583,76,31747,29267,161,60,627,67,23
71600,-120,-73,583,76,31775,29274,160,60,632,67,22
71650,-119,-73,583,76,31803,29281,159,60,638,67,23
71700,-118,-73,583,76,31828,29288,158,60,642,67,23
71750,-117,-75,584,76,31854,29294,156,60,647,67,23
71800,-116,-81,584,76,31879,29300,155,61,652,67,23
71850,-114,-72,584,76,31905,29307,154,61,657,67,23
71900,-113,-82,584,76,31934,29314,153,62,663,67,23
71950,-112,-80,585,76,31965,29320,152,63,669,67,23
72000,-110,-70,585,76,31996,29328,151,64,674,67,22
72050,-109,-72,586,76,32026,29335,150,65,681,67,255
72100,-108,-73,586,76,32056,29340,150,66,687,67,255
72150,-107,-81,585,76,32085,29346,149,67,693,67,22
72200,-105,-67,587,76,32111,29357,148,68,697,67,255
72250,-104,-78,589,76,32134,29371,148,69,699,67,6
72300,-102,-67,587,76,32159,29388,147,71,701,67,23
72350,-101,-75,588,76,32191,29400,147,72,706,67,7
72400,-99,-76,585,76,32225,29409,147,74,712,67,255
72450,-98,-60,590,76,32258,29416,147,75,719,67,8
72500,-96,-40,601,76,32291,29429,147,77,724,67,8
72550,-94,2,614,76,32322,29448,147,78,727,67,7
72600,-93,-11,623,77,32350,29473,147,80,728,67,7
72650,-91,-13,625,84,32375,29502,147,82,727,67,7
72700,-89,-28,622,91,32399,29533,147,84,725,67,12
72750,-87,-31,625,96,32422,29565,148,86,723,67,15
72800,-85,-5,629,97,32444,29598,148,88,720,67,7
72850,-83,-7,628,97,32465,29632,148,90,716,67,12
72900,-81,-34,626,97,32486,29667,147,92,713,67,8
72950,-79,-39,623,97,32507,29702,147,94,710,67,8
73000,-77,-17,624,97,32528,29735,147,96,706,67,7
73050,-75,-22,629,97,32550,29769,146,98,703,67,6
73100,-73,17,634,97,32570,29804,146,100,700,67,6
73150,-71,11,639,97,32588,29842,145,102,695,67,6
73200,-69,26,647,97,32604,29880,144,103,689,67,6
73250,-67,43,655,97,32616,29922,143,105,681,67,12
73300,-65,52,661,97,32625,29967,142,106,673,67,22
73350,-63,55,665,97,32632,30013,140,108,663,67,9
73400,-61,55,668,97,32637,30059,139,108,652,67,8
73450,-59,55,669,97,32641,30106,137,109,641,67,8
73500,-58,52,668,97,32645,30152,135,109,631,67,21
73550,-56,55,664,97,32649,30199,133,109,620,67,21
73600,-54,53,660,97,32653,30246,131,108,609,67,14
73650,-52,31,654,97,32658,30293,130,108,598,67,15
73700,-50,26,650,97,32664,30340,128,106,588,67,22
73750,-48,27,647,97,32673,30387,127,105,578,67,9
73800,-46,22,644,97,32682,30432,126,103,569,67,8
73850,-44,11,642,97,32693,30477,125,102,561,67,8
73900,-42,17,641,97,32705,30521,124,100,552,67,8
73950,-40,23,641,97,32717,30564,124,98,544,67,7
74000,-38,12,639,97,32730,30607,124,96,537,67,7
74050,-36,22,641,97,32743,30650,124,94,529,67,33
74100,-34,26,642,97,32756,30692,125,92,522,67,21
74150,-32,27,642,97,32768,30735,126,90,514,67,8
74200,-31,25,642,97,32780,30778,126,88,507,67,8
74250,-28,25,642,97,32793,30821,128,87,498,67,11
74300,-27,27,643,97,32805,30864,129,85,491,67,10
74350,-25,32,644,97,32816,30908,131,84,482,67,22
74400,-23,41,647,97,32827,30952,132,83,475,67,21
74450,-21,45,652,97,32836,30998,134,83,465,67,23
74500,-19,50,660,97,32844,31044,136,82,456,67,23
74550,-17,52,667,97,32850,31090,138,82,445,67,22
74600,-15,106,673,97,32859,31132,140,82,437,67,22
74650,-13,116,676,97,32881,31164,142,83,434,67,26
74700,-11,-116,677,97,32913,31182,143,83,437,67,22
74750,-9,121,677,97,32954,31192,145,84,445,67,22
74800,-8,121,678,97,32998,31198,147,84,455,67,21
74850,-6,121,678,97,33045,31203,149,83,465,67,13
74900,-4,121,679,97,33091,31207,150,83,476,67,14
74950,-2,121,678,97,33139,31211,152,82,487,67,22
75000,0,124,680,97,33187,31215,153,80,498,67,23
75050,2,121,681,97,33235,31218,154,79,510,67,7
75100,3,121,681,97,33283,31222,155,77,521,67,7
75150,5,121,682,97,33331,31226,156,75,532,67,7
75200,7,121,683,97,33379,31230,156,74,543,67,8
75250,9,121,682,97,33427,31234,155,72,555,67,7
75300,11,121,682,97,33475,31238,155,70,565,67,8
75350,13,121,681,97,33523,31242,154,68,577,67,9
75400,15,121,681,97,33571,31246,152,67,587,67,8
75450,16,122,679,97,33620,31250,151,66,599,67,9
75500,18,121,678,97,33667,31254,149,65,610,67,9
75550,20,121,677,97,33715,31258,147,65,621,67,20
75600,22,124,677,97,33763,31262,146,65,632,67,22
75650,24,124,677,97,33812,31266,144,65,644,67,23
75700,26,121,678,97,33859,31269,142,65,654,67,22
75750,28,126,679,97,33908,31273,140,67,666,67,21
75800,29,126,679,97,33956,31277,139,68,677,67,22
75850,31,124,678,97,34004,31282,138,69,688,67,22
75900,33,121,678,97,34052,31286,137,71,699,67,22
75950,35,124,678,97,34100,31290,137,73,711,67,255
76000,37,126,679,97,34148,31294,137,75,721,67,8
76050,39,123,679,97,34197,31298,137,76,733,67,7
76100,41,-124,680,97,34244,31302,137,78,744,67,7
76150,43,124,679,97,34293,31307,138,80,755,67,10
76200,44,-126,679,97,34340,31312,140,81,765,67,8
76250,46,-122,680,97,34389,31316,141,82,777,67,7
76300,48,-127,679,97,34436,31322,143,83,787,67,22
76350,50,-122,678,97,34485,31327,145,84,798,67,10
76400,52,-128,676,97,34532,31332,146,84,809,67,10
76450,54,121,673,97,34581,31336,148,84,821,67,8
76500,56,124,670,97,34629,31340,150,83,831,67,7
76550,58,126,667,97,34677,31344,152,82,843,67,7
76600,59,124,665,97,34722,31350,153,81,853,67,7
76650,61,124,666,97,34769,31355,154,80,864,67,6
76700,63,121,666,97,34816,31359,155,78,874,67,7
76750,65,121,668,97,34864,31363,156,76,885,67,9
76800,67,121,670,97,34911,31367,156,75,896,67,37
76850,69,121,670,97,34960,31370,156,73,908,67,7
76900,71,122,670,97,35008,31374,156,71,919,67,6
76950,72,123,670,97,35056,31378,155,69,930,67,8
77000,74,123,670,97,35104,31382,154,68,941,67,31
77050,76,121,671,97,35152,31386,152,67,952,67,33
77100,78,-122,675,97,35200,31390,151,66,963,67,37
77150,80,-109,680,97,35248,31396,149,65,974,67,48
77200,82,-103,685,97,35296,31403,147,65,984,67,38
77250,84,-99,688,97,35343,31412,145,65,994,67,255
77300,86,-93,690,97,35388,31422,143,65,1003,67,50
77350,88,-86,693,97,35433,31434,141,66,1011,67,46
77400,90,-88,693,97,35475,31448,139,66,1019,67,48
77450,92,-79,693,97,35518,31461,138,68,1026,67,46
77500,94,-82,692,97,35560,31474,136,69,1033,67,47
77550,96,-78,693,97,35603,31488,135,70,1041,67,49
77600,98,-67,694,97,35644,31502,134,72,1047,67,49
77650,100,-71,696,97,35685,31518,133,74,1054,67,49
77700,102,-66,698,97,35726,31533,132,76,1060,67,50
77750,104,-72,698,97,35766,31550,131,78,1067,67,49
77800,106,-47,700,97,35804,31566,131,80,1072,67,49
77850,108,-64,701,97,35842,31584,131,82,1077,67,255
,,,,,,,,,,,
