0,0,0,618,93,0,0,0,0,0,0,0
18,0,0,619,93,0,0,0,0,0,0,255
68,0,0,619,93,0,0,0,0,0,0,255
118,0,0,618,93,0,0,0,0,0,0,255
168,0,0,619,93,0,0,0,0,0,0,255
218,0,0,618,93,0,0,0,0,0,0,255
268,0,0,619,93,0,0,0,0,0,0,255
318,0,0,619,93,0,0,0,0,0,0,255
368,0,0,619,93,0,0,0,0,0,0,255
418,0,0,619,93,0,0,0,0,0,0,255
468,0,0,619,93,0,0,0,0,0,0,255
518,0,0,619,93,0,0,0,0,0,0,255
568,0,0,619,93,0,0,0,0,0,0,255
618,0,0,619,93,0,0,0,0,0,0,255
668,0,0,619,93,0,0,0,0,0,0,255
718,0,0,618,93,0,0,0,0,0,0,255
768,0,0,619,93,0,0,0,0,0,0,255
818,0,0,619,93,0,0,0,0,0,0,255
868,0,0,619,93,0,0,0,0,0,0,255
918,0,0,618,93,0,0,0,0,0,0,255
968,0,0,619,93,0,0,0,0,0,0,255
1018,0,25,618,93,0,1,0,0,0,0,255
1068,0,35,620,93,9,17,0,0,-1,0,255
1118,0,-5,612,89,23,38,0,2,-4,2,255
1168,0,9,609,82,41,61,0,3,-5,3,255
1218,0,-7,608,77,62,85,0,5,-5,5,255
1268,0,-3,602,76,85,110,0,6,-6,6,255
1318,0,-16,595,76,107,132,0,8,-6,8,255
1368,1,-21,592,76,132,154,0,10,-5,10,255
1418,1,-13,589,76,157,174,-1,11,-4,11,255
1468,1,-29,588,76,185,194,-1,13,-2,13,255
1518,1,-6,590,76,215,213,-1,15,0,15,255
1568,1,-12,594,76,244,232,-1,16,3,17,255
1618,1,-5,598,76,273,252,0,18,5,18,255
1668,2,7,605,76,301,274,0,20,6,20,255
1718,2,32,615,76,327,298,0,22,7,22,255
1768,2,9,622,76,351,325,0,24,6,24,255
1818,2,37,626,76,372,354,0,25,4,25,255
1868,2,31,626,76,391,386,0,27,1,27,255
1918,2,7,621,76,409,418,0,29,-2,29,255
1968,2,13,611,76,429,450,0,31,-5,31,255
2018,3,-11,601,76,450,480,0,33,-7,33,255
2068,3,-18,594,76,474,506,0,34,-8,35,255
2118,3,5,590,76,500,530,0,36,-7,36,255
2168,3,-15,588,76,528,551,-1,38,-5,38,255
2218,3,-7,587,76,558,570,-1,40,-3,40,255
2268,3,-12,589,76,588,588,-1,41,0,42,255
2318,4,-9,591,76,617,607,-1,43,2,43,255
2368,4,-10,595,76,646,626,-1,45,5,45,255
2418,4,0,601,76,675,646,0,46,7,47,255
2468,4,16,610,76,702,668,0,48,8,49,255
2518,4,41,620,76,727,693,0,50,8,50,255
2568,4,44,625,76,749,722,0,52,7,52,255
2618,4,42,627,76,768,752,0,54,4,54,255
2668,5,20,623,76,786,785,0,55,0,56,255
2718,5,-10,615,76,804,817,0,57,-3,57,255
2768,5,-3,605,76,824,848,0,59,-5,59,255
2818,5,-18,597,76,846,875,0,61,-7,61,255
2868,5,-29,591,76,870,899,0,62,-7,63,255
2918,5,-13,589,76,897,920,0,64,-5,64,255
2968,6,-14,588,76,926,939,0,66,-3,66,255
3018,6,-13,589,76,955,958,0,68,-1,68,255
3068,6,-11,590,76,984,976,0,69,2,70,255
3118,6,-11,593,76,1013,995,0,71,4,71,255
3168,6,11,599,76,1041,1015,0,73,6,73,255
3218,6,41,607,76,1068,1036,0,74,8,75,255
3268,6,32,615,76,1094,1060,0,76,8,77,255
3318,7,34,623,76,1117,1086,0,78,8,78,255
3368,7,33,627,76,1137,1116,0,80,5,80,255
3418,7,37,624,76,1157,1148,0,81,2,82,255
3468,7,-4,618,76,1176,1180,0,83,-1,84,255
3518,7,5,610,76,1194,1210,0,85,-3,85,255
3568,7,-9,602,76,1215,1238,0,87,-5,87,255
3618,8,-14,596,76,1238,1262,0,88,-6,89,255
3668,8,-29,591,76,1263,1284,0,90,-5,91,255
3718,8,-25,590,76,1290,1304,0,92,-3,92,255
3768,8,-5,590,76,1317,1323,0,93,-1,94,255
3818,8,-16,590,76,1345,1341,0,95,1,96,255
3868,8,2,592,76,1374,1360,0,97,3,97,255
3918,8,-4,597,76,1402,1378,0,98,6,99,255
3968,9,21,605,76,1429,1398,0,100,7,101,255
4018,9,22,613,76,1455,1421,0,102,8,102,255
4068,9,33,619,76,1478,1447,0,104,8,104,255
4118,9,37,624,76,1499,1474,0,105,6,106,255
4168,9,20,623,76,1517,1505,0,107,3,108,255
4218,9,28,619,76,1535,1536,0,109,0,109,255
4268,10,-15,612,76,1553,1566,0,111,-3,111,255
4318,10,0,604,76,1573,1594,0,112,-5,113,255
4368,10,-10,598,76,1595,1620,0,114,-6,114,255
4418,10,-20,593,76,1620,1642,0,116,-5,116,255
4468,10,-25,590,76,1646,1662,0,117,-4,118,255
4518,10,-13,589,76,1673,1681,0,119,-2,119,255
4568,10,-27,589,76,1701,1700,0,121,0,121,255
4618,11,-6,590,76,1729,1718,0,122,2,123,255
4668,11,-12,594,76,1758,1736,0,124,5,125,255
4718,11,6,601,76,1786,1755,0,126,7,126,255
4768,11,5,607,76,1813,1776,0,127,9,128,255
4818,11,12,615,76,1838,1799,1,129,9,130,255
4868,11,22,621,76,1859,1826,1,131,8,131,255
4918,12,35,623,76,1879,1854,1,132,6,133,255
4968,12,3,619,76,1897,1885,1,134,3,135,255
5018,12,4,614,76,1915,1915,1,136,0,136,255
5068,12,4,606,76,1935,1944,1,138,-2,138,255
5118,12,-8,599,76,1956,1970,1,139,-3,140,255
5168,12,-18,594,76,1980,1993,1,141,-3,142,255
5218,12,-23,591,76,2005,2014,1,143,-2,143,255
5268,13,-9,591,76,2032,2033,1,144,0,145,255
5318,13,-16,590,76,2059,2052,1,146,1,147,255
5368,13,-2,592,76,2087,2070,1,148,4,148,255
5418,13,0,596,76,2115,2089,1,149,6,150,255
5468,13,0,601,76,2142,2109,1,151,8,152,255
5518,13,27,608,76,2169,2130,2,153,9,153,255
5568,14,32,615,76,2193,2154,2,154,9,155,255
5618,14,37,621,76,2215,2180,2,156,8,157,255
5668,14,26,623,76,2234,2209,2,158,6,158,255
5718,14,21,619,76,2253,2239,3,159,3,160,255
5768,14,-4,613,76,2271,2270,3,161,0,162,255
5818,14,-19,607,76,2291,2298,3,163,-1,164,255
5868,14,-13,600,76,2312,2324,3,165,-3,165,255
5918,15,-26,593,76,2336,2348,2,166,-3,167,255
5968,15,-18,589,76,2362,2369,2,168,-1,169,255
6018,15,-7,592,76,2389,2388,2,170,0,170,255
6068,15,-4,594,76,2416,2407,2,171,2,172,255
6118,15,-14,596,76,2443,2426,3,173,4,174,255
6168,15,-11,598,76,2469,2446,3,175,5,175,255
6218,16,-3,602,76,2495,2466,3,176,7,177,255
6268,16,25,607,76,2520,2487,3,178,8,179,255
6318,16,4,611,76,2544,2510,3,179,8,180,255
6368,16,26,615,76,2566,2534,4,181,8,182,255
6418,16,10,617,76,2587,2561,4,183,6,184,255
6468,16,0,615,76,2607,2590,4,185,4,185,255
6518,16,7,611,76,2627,2618,4,186,2,187,255
6568,17,5,607,76,2647,2645,4,188,0,189,255
6618,17,-1,603,76,2668,2671,4,190,0,190,255
6668,17,-16,598,76,2691,2694,4,191,0,192,255
6718,17,0,596,76,2716,2716,4,193,0,194,255
6768,17,-8,595,76,2742,2736,4,195,1,195,255
6818,17,-20,596,76,2767,2756,4,196,2,197,255
6868,18,-11,596,76,2793,2776,4,198,4,199,255
6918,18,-9,599,76,2818,2796,4,199,5,200,255
6968,18,11,602,76,2844,2818,5,201,6,202,255
7018,18,-7,600,76,2869,2839,5,203,7,204,255
7068,18,1,597,76,2895,2861,5,204,8,205,255
7118,18,32,612,76,2921,2882,5,206,9,207,255
7168,18,17,621,76,2945,2909,6,208,9,209,255
7218,19,25,622,76,2964,2936,6,210,7,211,255
7268,19,17,621,76,2980,2963,6,211,4,212,255
7318,19,0,615,76,2996,2989,6,213,1,214,255
7368,19,4,614,76,3011,3013,6,214,0,215,255
7418,19,-11,609,76,3027,3037,6,215,-2,216,255
7468,19,-15,603,76,3044,3060,6,217,-4,218,255
7518,20,-26,597,76,3064,3080,6,218,-4,219,255
7568,20,2,594,76,3086,3098,6,220,-3,221,255
7618,20,-9,591,76,3109,3115,6,221,-1,222,255
7668,20,-13,589,76,3132,3130,6,223,0,224,255
7718,20,-15,588,76,3156,3145,6,224,2,225,255
7768,20,-15,588,76,3181,3159,6,225,5,226,255
7818,20,-14,589,76,3206,3173,6,227,8,228,255
7868,21,-10,591,76,3232,3186,6,228,11,229,255
7918,21,-4,594,76,3257,3200,7,229,14,230,255
7968,21,5,596,76,3282,3214,7,231,17,232,255
8018,21,-11,598,76,3306,3231,7,232,18,233,255
8068,21,-29,599,76,3328,3248,8,233,20,235,255
8118,21,-26,601,76,3349,3266,8,235,20,236,255
8168,22,-26,601,76,3369,3286,9,236,21,238,255
8218,22,-28,600,76,3388,3305,9,237,21,239,255
8268,22,-15,599,76,3407,3324,10,239,21,240,255
8318,22,-21,596,76,3428,3344,10,240,21,242,255
8368,22,-5,594,76,3450,3362,11,241,22,243,255
8418,22,-31,595,76,3472,3380,11,243,23,245,255
8468,22,-33,594,76,3495,3398,12,244,24,246,255
8518,23,-5,594,76,3517,3414,13,245,26,247,255
8568,23,-7,593,76,3541,3430,13,247,28,249,255
8618,23,-5,594,76,3564,3446,14,248,29,250,255
8668,23,-19,594,76,3588,3460,15,249,32,252,255
8718,23,-7,593,76,3612,3474,15,250,34,253,255
8768,23,-17,591,76,3636,3489,16,251,37,254,255
8818,24,-21,591,76,3661,3503,17,252,39,256,255
8868,24,-19,590,76,3685,3518,18,253,42,257,255
8918,24,-11,591,76,3708,3531,19,254,45,258,255
8968,24,-4,592,76,3731,3544,20,255,47,260,255
9018,24,0,594,76,3753,3558,21,256,49,261,255
9068,24,-12,594,76,3775,3572,22,257,51,262,255
9118,24,-38,595,76,3798,3586,23,258,53,264,255
9168,25,-13,598,76,3820,3603,24,258,54,265,255
9218,25,-15,600,76,3840,3620,25,259,55,266,255
9268,25,-5,602,76,3861,3637,26,260,56,268,255
9318,25,-4,603,76,3880,3655,27,261,57,269,255
9368,25,-13,606,76,3900,3674,29,261,57,270,255
9418,25,-9,608,76,3920,3695,30,262,56,272,255
9468,26,-7,609,76,3939,3716,31,263,56,273,255
9518,26,21,609,76,3959,3737,32,264,56,275,255
9568,26,21,609,76,3978,3759,33,265,55,276,255
9618,26,-28,604,76,3998,3780,35,265,55,278,255
9668,26,1,601,76,4019,3799,36,266,55,279,255
9718,26,-21,597,76,4040,3816,37,267,56,281,255
9768,26,-10,595,76,4060,3832,38,268,57,282,255
9818,27,-8,593,76,4080,3846,39,268,59,283,255
9868,27,-18,591,76,4101,3861,40,269,60,284,255
9918,27,-30,589,76,4123,3874,41,270,62,286,255
9968,27,-36,587,76,4147,3886,42,270,65,287,255
10018,27,-10,589,76,4171,3898,44,271,69,288,255
10068,27,-17,593,76,4196,3910,45,271,72,289,255
10118,28,-17,596,76,4218,3922,46,271,74,291,255
10168,28,4,600,76,4241,3936,47,272,77,292,255
10218,28,-4,603,76,4262,3953,49,272,78,293,255
10268,28,-3,604,76,4283,3970,50,272,79,295,255
10318,28,-4,603,76,4304,3988,51,273,79,296,255
10368,28,-4,599,76,4324,4006,53,273,80,298,255
10418,28,-5,595,76,4346,4023,54,273,81,299,255
10468,29,-25,592,76,4369,4040,55,273,83,300,255
10518,29,-24,588,76,4392,4055,57,273,85,302,255
10568,29,-38,584,76,4416,4070,58,273,87,303,255
10618,29,-44,582,76,4442,4085,60,273,89,305,255
10668,29,-18,585,76,4473,4102,61,273,93,306,255
10718,29,-16,594,76,4505,4120,63,273,97,308,255
10768,30,15,608,76,4536,4140,65,273,100,310,255
10818,30,37,623,76,4562,4163,67,273,100,312,255
10868,30,47,636,76,4583,4190,68,272,99,313,255
10918,30,57,642,76,4601,4222,70,272,95,315,255
10968,30,40,644,76,4616,4258,72,272,90,317,255
11018,30,41,639,76,4629,4296,74,272,84,319,255
11068,30,-2,622,76,4643,4333,76,272,78,321,255
11118,31,-8,607,76,4661,4366,77,273,74,322,255
11168,31,-44,588,76,4684,4394,79,273,73,324,255
11218,31,-37,585,76,4711,4417,81,274,74,326,255
11268,31,-38,583,76,4742,4438,83,274,76,328,255
11318,31,-19,582,76,4774,4458,84,275,79,330,255
11368,31,-27,581,76,4808,4476,86,275,84,332,255
11418,32,-44,582,76,4842,4492,88,275,88,333,255
11468,32,-29,585,76,4876,4509,90,275,92,335,255
11518,32,-11,592,76,4910,4526,92,275,96,337,255
11568,32,26,604,76,4941,4545,93,274,100,339,255
11618,32,33,621,76,4969,4566,95,274,101,341,255
11668,32,63,637,76,4992,4594,97,274,100,342,255
11718,32,61,644,76,5010,4626,99,273,97,344,255
11768,33,58,645,76,5024,4662,101,273,91,346,255
11818,33,43,643,76,5037,4700,102,273,85,348,255
11868,33,22,627,76,5050,4739,104,274,78,350,255
11918,33,-38,607,76,5066,4773,106,274,74,351,255
11968,33,-34,593,76,5087,4804,108,275,71,353,255
12018,33,-35,585,76,5112,4828,109,275,71,355,255
12068,34,-32,583,76,5142,4850,111,276,74,357,255
12118,34,-49,582,76,5174,4868,113,276,76,359,255
12168,34,-30,584,76,5206,4886,115,277,80,361,255
12218,34,-40,582,76,5239,4903,116,277,85,362,255
12268,34,-19,582,76,5272,4920,118,277,89,364,255
12318,34,-16,584,76,5306,4936,120,277,93,366,255
12368,34,-25,589,76,5340,4953,122,277,97,368,130
12418,35,-4,600,76,5372,4970,124,276,101,369,255
12468,35,36,619,76,5402,4992,125,276,103,371,58
12518,35,71,638,76,5427,5018,127,275,103,373,157
12568,35,65,646,76,5445,5052,129,275,99,375,255
12618,35,62,647,76,5459,5088,131,275,94,377,255
12668,35,65,648,76,5470,5128,133,275,86,379,255
12718,36,15,631,76,5481,5168,134,275,79,380,255
12768,36,-10,609,76,5495,5204,136,276,73,382,255
12818,36,-24,595,76,5514,5235,138,276,70,384,255
12868,36,-35,586,76,5538,5260,139,277,70,386,255
12918,36,-31,584,76,5566,5280,141,277,72,387,255
12968,36,-47,583,76,5596,5299,143,278,75,389,255
13018,36,-19,582,76,5628,5316,144,278,78,391,255
13068,37,-19,582,76,5662,5334,146,278,83,393,255
13118,37,-32,583,76,5697,5351,148,279,87,395,255
13168,37,-34,582,76,5731,5368,150,279,92,397,255
13218,37,-36,581,76,5765,5384,152,278,96,398,255
13268,37,-18,583,76,5800,5400,154,278,101,400,255
13318,37,14,599,76,5834,5417,155,278,105,402,255
13368,38,63,623,76,5865,5439,157,277,107,404,255
13418,38,45,643,76,5888,5467,159,277,106,406,255
13468,38,67,647,76,5904,5502,161,276,101,408,255
13518,38,71,648,76,5917,5539,162,276,95,409,255
13568,38,75,651,76,5927,5578,164,276,88,411,255
13618,38,60,646,76,5936,5618,166,276,80,413,255
13668,38,9,621,76,5947,5658,168,276,73,415,255
13718,39,-40,597,76,5963,5689,169,277,69,416,255
13768,39,-40,586,76,5985,5716,171,278,68,418,255
13818,39,-28,580,76,6012,5738,172,278,69,420,255
13868,39,-27,577,76,6042,5756,174,279,72,422,255
13918,39,-46,575,76,6076,5772,176,279,76,423,255
13968,40,-43,577,76,6112,5787,178,280,82,425,255
14018,40,-26,578,76,6145,5800,179,280,87,427,255
14068,40,-43,577,76,6176,5811,181,280,92,428,255
14118,40,-43,578,76,6205,5820,182,280,97,430,255
14168,40,-40,579,76,6233,5829,183,279,102,431,255
14218,41,-26,584,76,6259,5838,185,279,106,432,255
14268,41,-8,596,76,6284,5848,186,279,110,434,255
14318,41,19,613,76,6306,5862,187,278,112,435,255
14368,41,40,632,76,6322,5882,188,278,111,436,255
14418,41,53,640,76,6333,5906,189,277,108,437,255
14468,42,63,642,76,6340,5934,191,277,103,439,255
14518,42,57,642,76,6345,5962,192,277,97,440,255
14568,42,56,641,76,6349,5991,193,277,90,441,255
14618,42,24,630,76,6353,6020,194,277,84,442,255
14668,42,4,616,76,6360,6046,195,277,79,443,255
14718,43,-19,605,76,6371,6068,196,277,76,444,255
14768,43,-22,596,76,6386,6087,198,277,75,446,255
14818,43,-9,592,76,6404,6103,199,278,76,447,255
14868,43,-25,589,76,6424,6117,200,278,77,448,255
14918,43,-31,588,76,6446,6129,201,278,79,449,255
14968,44,-17,588,76,6468,6141,202,278,82,451,255
15018,44,-23,588,76,6492,6153,204,279,85,452,255
15068,44,-32,589,76,6515,6165,205,279,88,453,255
15118,44,-12,591,76,6538,6177,206,279,91,454,255
15168,44,-13,595,76,6560,6190,207,279,93,456,255
15218,45,3,599,76,6580,6204,209,278,95,457,255
15268,45,-2,604,76,6600,6220,210,278,96,458,255
15318,45,-8,609,76,6618,6236,211,278,96,459,255
15368,45,34,613,76,6634,6255,212,278,95,461,255
15418,45,17,615,76,6648,6275,214,278,94,462,255
15468,46,5,616,76,6663,6295,215,278,93,463,255
15518,46,-1,616,76,6676,6315,216,278,91,464,255
15568,46,-2,615,76,6690,6335,217,278,89,466,255
15618,46,-6,613,76,6703,6354,218,278,88,467,255
15668,46,9,610,76,6717,6373,220,278,87,468,255
15718,47,-2,607,76,6731,6391,221,278,86,469,255
15768,47,-21,604,76,6747,6408,222,278,85,470,255
15818,47,13,604,76,6764,6424,223,278,86,471,255
15868,47,-3,603,76,6782,6440,224,278,86,473,255
15918,47,-19,602,76,6799,6456,225,278,86,474,255
15968,48,1,601,76,6817,6473,227,278,87,475,255
16018,48,-13,601,76,6836,6488,228,278,87,476,255
16068,48,-5,602,76,6854,6505,229,278,88,477,255
16118,48,-7,601,76,6873,6521,230,278,89,479,255
16168,48,14,602,76,6892,6538,232,278,89,480,255
16218,49,-5,602,76,6910,6556,233,279,89,481,255
16268,49,1,601,76,6928,6573,234,279,89,483,255
16318,49,3,602,76,6946,6591,236,279,89,484,255
16368,49,-7,601,76,6963,6608,237,279,89,485,255
16418,49,-3,599,76,6980,6625,238,279,90,486,255
16468,50,-21,597,76,6998,6641,239,279,90,487,255
16518,50,-25,599,76,7017,6656,240,278,91,489,255
16568,50,-1,600,76,7036,6671,242,278,92,490,255
16618,50,-13,601,76,7054,6685,243,278,93,491,255
16668,50,-26,602,76,7072,6700,244,278,93,492,255
16718,50,-7,601,76,7088,6714,245,278,94,493,255
16768,50,-3,601,76,7106,6729,246,278,95,494,255
16818,50,-15,600,76,7123,6743,247,278,96,496,255
16868,50,-9,600,76,7141,6758,248,278,97,497,255
16918,50,5,600,76,7159,6772,250,278,97,498,255
16968,50,-9,600,76,7177,6786,251,278,98,499,255
17018,50,-1,600,76,7196,6800,252,277,99,500,255
17068,50,-9,600,76,7215,6815,253,277,100,501,255
17118,50,-15,597,76,7233,6830,254,277,101,503,255
17168,50,-17,596,76,7252,6844,255,277,103,504,255
17218,50,1,598,76,7272,6859,257,276,104,505,255
17268,50,-27,598,76,7290,6874,258,276,105,506,255
17318,50,-25,595,76,7309,6889,259,276,106,507,255
17368,50,-12,591,76,7328,6903,260,275,107,509,255
17418,50,-17,593,76,7348,6916,261,275,109,510,255
17468,50,-19,595,76,7367,6930,262,275,110,511,255
17518,50,-27,595,76,7387,6944,263,274,111,512,255
17568,50,-5,595,76,7407,6958,265,274,113,513,255
17618,50,-50,595,76,7427,6973,266,273,114,515,255
17668,50,-52,594,76,7448,6989,267,273,116,516,255
17718,50,-48,593,76,7470,7005,268,272,117,517,255
17768,51,-50,592,76,7493,7021,269,271,119,519,255
17818,51,-58,591,76,7517,7036,271,271,121,520,255
17868,51,-69,590,76,7542,7052,272,270,124,522,255
17918,51,-69,590,76,7568,7066,273,269,126,523,255
17968,51,-58,588,76,7595,7081,274,268,129,525,255
18018,51,-58,588,76,7621,7096,275,267,132,526,255
18068,52,-57,589,76,7648,7110,276,266,136,528,255
18118,52,-49,590,76,7674,7125,277,265,138,529,255
18168,52,-58,593,76,7701,7140,278,264,141,530,255
18218,52,-38,596,76,7727,7155,279,263,144,532,255
18268,52,-42,597,76,7752,7171,280,261,147,533,255
18318,52,-52,600,76,7777,7189,281,260,148,535,255
18368,53,-50,601,76,7801,7208,281,259,150,537,255
18418,53,-56,601,76,7824,7226,282,257,151,538,255
18468,53,-67,600,76,7848,7246,283,256,152,540,255
18518,53,-40,598,76,7871,7266,284,255,153,541,255
18568,53,-59,596,76,7896,7286,284,253,154,543,255
18618,53,-48,594,76,7921,7305,285,252,155,544,255
18668,54,-67,592,76,7948,7324,286,250,157,546,255
18718,54,-55,590,76,7976,7342,286,249,160,547,255
18768,54,-64,588,76,8006,7358,287,247,164,549,255
18818,54,-65,590,76,8035,7374,287,246,167,551,255
18868,54,-49,593,76,8065,7390,287,244,170,552,255
18918,54,-44,596,76,8094,7406,288,243,174,554,255
18968,55,-31,600,76,8122,7423,288,241,177,556,255
19018,55,-38,605,76,8148,7441,288,239,178,557,255
19068,55,-37,609,76,8174,7461,288,238,180,559,255
19118,55,-31,612,76,8197,7482,288,236,180,560,255
19168,55,-31,612,76,8219,7504,288,234,180,562,255
19218,55,-35,610,76,8241,7527,288,233,180,564,255
19268,56,-51,604,76,8264,7551,288,231,180,565,255
19318,56,-52,600,76,8289,7574,288,230,180,567,255
19368,56,-46,600,76,8315,7596,288,228,181,569,255
19418,56,-54,599,76,8340,7617,288,226,182,570,255
19468,56,-31,600,76,8364,7637,288,225,183,572,255
19518,56,-54,599,76,8388,7656,287,223,185,574,255
19568,57,-46,600,76,8412,7676,287,221,186,575,255
19618,57,-30,601,76,8436,7696,287,220,187,577,255
19668,57,-32,603,76,8461,7717,287,218,188,578,255
19718,57,-28,605,76,8485,7737,287,217,189,580,255
19768,57,-31,609,76,8509,7758,286,215,189,581,255
19818,57,-27,611,76,8531,7780,286,214,190,583,255
19868,58,-38,613,76,8553,7802,286,212,189,585,255
19918,58,-20,615,76,8574,7824,286,211,189,586,255
19968,58,-18,616,76,8594,7848,285,209,189,588,255
20018,58,-25,615,76,8615,7871,285,207,188,589,255
20068,58,-19,615,76,8636,7896,285,206,187,591,255
20118,58,-44,613,76,8656,7920,285,204,186,593,255
20168,59,-34,610,76,8677,7944,284,203,185,594,255
20218,59,-26,606,76,8698,7968,284,201,185,596,255
20268,59,-61,603,76,8721,7991,284,199,184,597,255
20318,59,-52,600,76,8743,8013,284,198,184,599,255
20368,59,-54,599,76,8766,8035,284,196,185,601,255
20418,59,-33,599,76,8790,8055,284,195,186,602,255
20468,60,-39,599,76,8814,8075,284,193,187,604,255
20518,60,-44,601,76,8838,8094,283,191,188,605,255
20568,60,-40,604,76,8863,8114,283,190,189,607,255
20618,60,-34,607,76,8886,8134,283,188,190,608,255
20668,60,-29,610,76,8908,8154,283,187,190,610,255
20718,60,0,614,76,8929,8175,282,185,190,611,255
20768,60,-17,616,76,8949,8198,282,184,190,613,255
20818,60,-19,618,76,8969,8221,282,182,189,614,255
20868,60,-19,618,76,8988,8246,282,181,187,616,255
20918,60,-39,617,76,9006,8270,281,179,186,618,255
20968,60,-49,613,76,9026,8295,281,178,184,619,255
21018,60,-43,608,76,9045,8319,281,176,183,621,255
21068,60,-46,603,76,9066,8343,281,175,182,622,255
21118,60,-68,599,76,9088,8365,281,173,182,624,255
21168,60,-51,597,76,9112,8387,281,171,183,626,255
21218,60,-38,596,76,9136,8407,281,170,184,627,255
21268,60,-36,597,76,9161,8426,281,168,186,629,255
21318,60,-49,598,76,9186,8446,280,167,187,630,255
21368,60,-29,601,76,9211,8464,280,165,189,632,255
21418,60,-34,607,76,9235,8484,280,164,190,633,255
21468,60,-18,612,76,9258,8504,280,162,190,635,255
21518,60,-19,615,76,9278,8524,279,161,190,636,255
21568,60,-28,618,76,9298,8547,279,159,190,638,255
21618,60,-30,620,76,9317,8571,279,158,188,639,255
21668,60,-30,620,76,9335,8596,279,156,187,641,255
21718,60,-21,617,76,9354,8621,278,155,185,643,255
21768,60,-35,614,76,9373,8646,278,153,183,644,255
21818,60,-52,608,76,9392,8670,278,152,182,646,255
21868,60,-44,604,76,9413,8694,278,150,181,647,255
21918,60,-51,600,76,9435,8716,278,148,181,649,255
21968,60,-73,596,76,9458,8737,278,147,182,650,255
22018,60,-52,596,76,9481,8757,278,145,183,652,255
22068,60,-60,595,76,9506,8776,278,144,184,654,255
22118,60,-38,596,76,9530,8794,278,142,186,655,255
22168,60,-43,601,76,9556,8812,277,141,188,657,255
22218,60,-22,605,76,9580,8831,277,139,189,658,255
22268,60,-33,607,76,9603,8851,277,137,190,660,255
22318,60,-28,610,76,9625,8871,277,136,190,661,255
22368,60,-20,614,76,9646,8892,276,135,190,663,255
22418,60,-32,616,76,9666,8915,276,133,190,664,255
22468,60,-18,620,76,9685,8938,276,132,189,666,255
22518,60,-33,620,76,9703,8962,276,130,187,667,255
22568,60,-20,617,76,9722,8988,275,128,185,669,255
22618,60,-26,614,76,9740,9013,275,127,184,670,255
22668,60,-42,608,76,9760,9038,275,125,182,672,255
22718,60,-60,603,76,9781,9062,275,124,181,674,255
22768,60,-54,598,76,9804,9085,275,122,181,675,255
22818,60,-54,595,76,9828,9106,275,121,182,677,255
22868,60,-54,595,76,9853,9126,275,119,183,679,255
22918,60,-45,595,76,9879,9145,275,117,185,680,255
22968,60,-49,598,76,9905,9164,275,116,187,682,255
23018,60,-56,602,76,9930,9183,274,114,188,683,255
23068,60,-16,608,76,9954,9202,274,113,190,685,255
23118,60,-39,612,76,9975,9222,274,111,190,686,255
23168,60,-18,615,76,9996,9244,274,110,190,688,255
23218,60,-33,618,76,10015,9266,273,108,189,689,255
23268,60,-10,619,76,10034,9291,273,107,188,691,255
23318,60,-35,617,76,10052,9316,273,105,186,692,255
23368,60,-18,615,76,10071,9340,273,104,185,694,255
23418,60,-46,611,76,10090,9364,273,102,183,696,255
23468,60,-38,607,76,10111,9388,273,100,182,697,255
23518,60,-45,603,76,10132,9411,273,99,182,699,255
23568,60,-52,599,76,10155,9433,272,97,182,700,255
23618,60,-50,597,76,10177,9454,272,96,182,702,255
23668,60,-50,597,76,10201,9474,272,94,183,703,255
23718,60,-35,597,76,10225,9493,272,93,185,705,255
23768,60,-50,597,76,10250,9512,272,91,186,707,255
23818,60,-40,600,76,10274,9530,272,90,188,708,255
23868,60,-26,602,76,10299,9549,272,88,189,710,255
23918,60,-33,607,76,10322,9568,271,87,190,711,255
23968,60,-40,611,76,10343,9588,271,85,191,713,255
24018,60,-21,613,76,10364,9609,271,84,191,714,255
24068,60,-24,615,76,10384,9632,270,82,190,716,255
24118,60,-33,618,76,10403,9655,270,81,189,717,255
24168,60,-20,617,76,10422,9680,270,79,187,719,255
24218,60,-25,614,76,10440,9704,270,78,186,720,255
24268,60,-44,612,76,10460,9728,270,76,185,722,255
24318,60,-38,607,76,10480,9751,269,75,184,723,255
24368,60,-46,602,76,10501,9774,269,73,183,725,255
24418,60,-52,599,76,10523,9796,269,71,183,726,255
24468,60,-37,596,76,10546,9817,269,70,184,728,255
24518,60,-46,594,76,10570,9837,269,68,185,730,255
24568,60,-45,595,76,10595,9856,269,67,187,731,255
24618,60,-58,596,76,10619,9874,269,65,188,733,255
24668,60,-31,599,76,10644,9893,268,64,190,734,255
24718,60,-40,603,76,10668,9912,268,62,191,736,255
24768,60,-40,606,76,10691,9930,268,61,192,737,255
24818,60,-33,610,76,10712,9950,267,59,192,739,255
24868,60,-12,613,76,10732,9970,267,58,192,740,255
24918,60,-27,613,76,10751,9992,267,56,192,742,255
24968,60,-29,612,76,10771,10014,267,55,191,743,255
25018,60,-33,610,76,10791,10036,266,53,190,745,255
25068,60,-47,605,76,10812,10058,266,52,190,746,255
25118,60,-73,599,76,10833,10079,266,50,190,748,255
25168,60,-59,595,76,10857,10099,265,49,191,749,255
25218,60,-40,594,76,10881,10118,265,47,193,751,255
25268,60,-73,588,76,10906,10136,265,46,194,752,255
25318,60,-86,581,76,10932,10152,264,44,197,754,255
25368,60,-75,579,76,10962,10168,264,43,200,755,255
25418,60,-76,583,76,10993,10182,263,41,204,757,255
25468,60,-59,587,76,11024,10197,262,40,209,759,255
25518,60,-60,592,76,11053,10212,262,39,212,760,255
25568,60,-36,597,76,11080,10228,261,37,215,762,255
25618,60,-46,603,76,11104,10246,260,36,217,763,255
25668,60,-27,605,76,11127,10264,259,35,218,765,255
25718,60,-24,607,76,11149,10284,258,34,218,766,255
25768,60,-39,607,76,11172,10304,257,33,219,768,255
25818,60,-37,608,76,11194,10325,256,31,219,769,255
25868,60,-46,606,76,11216,10346,255,30,220,771,255
25918,60,-57,605,76,11238,10367,254,29,220,772,255
25968,60,-57,600,76,11260,10388,253,28,220,774,255
26018,60,-61,598,76,11283,10408,252,27,221,776,255
26068,60,-68,594,76,11307,10428,251,26,222,777,255
26118,60,-74,591,76,11331,10446,250,25,223,779,255
26168,60,-70,590,76,11357,10463,249,23,226,780,255
26218,60,-57,589,76,11384,10480,248,22,228,782,255
26268,60,-70,590,76,11411,10496,246,21,231,783,255
26318,60,-62,591,76,11438,10512,245,20,234,785,255
26368,60,-46,592,76,11465,10529,244,20,237,786,255
26418,60,-46,595,76,11492,10546,243,19,239,788,255
26468,60,-33,599,76,11519,10564,241,18,241,790,255
26518,60,-33,602,76,11545,10582,240,17,243,791,255
26568,60,-47,603,76,11569,10602,238,17,244,793,255
26618,60,-45,604,76,11593,10622,237,16,245,794,255
26668,60,-45,604,76,11616,10642,235,15,246,796,255
26718,60,-45,604,76,11638,10662,234,15,247,797,255
26768,60,-50,601,76,11660,10682,233,14,247,799,255
26818,60,-54,599,76,11682,10701,231,14,248,800,255
26868,60,-45,596,76,11706,10719,230,13,249,802,255
26918,60,-56,595,76,11731,10736,229,13,251,803,255
26968,60,-56,595,76,11756,10754,227,12,253,805,255
27018,60,-49,594,76,11782,10771,226,12,255,806,255
27068,60,-64,594,76,11808,10788,224,11,258,808,255
27118,60,-46,595,76,11834,10805,223,11,260,809,255
27168,60,-45,596,76,11860,10822,221,11,262,811,255
27218,60,-34,597,76,11887,10840,219,11,264,813,255
27268,60,-45,596,76,11913,10858,218,11,267,814,255
27318,60,-62,595,76,11939,10876,216,10,268,816,255
27368,60,-47,595,76,11965,10895,215,10,270,817,255
27418,60,-47,595,76,11991,10914,213,10,272,819,255
27468,60,-49,594,76,12017,10932,212,11,274,821,255
27518,60,-55,591,76,12043,10950,210,11,276,822,255
27568,60,-65,591,76,12070,10967,208,11,279,824,255
27618,60,-60,593,76,12097,10982,207,11,281,825,255
27668,60,-43,597,76,12124,10999,205,12,284,827,255
27718,60,-38,597,76,12149,11015,204,12,287,828,255
27768,60,-40,599,76,12174,11031,203,12,289,830,255
27818,60,-70,599,76,12198,11048,201,13,290,831,255
27868,60,-33,600,76,12222,11065,200,14,292,833,255
27918,60,-57,598,76,12247,11083,198,14,294,834,255
27968,60,-53,597,76,12272,11100,197,15,296,836,255
28018,60,-61,596,76,12296,11116,196,15,298,837,255
28068,60,-50,594,76,12321,11133,195,16,300,839,255
28118,60,-52,593,76,12346,11150,193,17,302,840,255
28168,60,-67,593,76,12372,11166,192,18,305,842,255
28218,60,-44,594,76,12397,11182,191,19,307,843,255
28268,60,-54,592,76,12422,11198,190,20,309,845,255
28318,60,-71,591,76,12448,11214,189,21,312,846,255
28368,60,-69,592,76,12474,11231,187,22,314,848,255
28418,60,-52,593,76,12500,11247,186,23,317,849,255
28468,60,-69,592,76,12526,11264,185,24,319,851,255
28518,60,-58,593,76,12552,11280,184,25,322,852,255
28568,60,-56,594,76,12580,11296,183,26,324,854,255
28618,60,-40,595,76,12607,11312,183,28,327,855,255
28668,60,-41,596,76,12634,11329,182,29,330,857,255
28718,60,-39,597,76,12660,11345,181,30,332,858,255
28768,60,-51,599,76,12686,11362,180,32,335,860,255
28818,60,-49,600,76,12712,11378,180,33,337,861,255
28868,60,-32,601,76,12736,11396,179,34,339,863,255
28918,60,-40,600,76,12760,11413,179,36,341,864,255
28968,60,-42,599,76,12785,11430,178,37,342,866,255
29018,60,-34,600,76,12810,11448,178,39,344,867,255
29068,60,-57,599,76,12835,11466,177,40,346,869,255
29118,60,-57,599,76,12860,11484,177,42,348,870,255
29168,60,-46,597,76,12886,11501,177,43,350,872,255
29218,60,-65,595,76,12911,11518,177,45,352,874,255
29268,60,-52,594,76,12938,11535,176,46,355,875,255
29318,60,-63,593,76,12966,11551,176,48,357,877,255
29368,60,-62,591,76,12994,11568,176,49,361,878,255
29418,60,-55,589,76,13022,11583,176,51,363,880,255
29468,60,-57,588,76,13050,11598,177,53,367,881,255
29518,60,-65,589,76,13080,11613,177,54,371,883,255
29568,60,-65,590,76,13109,11628,177,56,374,885,255
29618,60,-50,592,76,13137,11643,178,57,377,886,255
29668,60,-54,593,76,13165,11659,178,59,381,888,255
29718,60,-41,597,76,13192,11675,179,60,383,889,255
29768,60,-40,601,76,13219,11692,179,61,386,891,255
29818,60,-41,600,76,13244,11710,180,63,388,892,255
29868,60,-66,598,76,13269,11727,181,64,390,894,255
29918,60,-55,601,76,13295,11744,182,65,392,895,255
29968,60,-26,605,76,13322,11762,183,67,394,897,255
30018,60,-30,606,76,13347,11782,184,68,396,899,255
30068,60,-40,606,76,13371,11801,184,69,397,900,255
30118,60,-24,607,76,13395,11820,185,70,398,902,255
30168,60,-30,606,76,13417,11840,186,72,399,903,255
30218,60,-64,604,76,13437,11858,187,73,399,905,255
30268,60,-45,603,76,13459,11878,188,74,400,906,255
30318,60,-34,601,76,13481,11897,189,75,400,907,255
30368,60,-52,599,76,13505,11916,190,76,402,909,255
30418,60,-60,598,76,13529,11934,191,77,403,911,255
30468,60,-43,599,76,13554,11954,192,78,405,912,255
30518,60,-45,598,76,13578,11972,193,79,406,914,255
30568,60,-36,600,76,13604,11990,195,81,408,915,255
30618,60,-49,601,76,13629,12009,196,82,410,917,255
30668,60,-51,603,76,13654,12028,197,83,411,918,255
30718,60,-31,606,76,13679,12047,198,83,413,920,255
30768,60,-27,608,76,13703,12068,199,84,413,921,255
30818,60,-54,610,76,13726,12087,201,85,414,923,255
30868,60,-14,612,76,13748,12107,202,86,415,925,255
30918,60,-35,612,76,13769,12128,203,87,415,926,255
30968,60,-26,614,76,13790,12150,204,88,415,928,255
31018,60,-9,615,76,13810,12172,206,89,414,929,255
31068,60,-16,614,76,13830,12195,207,90,414,931,255
31118,60,-31,614,76,13849,12218,208,91,413,932,255
31168,60,-27,613,76,13869,12241,209,92,412,934,255
31218,60,-29,612,76,13889,12263,210,92,411,935,255
31268,60,-39,610,76,13910,12286,212,93,411,937,255
31318,60,-51,608,76,13930,12308,213,94,410,938,255
31368,60,-47,605,76,13951,12330,214,95,410,940,255
31418,60,-64,604,76,13974,12352,215,96,410,941,255
31468,60,-44,603,76,13997,12373,217,97,411,943,255
31518,60,-28,604,76,14021,12394,218,98,412,945,255
31568,60,-40,606,76,14045,12414,219,99,412,946,255
31618,60,-28,607,76,14069,12434,220,100,413,948,255
31668,60,-34,609,76,14092,12454,222,101,414,949,255
31718,60,-31,611,76,14114,12474,223,102,415,951,255
31768,60,-29,612,76,14136,12496,224,103,415,952,255
31818,60,-40,614,76,14156,12517,225,104,414,954,255
31868,60,-4,617,76,14176,12539,227,105,414,955,255
31918,60,-31,614,76,14196,12562,228,106,413,957,255
31968,60,-32,613,76,14216,12585,229,107,412,958,255
32018,60,-13,612,76,14236,12608,230,107,412,960,255
32068,60,-45,611,76,14257,12632,231,108,411,962,255
32118,60,-40,609,76,14277,12655,233,109,410,963,255
32168,60,-44,606,76,14298,12678,234,110,410,965,255
32218,60,-33,604,76,14320,12700,235,111,410,966,255
32268,60,-48,604,76,14343,12722,236,113,410,968,255
32318,60,-48,604,76,14366,12743,237,113,410,969,255
32368,60,-40,605,76,14390,12764,239,115,411,971,255
32418,60,-37,607,76,14414,12784,240,115,412,973,255
32468,60,-55,608,76,14438,12804,241,116,413,974,255
32518,60,-28,612,76,14460,12824,242,117,413,976,255
32568,60,-21,616,76,14481,12846,244,118,413,977,255
32618,60,-9,619,76,14500,12869,245,119,413,979,255
32668,60,-22,623,76,14519,12893,246,120,411,980,255
32718,60,-7,623,76,14536,12918,247,121,409,982,255
32768,60,-25,622,76,14554,12944,248,122,407,983,255
32818,60,-11,621,76,14570,12969,250,123,405,985,255
32868,60,-26,616,76,14588,12994,251,124,403,986,255
32918,60,-48,612,76,14606,13020,252,125,401,988,255
32968,60,-31,610,76,14626,13044,253,127,400,990,255
33018,60,-58,606,76,14646,13066,254,128,399,991,255
33068,60,-47,604,76,14668,13089,255,129,399,993,255
33118,60,-47,604,76,14690,13110,256,130,399,994,255
33168,60,-41,604,76,14714,13132,257,131,400,996,255
33218,60,-23,606,76,14737,13152,258,132,401,997,255
33268,60,-36,607,76,14761,13172,259,134,402,999,255
33318,60,-23,611,76,14784,13192,260,135,402,1000,255
33368,60,-18,617,76,14806,13213,261,136,403,1002,255
33418,60,-14,619,76,14826,13236,262,137,402,1003,255
33468,60,-4,624,76,14845,13260,263,138,401,1005,255
33518,60,-4,624,76,14863,13286,264,139,399,1007,255
33568,60,-17,620,76,14880,13313,265,141,396,1008,255
33618,60,-17,620,76,14896,13339,266,142,394,1010,255
33668,60,-32,614,76,14914,13366,267,143,391,1011,255
33718,60,-51,610,76,14934,13391,267,145,390,1013,255
33768,60,-42,606,76,14954,13416,268,146,389,1015,255
33818,60,-48,603,76,14976,13439,269,147,388,1016,255
33868,60,-27,603,76,14999,13461,270,149,389,1018,255
33918,60,-49,602,76,15022,13482,271,150,389,1019,255
33968,60,-40,604,76,15046,13503,271,152,390,1021,255
34018,60,-18,608,76,15070,13524,272,153,391,1022,255
34068,60,-18,613,76,15093,13544,273,154,392,1024,255
34118,60,-15,618,76,15115,13566,274,156,392,1026,255
34168,60,-7,622,76,15135,13590,275,157,391,1027,255
34218,60,-26,625,76,15153,13614,276,158,389,1029,255
34268,60,-4,627,76,15171,13642,276,160,387,1030,255
34318,60,-16,625,76,15187,13669,277,161,384,1032,255
34368,60,-20,621,76,15203,13697,278,163,381,1033,255
34418,60,-39,616,76,15219,13723,278,164,378,1035,255
34468,60,-35,610,76,15236,13749,279,165,376,1037,255
34518,60,-47,606,76,15254,13773,279,167,375,1038,255
34568,60,-48,602,76,15275,13796,279,168,374,1040,255
34618,60,-57,602,76,15296,13818,280,170,374,1041,255
34668,60,-47,603,76,15319,13839,280,171,374,1043,255
34718,60,-32,608,76,15341,13860,280,173,375,1044,255
34768,60,-8,613,76,15363,13880,281,174,375,1046,255
34818,60,-14,618,76,15382,13902,281,176,374,1047,255
34868,60,-21,622,76,15401,13925,282,177,373,1049,255
34918,60,-15,625,76,15419,13950,282,179,372,1050,255
34968,60,7,629,76,15435,13976,282,180,369,1052,255
35018,60,-9,629,76,15450,14003,282,182,366,1053,255
35068,60,-4,628,76,15465,14032,283,183,362,1055,255
35118,60,-10,625,76,15480,14060,283,185,359,1056,255
35168,60,-30,620,76,15496,14088,283,186,356,1058,255
35218,60,-16,616,76,15512,14116,282,188,353,1059,255
35268,60,-29,612,76,15531,14142,282,190,351,1061,255
35318,60,-18,610,76,15550,14168,282,191,350,1063,255
35368,60,-27,610,76,15570,14192,282,193,348,1064,255
35418,60,-21,613,76,15590,14216,281,194,347,1066,255
35468,60,-3,615,76,15610,14240,281,196,346,1067,255
35518,60,-27,618,76,15629,14263,281,197,345,1069,255
35568,60,-29,620,76,15647,14287,280,199,344,1071,255
35618,60,-19,622,76,15664,14312,280,200,342,1072,255
35668,60,-14,625,76,15680,14339,279,202,339,1074,255
35718,60,-4,625,76,15696,14366,279,203,336,1075,255
35768,60,-6,624,76,15712,14395,278,204,333,1077,255
35818,60,-19,622,76,15726,14422,277,206,330,1078,255
35868,60,-11,618,76,15742,14448,276,207,327,1080,255
35918,60,-34,614,76,15759,14474,276,208,324,1081,255
35968,60,-30,611,76,15778,14500,275,210,323,1083,255
36018,60,-39,611,76,15797,14524,274,211,321,1084,255
36068,60,-9,611,76,15818,14549,273,212,321,1086,255
36118,60,-28,612,76,15838,14572,272,213,320,1087,255
36168,60,-18,617,76,15859,14596,271,215,319,1089,255
36218,60,-18,617,76,15878,14619,270,216,318,1091,255
36268,60,-28,620,76,15897,14644,269,217,317,1092,255
36318,60,-27,620,76,15914,14669,268,218,315,1094,255
36368,60,-29,619,76,15930,14694,267,219,312,1095,255
36418,60,-28,617,76,15946,14720,265,220,310,1097,255
36468,60,-45,612,76,15964,14747,264,221,308,1098,255
36518,60,-38,609,76,15982,14772,263,222,306,1100,255
36568,60,-38,606,76,16002,14795,262,223,305,1101,255
36618,60,-41,604,76,16022,14818,260,224,304,1103,255
36668,60,-43,603,76,16044,14841,259,225,304,1105,255
36718,60,-36,604,76,16066,14864,258,225,304,1106,255
36768,60,-55,605,76,16089,14886,257,226,304,1108,255
36818,60,-19,608,76,16111,14908,255,227,304,1109,255
36868,60,-29,611,76,16132,14932,254,228,303,1111,255
36918,60,-21,615,76,16153,14954,253,229,303,1112,255
36968,60,-29,619,76,16172,14978,251,230,302,1114,255
37018,60,-6,623,76,16190,15003,250,231,300,1116,255
37068,60,-16,623,76,16207,15030,249,231,297,1117,255
37118,60,-6,623,76,16223,15056,247,232,295,1119,255
37168,60,-19,621,76,16239,15084,246,233,292,1120,255
37218,60,-32,617,76,16256,15111,244,233,289,1122,255
37268,60,-46,614,76,16273,15138,243,234,287,1123,255
37318,60,-46,609,76,16290,15163,241,234,285,1125,255
37368,60,-35,607,76,16308,15187,240,235,283,1126,255
37418,60,-46,606,76,16327,15210,239,235,282,1128,255
37468,60,-46,606,76,16347,15234,237,235,281,1129,255
37518,60,-40,609,76,16368,15256,235,236,280,1131,255
37568,60,-7,611,76,16388,15280,234,236,280,1133,255
37618,60,-33,616,76,16407,15302,232,236,279,1134,255
37668,60,-3,621,76,16425,15327,231,236,278,1136,255
37718,60,-22,622,76,16440,15351,230,237,275,1137,255
37768,60,-20,623,76,16455,15376,228,237,273,1138,255
37818,60,-20,623,76,16470,15401,227,237,270,1140,255
37868,60,-24,624,76,16484,15428,225,237,267,1141,255
37918,60,-21,622,76,16499,15454,224,237,264,1143,255
37968,60,-33,619,76,16513,15482,222,236,260,1144,255
38018,60,-38,616,76,16528,15509,221,236,258,1146,255
38068,60,-45,612,76,16545,15535,219,236,255,1147,255
38118,60,-46,609,76,16563,15560,218,235,253,1149,255
38168,60,-40,606,76,16582,15585,216,235,252,1150,255
38218,60,-37,605,76,16602,15608,215,234,251,1152,255
38268,60,-57,605,76,16622,15632,213,234,250,1154,255
38318,60,-32,608,76,16643,15655,212,233,250,1155,255
38368,60,-28,610,76,16663,15678,210,233,249,1157,255
38418,60,-24,612,76,16682,15700,209,232,248,1158,255
38468,60,-34,615,76,16699,15724,208,232,246,1160,255
38518,60,-18,615,76,16716,15748,206,231,244,1161,255
38568,60,-23,616,76,16733,15773,205,230,242,1163,255
38618,60,-31,616,76,16750,15798,204,230,240,1164,255
38668,60,-28,613,76,16767,15824,202,229,238,1166,255
38718,60,-37,613,76,16784,15850,201,228,236,1167,255
38768,60,-35,609,76,16801,15875,200,227,234,1169,255
38818,60,-40,606,76,16819,15900,199,226,232,1170,255
38868,60,-23,604,76,16838,15924,197,225,231,1172,255
38918,60,-41,602,76,16858,15947,196,224,230,1173,255
38968,60,-41,602,76,16880,15970,195,223,230,1175,255
39018,60,-47,602,76,16902,15992,194,222,230,1176,255
39068,60,-43,604,76,16924,16015,192,221,230,1178,255
39118,60,-40,606,76,16946,16036,191,220,230,1180,255
39168,60,-29,609,76,16967,16058,190,219,230,1181,255
39218,60,-39,612,76,16987,16081,189,218,229,1183,255
39268,60,-41,614,76,17006,16105,188,217,228,1184,255
39318,60,-16,616,76,17024,16130,187,216,226,1186,255
39368,60,-18,615,76,17042,16155,186,215,224,1187,255
39418,60,-29,612,76,17060,16181,185,214,222,1189,255
39468,60,-59,609,76,17078,16207,183,213,220,1190,255
39518,60,-62,605,76,17097,16231,183,212,219,1192,255
39568,60,-48,601,76,17117,16255,181,211,218,1194,255
39618,60,-54,598,76,17138,16278,181,209,217,1195,255
39668,60,-50,597,76,17159,16300,180,208,217,1197,255
39718,60,-43,596,76,17181,16321,179,207,217,1198,255
39768,60,-37,596,76,17204,16342,178,206,218,1200,255
39818,60,-50,597,76,17227,16363,177,204,218,1201,255
39868,60,-60,600,76,17251,16383,176,203,219,1203,255
39918,60,-38,604,76,17273,16404,175,202,220,1204,255
39968,60,-49,606,76,17296,16424,174,201,220,1206,255
40018,60,-33,607,76,17316,16446,173,200,220,1207,255
40068,60,-37,608,76,17337,16468,172,198,219,1209,255
40118,60,-25,611,76,17356,16492,171,197,218,1211,255
40168,60,-40,611,76,17375,16516,170,196,217,1212,255
40218,60,-40,609,76,17394,16541,169,195,215,1214,255
40268,60,-37,608,76,17412,16565,168,194,214,1215,255
40318,60,-53,607,76,17431,16588,167,192,213,1217,255
40368,60,-41,605,76,17451,16612,166,191,212,1218,255
40418,60,-60,603,76,17471,16634,166,190,211,1220,255
40468,60,-42,601,76,17493,16658,165,188,211,1221,255
40518,60,-48,601,76,17514,16680,164,187,211,1223,255
40568,60,-34,601,76,17536,16702,163,186,211,1224,255
40618,60,-65,600,76,17558,16722,162,184,211,1226,255
40668,60,-56,602,76,17581,16744,161,183,211,1228,255
40718,60,-23,604,76,17602,16764,161,182,212,1229,255
40768,60,-19,606,76,17624,16784,160,181,212,1231,255
40818,60,-29,609,76,17645,16806,159,179,212,1232,255
40868,60,-46,611,76,17666,16828,158,178,211,1234,255
40918,60,-23,612,76,17684,16850,157,177,211,1235,255
40968,60,-57,610,76,17704,16875,157,175,209,1237,255
41018,60,-51,608,76,17723,16899,156,174,208,1238,255
41068,60,-32,607,76,17742,16923,155,173,207,1240,255
41118,60,-34,606,76,17762,16947,155,171,206,1241,255
41168,60,-63,601,76,17781,16970,154,170,205,1243,255
41218,60,-61,594,76,17801,16992,153,169,204,1244,255
41268,60,-50,592,76,17823,17013,153,167,205,1246,255
41318,60,-50,592,76,17847,17034,152,166,206,1247,255
41368,60,-41,594,76,17871,17053,151,164,207,1249,255
41418,60,-52,596,76,17896,17073,150,163,208,1251,255
41468,60,-52,599,76,17920,17093,150,161,209,1252,255
41518,60,-40,603,76,17943,17113,149,160,210,1254,255
41568,60,-39,607,76,17966,17134,148,159,210,1255,255
41618,60,-23,612,76,17987,17156,147,157,210,1257,255
41668,60,-20,614,76,18008,17180,147,156,209,1259,255
41718,60,-25,614,76,18027,17204,146,155,208,1260,255
41768,60,-42,613,76,18046,17230,145,153,206,1262,255
41818,60,-40,609,76,18064,17256,144,152,205,1263,255
41868,60,-40,606,76,18084,17281,144,150,203,1265,255
41918,60,-52,602,76,18104,17305,143,149,202,1266,255
41968,60,-48,598,76,18125,17329,143,147,201,1268,255
42018,60,-59,595,76,18147,17351,142,146,201,1270,255
42068,60,-80,592,76,18170,17372,141,145,201,1271,255
42118,60,-46,591,76,18194,17392,141,143,202,1273,255
42168,60,-44,592,76,18219,17411,140,142,204,1274,255
42218,60,-41,594,76,18244,17430,139,140,206,1276,255
42268,60,-37,596,76,18269,17448,139,139,207,1277,255
42318,60,-25,600,76,18293,17468,138,137,209,1279,255
42368,60,-23,604,76,18316,17487,137,136,210,1280,255
42418,60,-23,609,76,18338,17507,137,135,210,1282,255
42468,60,-23,612,76,18358,17528,136,134,210,1283,255
42518,60,-33,615,76,18377,17551,135,132,209,1285,255
42568,60,-39,615,76,18395,17575,134,131,207,1286,255
42618,60,-41,614,76,18413,17600,134,130,205,1288,255
42668,60,-48,610,76,18431,17626,133,128,203,1290,255
42718,60,-49,606,76,18449,17650,132,127,202,1291,255
42768,60,-48,601,76,18468,17674,132,125,200,1293,255
42818,60,-50,597,76,18488,17696,131,124,200,1294,255
42868,60,-73,591,76,18510,17716,131,122,200,1296,255
42918,60,-73,588,76,18532,17736,130,121,201,1297,255
42968,60,-69,587,76,18558,17754,130,120,203,1299,255
43018,60,-50,589,76,18583,17772,129,118,205,1300,255
43068,60,-45,592,76,18609,17789,128,117,207,1302,255
43118,60,-31,596,76,18634,17807,128,116,209,1303,255
43168,60,-25,600,76,18658,17826,127,114,210,1305,255
43218,60,-46,605,76,18681,17844,126,113,211,1306,255
43268,60,-7,610,76,18704,17864,125,112,212,1308,255
43318,60,-37,613,76,18724,17885,124,110,212,1309,255
43368,60,-20,614,76,18743,17908,124,109,211,1311,255
43418,60,-37,613,76,18761,17931,123,108,210,1312,255
43468,60,-35,609,76,18780,17955,122,106,208,1314,255
43518,60,-35,606,76,18799,17979,121,105,207,1315,255
43568,60,-64,601,76,18818,18002,121,104,206,1317,255
43618,60,-48,598,76,18839,18024,120,102,206,1318,255
43668,60,-41,594,76,18860,18044,119,101,206,1320,255
43718,60,-47,591,76,18883,18064,119,100,207,1321,255
43768,60,-43,590,76,18907,18082,118,98,208,1323,255
43818,60,-66,589,76,18932,18100,117,97,210,1324,255
43868,60,-55,590,76,18959,18118,116,96,212,1326,255
43918,60,-45,592,76,18983,18136,116,95,214,1327,255
43968,60,-42,594,76,19008,18152,115,93,216,1329,255
44018,60,-51,597,76,19033,18170,114,92,218,1331,255
44068,60,-29,601,76,19056,18189,113,91,219,1332,255
44118,60,-22,605,76,19079,18208,112,90,220,1334,255
44168,60,-24,609,76,19101,18228,111,89,220,1335,255
44218,60,-32,608,76,19121,18248,110,88,220,1336,255
44268,60,-45,609,76,19142,18271,109,86,220,1338,255
44318,60,-30,609,76,19162,18294,108,85,219,1340,255
44368,60,-37,605,76,19181,18317,107,84,218,1341,255
44418,60,-25,603,76,19201,18338,106,83,218,1343,255
44468,60,-59,601,76,19223,18360,105,82,218,1344,255
44518,60,-51,597,76,19245,18381,104,80,218,1346,255
44568,60,-55,595,76,19268,18401,103,79,219,1347,255
44618,60,-75,592,76,19290,18420,102,78,220,1349,255
44668,60,-49,590,76,19313,18438,101,77,221,1350,255
44718,60,-53,588,76,19336,18455,100,76,222,1352,255
44768,60,-55,587,76,19362,18472,99,75,225,1353,255
44818,60,-62,588,76,19388,18488,98,74,227,1355,255
44868,60,-50,590,76,19416,18505,97,73,230,1356,255
44918,60,-38,593,76,19442,18522,96,72,232,1358,255
44968,60,-41,595,76,19468,18540,94,71,235,1359,255
45018,60,-50,598,76,19494,18557,93,70,237,1361,255
45068,60,-40,601,76,19518,18575,92,69,238,1362,255
45118,60,-41,603,76,19541,18594,91,68,239,1364,255
45168,60,-25,604,76,19563,18614,89,68,240,1365,255
45218,60,-41,603,76,19584,18635,88,67,240,1367,255
45268,60,-66,601,76,19606,18655,87,66,240,1368,255
45318,60,-35,598,76,19628,18675,85,65,241,1370,255
45368,60,-45,596,76,19651,18695,84,65,241,1371,255
45418,60,-64,594,76,19675,18715,83,64,242,1373,255
45468,60,-47,592,76,19699,18733,81,63,244,1375,255
45518,60,-71,590,76,19725,18750,80,63,246,1376,255
45568,60,-52,589,76,19751,18768,78,62,248,1378,255
45618,60,-56,587,76,19778,18786,77,62,251,1379,255
45668,60,-58,586,76,19806,18802,75,61,254,1381,255
45718,60,-75,585,76,19834,18818,74,61,256,1382,255
45768,60,-65,585,76,19864,18834,72,60,260,1384,255
45818,60,-51,587,76,19892,18850,71,60,263,1386,255
45868,60,-68,589,76,19922,18866,69,60,267,1387,255
45918,60,-63,592,76,19949,18882,68,60,269,1389,255
45968,60,-36,595,76,19976,18899,66,60,272,1390,255
46018,60,-54,597,76,20001,18916,64,60,274,1392,255
46068,60,-48,600,76,20026,18934,63,60,276,1393,255
46118,60,-52,601,76,20049,18953,61,60,277,1395,255
46168,60,-50,599,76,20072,18972,60,61,278,1396,255
46218,60,-25,601,76,20095,18990,59,61,279,1398,255
46268,60,-31,601,76,20118,19009,57,61,280,1399,255
46318,60,-46,601,76,20142,19028,56,61,281,1401,255
46368,60,-54,600,76,20166,19048,54,62,282,1403,255
46418,60,-58,598,76,20189,19068,53,62,283,1404,255
46468,60,-47,596,76,20213,19086,51,63,285,1406,255
46518,60,-43,595,76,20237,19105,50,63,286,1407,255
46568,60,-62,593,76,20262,19124,48,63,288,1409,255
46618,60,-63,592,76,20287,19142,47,64,289,1410,255
46668,60,-79,592,76,20312,19160,45,64,291,1412,255
46718,60,-64,592,76,20337,19178,44,65,293,1413,255
46768,60,-60,594,76,20362,19196,42,66,295,1415,255
46818,60,-51,599,76,20387,19214,41,66,296,1416,255
46868,60,-43,603,76,20411,19234,40,67,297,1418,255
46918,60,-37,607,76,20433,19254,38,68,298,1419,255
46968,60,-5,613,76,20454,19276,37,68,298,1421,255
47018,60,-22,615,76,20474,19297,36,69,297,1422,255
47068,60,-16,618,76,20492,19320,34,70,296,1424,255
47118,60,2,620,76,20510,19344,33,70,295,1425,255
47168,60,-31,618,76,20527,19369,32,71,293,1427,255
47218,60,-39,612,76,20545,19393,30,72,291,1428,255
47268,60,-40,608,76,20564,19418,29,72,290,1430,255
47318,60,-55,605,76,20584,19441,27,73,289,1431,255
47368,60,-36,602,76,20605,19463,26,73,289,1433,255
47418,60,-50,599,76,20627,19485,24,74,289,1435,255
47468,60,-47,596,76,20648,19505,23,74,289,1436,255
47518,60,-43,595,76,20670,19523,22,75,290,1438,255
47568,60,-53,593,76,20692,19541,20,75,291,1439,255
47618,60,-53,593,76,20715,19558,19,76,292,1440,255
47668,60,-71,596,76,20740,19576,17,76,294,1442,255
47718,60,-36,599,76,20764,19594,16,77,296,1443,255
47768,60,-45,597,76,20788,19613,15,78,297,1445,255
47818,60,-35,596,76,20812,19631,13,78,298,1446,255
47868,60,-26,601,76,20836,19649,12,79,300,1448,255
47918,60,-29,606,76,20859,19667,11,80,301,1449,255
47968,60,-33,609,76,20882,19688,10,81,302,1451,255
48018,60,-39,609,76,20903,19708,8,82,302,1452,255
48068,60,-35,608,76,20924,19730,7,82,302,1454,255
48118,60,-47,604,76,20945,19750,6,83,302,1456,255
48168,60,-49,600,76,20966,19772,4,84,302,1457,255
48218,60,-56,596,76,20988,19791,3,85,302,1458,255
48268,60,-62,593,76,21012,19810,2,86,303,1460,255
48318,60,-49,592,76,21035,19827,1,86,305,1461,255
48368,60,-73,587,76,21060,19844,0,87,307,1463,255
48418,60,-74,582,76,21086,19859,-1,88,310,1464,255
48468,60,-72,578,76,21114,19874,-2,89,313,1466,255
48518,60,-85,576,76,21142,19887,-3,90,317,1467,255
48568,60,-95,576,76,21173,19898,-4,92,322,1469,255
48618,60,-95,576,76,21203,19910,-5,93,326,1470,255
48668,60,-96,576,76,21235,19921,-5,94,332,1472,255
48718,60,-87,575,76,21266,19932,-6,95,337,1473,255
48768,60,-88,575,76,21299,19942,-6,97,343,1475,255
48818,60,-97,575,76,21330,19952,-7,98,348,1476,255
48868,60,-99,575,76,21362,19962,-7,100,354,1478,255
48918,60,-89,575,76,21393,19972,-7,101,359,1479,255
48968,60,-88,575,76,21424,19982,-7,103,364,1481,255
49018,60,-93,575,76,21455,19991,-7,104,370,1482,255
49068,60,-87,576,76,21486,20000,-7,106,376,1484,255
49118,60,-84,575,76,21518,20008,-6,107,381,1485,255
49168,60,-97,574,76,21550,20016,-5,108,387,1487,255
49218,60,-84,575,76,21582,20024,-5,109,394,1488,255
49268,60,-83,576,76,21615,20032,-4,111,400,1490,255
49318,60,-77,582,76,21647,20040,-3,112,406,1491,255
49368,60,5,616,76,21677,20052,-2,113,411,1492,255
49418,60,21,649,76,21698,20072,-1,113,411,1494,255
49468,60,23,653,76,21711,20100,0,114,407,1495,255
49518,60,30,653,76,21720,20134,1,116,401,1497,255
49568,60,30,651,76,21726,20170,2,117,393,1499,255
49618,60,21,649,76,21731,20206,2,118,385,1500,255
49668,60,2,642,76,21734,20243,3,119,377,1501,255
49718,60,-70,608,76,21740,20277,3,121,370,1503,255
49768,60,-100,580,76,21756,20304,3,122,367,1504,255
49818,60,-94,575,76,21779,20322,4,124,368,1506,255
49868,60,-79,577,76,21806,20336,4,125,372,1507,255
49918,60,-79,577,76,21835,20348,4,127,376,1509,255
49968,60,-88,575,76,21865,20357,5,128,381,1510,255
50018,60,-100,572,76,21896,20366,5,129,386,1512,255
50068,60,-99,572,76,21929,20374,6,130,393,1513,255
50118,60,-99,573,76,21962,20382,7,132,399,1515,255
50168,60,-95,575,76,21997,20390,8,133,406,1516,255
50218,60,-91,575,76,22030,20398,9,134,412,1517,255
50268,60,-93,576,76,22062,20406,10,134,419,1519,255
50318,60,-85,575,76,22093,20415,12,135,424,1520,255
50368,60,-87,574,76,22125,20424,13,136,430,1522,255
50418,60,-98,574,76,22157,20432,14,136,436,1523,255
50468,60,-91,575,76,22189,20441,16,136,442,1525,255
50518,60,-91,575,76,22221,20449,17,136,448,1526,255
50568,60,-86,575,76,22254,20458,19,136,454,1528,255
50618,60,-86,575,76,22286,20466,20,136,460,1529,255
50668,60,-92,575,76,22319,20474,22,136,466,1531,255
50718,60,-94,574,76,22353,20482,23,135,473,1532,255
50768,60,-91,573,76,22387,20489,24,135,480,1534,255
50818,60,-97,572,76,22420,20496,25,134,486,1535,255
50868,60,-105,571,76,22454,20504,27,133,493,1537,255
50918,60,-99,571,76,22488,20512,28,132,499,1538,255
50968,60,-107,570,76,22523,20518,28,131,507,1539,255
51018,60,-101,571,76,22556,20526,29,129,513,1541,255
51068,60,-98,572,76,22591,20533,30,128,521,1542,255
51118,60,-95,572,76,22625,20540,30,127,527,1544,255
51168,60,-103,573,76,22659,20546,30,125,534,1545,255
51218,60,-82,578,76,22693,20553,30,124,541,1547,255
51268,60,13,611,76,22726,20562,30,122,547,1548,255
51318,60,15,645,76,22749,20581,30,121,548,1550,255
51368,60,17,646,76,22765,20608,30,119,545,1551,255
51418,60,12,646,76,22777,20640,30,118,541,1553,255
51468,60,18,646,76,22786,20672,30,116,535,1554,255
51518,60,16,645,76,22793,20705,30,115,528,1556,255
51568,60,16,645,76,22801,20738,30,113,522,1557,255
51618,60,24,646,76,22808,20770,31,112,516,1559,255
51668,60,31,647,76,22814,20803,32,111,508,1560,255
51718,60,26,647,76,22821,20836,32,110,502,1561,255
51768,60,29,648,76,22828,20870,33,108,495,1563,255
51818,60,28,648,76,22835,20904,34,108,488,1564,255
51868,60,20,649,76,22841,20938,36,107,481,1566,255
51918,60,34,651,76,22846,20973,37,106,474,1567,255
51968,60,38,652,76,22852,21009,38,106,466,1569,255
52018,60,34,653,76,22857,21045,40,105,458,1570,255
52068,60,49,655,76,22861,21082,41,105,450,1572,255
52118,60,45,656,76,22865,21117,42,105,442,1573,255
52168,60,46,656,76,22868,21153,44,105,434,1575,255
52218,60,33,652,76,22871,21189,45,106,426,1576,255
52268,60,-88,611,76,22877,21223,46,107,418,1577,255
52318,60,-123,576,76,22892,21248,48,107,416,1579,255
52368,60,-93,573,76,22916,21266,49,108,417,1580,255
52418,60,-75,576,76,22944,21280,50,109,421,1582,255
52468,60,-83,578,76,22974,21292,52,110,425,1583,255
52518,60,-88,578,76,23002,21303,53,110,429,1585,255
52568,60,-96,577,76,23032,21314,54,111,434,1586,255
52618,60,-77,577,76,23063,21326,56,111,439,1588,255
52668,60,-92,576,76,23094,21337,57,111,444,1589,255
52718,60,-84,575,76,23126,21347,59,111,449,1591,255
52768,60,-85,575,76,23158,21357,60,111,455,1592,255
52818,60,-95,575,76,23190,21367,62,111,461,1594,255
52868,60,-90,575,76,23223,21377,63,111,467,1595,255
52918,60,-84,576,76,23255,21386,65,110,472,1597,255
52968,60,-89,576,76,23288,21396,66,109,478,1598,255
53018,60,-76,577,76,23320,21405,67,109,484,1600,255
53068,60,-94,576,76,23352,21414,68,108,490,1601,255
53118,60,-89,576,76,23385,21424,69,107,496,1603,255
53168,60,-97,575,76,23418,21432,70,106,502,1604,255
53218,60,-106,573,76,23452,21440,71,104,508,1606,255
53268,60,-96,573,76,23485,21448,72,103,515,1607,255
53318,60,-97,575,76,23518,21455,72,102,522,1609,255
53368,60,-78,577,76,23551,21463,73,100,528,1610,255
53418,60,-94,577,76,23582,21470,73,99,534,1611,255
53468,60,-23,597,76,23614,21479,73,97,540,1613,255
53518,60,61,646,76,23639,21494,73,96,542,1614,255
53568,60,26,650,76,23654,21519,73,95,540,1616,255
53618,60,22,648,76,23665,21548,73,93,536,1617,255
53668,60,30,649,76,23674,21579,73,92,530,1619,255
53718,60,18,648,76,23681,21612,74,90,524,1620,255
53768,60,18,648,76,23689,21646,74,89,517,1622,255
53818,60,23,648,76,23696,21681,75,88,510,1623,255
53868,60,36,652,76,23702,21717,76,86,502,1625,255
53918,60,42,655,76,23708,21752,76,85,495,1626,255
53968,60,44,656,76,23712,21790,78,84,486,1628,255
54018,60,45,656,76,23717,21826,79,84,478,1629,255
54068,60,47,657,76,23720,21862,80,83,470,1630,255
54118,60,44,658,76,23723,21897,81,83,462,1632,255
54168,60,55,658,76,23726,21933,83,82,453,1633,255
54218,60,48,657,76,23729,21969,84,82,445,1635,255
54268,60,41,656,76,23732,22005,86,83,437,1636,255
54318,60,55,658,76,23735,22041,87,83,428,1637,255
54368,60,50,657,76,23738,22078,88,84,420,1639,255
54418,60,46,655,76,23740,22115,89,84,411,1640,255
54468,60,37,653,76,23742,22152,90,85,402,1642,255
54518,60,44,653,76,23744,22187,91,86,394,1643,255
54568,60,42,652,76,23747,22222,92,88,385,1644,255
54618,60,21,647,76,23750,22258,92,89,378,1646,255
54668,60,-97,601,76,23757,22292,93,90,371,1647,255
54718,60,-94,578,76,23774,22316,93,92,369,1648,255
54768,60,-76,577,76,23800,22333,93,93,371,1650,255
54818,60,-74,578,76,23827,22347,94,95,374,1652,255
54868,60,-79,578,76,23855,22360,94,96,378,1653,25
54918,60,-76,577,76,23884,22372,95,97,382,1654,255
54968,60,-76,577,76,23913,22384,95,99,386,1656,255
55018,60,-80,578,76,23943,22396,96,100,391,1657,255
55068,60,-75,580,76,23974,22409,97,101,396,1659,22
55118,60,-60,583,76,24004,22421,98,103,400,1660,255
55168,60,-72,585,76,24034,22435,99,104,404,1662,255
55218,60,-57,588,76,24062,22448,100,105,408,1664,255
55268,60,-72,588,76,24091,22464,101,106,411,1665,255
55318,60,-57,591,76,24120,22479,102,107,415,1667,255
55368,60,-50,592,76,24148,22495,104,108,418,1668,255
55418,60,-63,593,76,24174,22510,105,108,420,1670,255
55468,60,-48,593,76,24198,22524,106,109,423,1671,255
55518,60,-58,591,76,24222,22536,107,109,426,1672,255
55568,60,-40,594,76,24247,22543,108,110,431,1674,255
55618,60,-51,597,76,24270,22548,109,110,435,1675,255
55668,60,-49,596,76,24295,22553,110,110,440,1676,255
55718,60,-49,595,76,24319,22559,111,110,445,1677,255
55768,60,-78,589,76,24341,22564,112,111,449,1678,255
55818,60,-71,584,76,24368,22570,114,110,454,1679,255
55868,60,-75,582,77,24400,22576,115,110,461,1680,255
55918,60,-65,590,76,24423,22579,116,110,466,1681,255
55968,60,-76,584,76,24433,22580,116,110,468,1682,255
56018,60,-52,593,76,24437,22580,116,110,469,1682,255
56068,60,-39,604,76,24441,22581,117,110,470,1682,255
56118,60,-24,612,76,24442,22582,117,110,470,1682,255
56168,60,-17,616,76,24444,22582,117,110,471,1682,255
56218,60,-26,614,76,24448,22582,117,110,472,1682,255
56268,60,-28,613,76,24452,22582,117,110,473,1682,255
56318,60,-15,617,76,24455,22582,117,110,474,1682,255
56368,60,-2,624,76,24455,22584,117,110,473,1683,255
56418,60,0,628,76,24455,22586,117,110,473,1683,255
56468,60,-7,627,76,24455,22590,117,110,472,1683,255
56518,60,-3,626,76,24455,22592,117,109,471,1683,255
56568,60,-8,626,76,24455,22596,117,109,470,1683,255
56618,60,1,628,76,24455,22597,118,109,470,1683,255
56668,60,-2,629,76,24455,22599,118,109,469,1683,255
56718,60,5,630,76,24455,22600,118,109,469,1683,255
56768,60,-8,626,76,24455,22600,118,109,469,1683,255
56818,60,-2,623,76,24457,22600,118,109,469,1683,255
56868,60,-15,619,76,24458,22600,118,109,470,1683,255
56918,60,-34,612,76,24460,22600,118,109,470,1683,255
56968,60,-63,599,77,24462,22600,118,109,471,1683,255
57018,60,-55,597,83,24466,22600,118,109,472,1683,255
57068,60,-58,595,91,24469,22600,118,109,473,1684,255
57118,60,-54,594,99,24470,22600,118,109,473,1684,255
57168,60,-72,591,106,24471,22600,118,109,473,1684,255
57218,60,-62,590,113,24471,22600,118,109,473,1684,255
57268,60,-89,585,117,24471,22600,118,109,473,1684,255
57318,60,-43,597,113,24472,22600,118,109,473,1684,255
57368,60,-57,593,110,24476,22605,118,109,473,1684,255
57418,60,-62,590,110,24481,22607,119,109,474,1684,255
57468,60,-64,589,106,24484,22607,119,109,475,1684,255
57518,60,-80,587,105,24484,22607,119,109,475,1684,255
57568,60,-65,589,105,24484,22607,119,109,475,1684,255
57618,60,-65,589,105,24484,22607,119,109,475,1684,255
57668,60,-61,591,105,24484,22607,119,109,475,1684,255
57718,60,-61,591,105,24484,22608,119,109,474,1684,255
57768,60,-59,592,105,24485,22610,119,109,474,1685,255
57818,60,-76,589,105,24486,22613,119,109,474,1685,255
57868,60,-71,589,105,24487,22614,119,109,474,1685,255
57918,60,-71,589,105,24487,22614,119,109,474,1685,255
57968,60,-64,590,105,24487,22614,119,109,474,1685,255
58018,60,-72,589,105,24487,22615,119,109,473,1685,255
58068,60,-72,589,105,24487,22616,119,109,473,1685,255
58118,60,-72,589,105,24487,22616,119,109,473,1685,255
58168,60,-70,590,105,24487,22616,119,109,473,1685,255
58218,60,-78,589,105,24487,22616,119,109,473,1685,255
58268,60,-64,590,105,24487,22616,119,109,473,1685,255
58318,60,-63,591,105,24487,22616,119,109,473,1685,255
58368,60,-69,591,105,24487,22616,119,109,473,1685,255
58418,60,-59,593,105,24487,22618,119,109,473,1685,255
58468,60,-63,594,105,24487,22621,119,109,472,1685,255
58518,60,-68,594,105,24487,22624,119,109,471,1685,255
58568,60,-63,594,105,24487,22626,120,109,471,1685,255
58618,60,-62,595,105,24487,22626,120,109,470,1685,255
58668,60,-64,594,105,24487,22627,120,109,470,1685,255
58718,60,-56,595,105,24487,22627,120,109,470,1685,255
58768,60,-64,594,105,24487,22628,120,109,470,1685,255
58818,60,-66,593,105,24488,22630,120,109,469,1685,255
58868,60,-70,591,105,24490,22631,120,108,470,1685,255
58918,60,-73,589,105,24493,22632,120,108,470,1686,255
58968,60,-68,589,105,24494,22632,120,108,471,1686,255
59018,60,-75,588,105,24494,22632,120,108,471,1686,255
59068,60,-77,587,105,24494,22632,120,108,471,1686,255
59118,60,-78,587,105,24494,22632,120,108,471,1686,255
59168,60,-72,587,105,24494,22632,120,108,471,1686,255
59218,60,-80,586,105,24494,22632,120,108,471,1686,255
59268,60,-72,587,105,24494,22633,120,108,470,1686,255
59318,60,-78,587,105,24496,22634,120,108,470,1686,255
59368,60,-81,583,105,24500,22634,120,108,472,1686,255
59418,60,-88,582,105,24501,22634,120,108,472,1686,255
59468,60,-88,582,105,24501,22634,120,108,472,1686,255
59518,60,-80,583,105,24501,22634,120,108,472,1686,255
59568,60,-73,593,105,24501,22636,120,108,472,1686,255
59618,60,-60,594,105,24501,22638,120,108,471,1686,255
59668,60,-58,595,105,24501,22638,120,108,471,1686,255
59718,60,-75,589,105,24505,22638,121,108,472,1686,255
59768,60,-52,595,105,24508,22638,121,108,473,1686,255
59818,60,-50,603,103,24509,22638,121,108,473,1686,255
59868,60,-91,616,100,24509,22640,121,108,473,1686,255
59918,60,-66,594,97,24509,22644,121,108,472,1687,255
59968,60,-80,590,96,24509,22646,121,108,471,1687,255
60018,60,-102,581,97,24509,22646,121,108,471,1687,255
60068,60,-84,578,96,24510,22646,121,108,471,1687,255
60118,60,-89,579,96,24514,22646,121,108,472,1687,255
60168,60,-68,590,96,24515,22646,121,108,473,1687,255
60218,60,-86,587,96,24515,22650,121,108,472,1687,23
60268,60,-81,590,96,24516,22656,122,108,470,1687,19
60318,60,-5,609,96,24517,22668,122,108,468,1688,10
60368,60,-86,590,96,24518,22682,122,108,464,1688,7
60418,60,-60,594,96,24520,22692,123,107,462,1689,7
60468,60,-55,600,96,24520,22702,123,107,460,1689,7
60518,60,-38,607,96,24520,22710,124,107,458,1689,8
60568,60,-29,615,96,24520,22719,124,107,455,1690,7
60618,60,-17,621,96,24520,22727,124,107,453,1690,7
60668,60,-1,627,96,24520,22734,124,107,452,1690,7
60718,60,-6,630,96,24520,22741,125,107,450,1690,6
60768,60,7,634,96,24520,22747,125,107,448,1691,6
60818,60,11,636,96,24520,22754,125,107,447,1691,7
60868,60,4,635,96,24520,22760,125,107,445,1691,6
60918,60,17,636,96,24520,22762,125,107,444,1691,7
60968,60,5,633,96,24520,22763,125,107,444,1691,10
61018,60,4,632,96,24520,22763,125,107,444,1691,8
61068,60,4,632,96,24520,22763,125,107,444,1691,8
61118,60,11,635,96,24519,22761,125,107,444,1691,9
61168,60,15,637,96,24517,22757,125,107,445,1691,8
61218,60,4,632,96,24515,22754,125,107,445,1691,8
61268,60,9,631,96,24513,22751,125,107,445,1691,8
61318,60,-8,628,96,24510,22750,125,107,445,1690,7
61368,60,-2,628,96,24509,22749,125,107,445,1690,7
61418,60,-4,627,96,24508,22749,124,107,445,1690,8
61468,60,4,628,96,24507,22749,124,107,444,1690,8
61518,60,-3,627,96,24507,22749,124,107,444,1690,8
61568,60,-3,627,96,24506,22749,124,107,444,1690,8
61618,60,-3,627,96,24506,22749,124,107,444,1690,8
61668,60,-3,627,96,24506,22749,124,107,444,1690,8
61718,60,9,630,96,24506,22749,124,107,444,1690,8
61768,60,5,631,96,24506,22749,124,107,444,1690,8
61818,60,5,631,96,24506,22749,124,107,444,1690,7
61868,60,7,632,96,24506,22749,124,107,444,1690,7
61918,60,9,633,96,24506,22749,124,107,444,1690,9
61968,60,-54,611,96,24506,22749,124,107,444,1690,13
62018,60,-40,606,96,24506,22749,124,107,444,1690,22
62068,60,-18,615,96,24506,22748,124,107,444,1690,19
62118,60,-27,607,96,24510,22752,125,107,444,1690,20
62168,60,120,637,96,24519,22765,125,107,443,1691,21
62218,60,41,658,96,24528,22782,126,107,442,1692,22
62268,60,18,645,96,24536,22812,128,108,436,1694,24
62318,60,4,634,96,24546,22848,129,108,430,1695,28
62368,60,-18,623,96,24561,22884,131,109,424,1697,33
62418,60,-13,622,96,24578,22919,132,110,420,1699,37
62468,60,0,626,96,24598,22953,134,111,416,1701,42
62518,60,-10,628,96,24616,22987,136,112,412,1703,255
62568,60,4,628,96,24635,23022,137,113,408,1705,255
62618,60,-15,625,96,24654,23057,139,114,404,1706,255
62668,60,-18,619,96,24673,23092,140,116,400,1708,255
62718,60,-4,618,96,24694,23125,141,117,397,1710,255
62768,60,10,622,96,24716,23158,142,119,394,1712,255
62818,60,-7,626,96,24738,23190,143,121,391,1714,255
62868,60,1,630,96,24758,23225,144,122,387,1716,255
62918,60,45,642,96,24776,23261,145,124,383,1718,255
62968,60,50,660,96,24789,23301,146,126,376,1720,255
63018,60,108,679,96,24803,23340,146,128,370,1722,255
63068,60,-99,695,96,24831,23364,146,129,371,1724,255
63118,60,-78,705,96,24868,23380,147,131,376,1726,255
63168,60,-74,710,96,24908,23394,148,133,383,1728,255
63218,60,-83,712,96,24949,23407,148,135,390,1730,255
63268,60,-66,713,96,24989,23422,150,137,396,1732,255
63318,60,-79,713,96,25029,23437,151,138,402,1733,255
63368,60,-77,714,96,25069,23452,152,139,409,1736,255
63418,60,-70,713,96,25109,23468,154,141,414,1737,255
63468,60,-74,712,96,25148,23485,156,142,420,1740,255
63518,60,-80,711,96,25188,23500,157,142,426,1741,255
63568,60,-81,710,96,25227,23517,159,143,433,1743,255
63618,60,-66,710,96,25267,23532,161,144,438,1745,255
63668,60,-76,709,96,25307,23548,163,144,445,1747,255
63718,60,-92,706,96,25347,23563,165,144,451,1749,255
63768,60,-84,702,96,25387,23578,167,144,457,1751,255
63818,60,-105,698,96,25429,23591,169,143,464,1753,255
63868,60,-106,695,96,25472,23603,171,143,473,1755,255
63918,60,-108,693,96,25516,23614,173,142,480,1757,255
63968,60,-106,694,96,25561,23624,174,141,490,1759,255
64018,60,-113,693,96,25606,23634,175,139,498,1761,255
64068,60,-114,692,96,25651,23645,177,138,507,1763,255
64118,60,-115,688,96,25697,23655,178,136,516,1765,255
64168,60,-123,682,96,25744,23663,178,134,526,1767,255
64218,60,121,677,96,25790,23670,179,132,536,1769,255
64268,60,121,673,96,25838,23674,178,130,547,1771,255
64318,60,121,670,96,25886,23678,178,129,558,1773,255
64368,60,121,668,96,25933,23682,177,127,569,1775,255
64418,60,65,664,96,25980,23686,176,125,580,1776,255
64468,60,70,663,96,26025,23694,175,124,589,1778,255
,,,,,,,,,,,
