0,0,0,561,0,0,1,0,621,0,0,0
1,0,0,562,0,0,1,0,622,0,0,0
5,0,0,563,0,0,1,0,624,0,0,0
9,0,0,563,0,0,1,0,626,0,0,0
13,0,0,565,0,0,1,0,626,0,0,0
17,0,0,565,0,0,1,0,626,0,0,0
21,0,0,566,0,1,1,0,627,0,0,0
25,0,0,567,0,1,1,0,626,0,0,0
29,0,0,569,0,1,1,0,627,0,0,0
33,0,0,569,0,1,1,0,629,0,0,0
37,0,0,570,0,2,1,0,630,0,0,0
41,0,0,569,0,2,1,0,630,0,0,0
45,0,0,570,0,2,1,0,628,0,0,0
49,0,0,569,0,3,1,0,627,0,0,0
53,0,0,569,0,3,1,0,628,0,0,0
57,0,0,569,0,4,1,0,633,0,0,0
61,0,0,569,0,4,1,0,634,0,0,0
65,0,0,567,0,5,1,1,633,0,0,0
69,0,0,568,0,6,1,1,634,0,0,0
73,0,0,567,0,6,1,1,632,0,0,0
77,0,0,566,0,7,1,1,629,0,0,0
81,0,0,568,0,8,2,1,634,0,0,0
85,0,0,570,0,9,2,1,634,0,0,0
89,0,0,571,0,9,3,1,634,0,0,0
93,0,0,572,0,10,3,1,611,0,0,0
97,0,0,572,0,11,4,1,601,0,0,0
101,0,0,572,0,12,5,1,597,0,0,0
105,0,0,573,0,12,5,1,581,0,0,0
109,0,0,573,0,13,6,1,566,0,0,0
113,0,0,574,0,14,7,1,559,0,0,0
117,0,0,574,0,15,8,1,547,0,0,0
121,0,0,575,0,15,9,1,546,0,0,0
125,0,0,577,0,16,9,1,546,0,0,0
129,0,0,577,0,16,10,1,553,0,0,0
133,0,0,578,0,16,11,1,556,0,0,0
137,0,0,579,0,17,11,1,561,1,0,0
141,0,0,579,0,17,12,1,567,1,0,0
145,0,0,579,0,17,12,1,565,1,0,0
149,0,0,580,0,17,13,1,566,1,0,0
153,0,0,579,0,17,13,1,566,1,0,0
157,0,0,578,0,16,13,0,571,1,0,0
161,0,0,577,0,16,13,0,583,1,0,0
165,0,0,577,0,16,13,0,604,1,0,0
169,0,0,575,0,15,13,0,612,1,0,0
173,0,0,575,0,15,13,0,621,1,0,0
177,0,0,574,0,14,13,0,648,0,0,0
181,0,0,571,0,14,13,0,657,0,0,0
185,0,0,570,0,13,13,0,660,0,0,0
189,0,0,569,0,13,13,0,673,0,0,0
193,0,0,567,0,12,13,0,672,0,0,0
197,0,0,565,0,11,13,0,668,0,0,0
201,0,0,564,0,11,12,0,666,0,0,0
205,0,0,563,0,10,13,0,663,0,0,0
209,0,0,564,0,10,13,0,662,0,0,0
213,0,0,561,0,10,13,0,658,0,0,0
217,0,0,560,0,9,13,-1,658,0,0,0
221,0,0,560,0,9,13,-1,662,0,0,0
225,0,0,559,0,9,13,-1,662,0,0,0
229,0,0,557,0,8,13,-1,660,0,0,0
233,0,0,556,0,8,13,-1,658,0,0,0
237,0,0,555,0,8,14,-1,658,0,0,0
241,0,0,554,0,8,14,-1,656,0,0,0
245,0,0,554,0,8,15,-1,650,0,0,0
249,0,0,553,0,8,15,-1,633,0,0,0
253,0,0,552,0,8,16,-2,627,0,0,0
257,0,0,552,0,8,16,-2,617,0,0,0
261,0,0,552,0,9,17,-2,599,0,0,0
265,0,0,552,0,9,18,-2,598,0,0,0
269,0,0,552,0,9,18,-2,599,0,0,0
273,0,0,552,0,9,19,-2,597,1,0,0
277,0,0,553,0,9,19,-2,598,1,0,0
281,0,0,553,0,9,20,-2,599,1,0,0
285,0,0,554,0,10,21,-2,599,1,0,0
289,0,0,554,0,10,21,-2,594,1,0,0
293,0,0,556,0,10,22,-3,591,1,0,0
297,0,0,555,0,10,22,-3,587,1,0,0
301,0,0,554,0,10,23,-3,587,1,0,0
305,0,0,553,0,10,23,-3,584,1,0,0
309,0,0,553,0,10,23,-3,580,1,0,0
313,0,0,552,0,10,23,-3,582,1,0,0
317,0,0,551,0,10,23,-3,582,1,0,0
321,0,0,551,0,10,23,-3,587,1,0,0
325,0,0,550,0,10,24,-3,593,1,0,0
329,0,0,550,0,9,24,-3,599,1,0,0
333,0,0,550,0,9,23,-3,602,1,0,0
337,0,0,549,0,9,23,-3,605,1,0,0
341,0,0,549,0,8,23,-3,608,1,0,0
345,0,0,548,0,8,23,-3,615,1,0,0
349,0,0,548,0,7,22,-3,621,1,0,0
353,0,0,547,0,7,22,-3,629,1,0,0
357,0,0,547,0,6,21,-3,641,0,0,0
361,0,0,546,0,6,21,-3,646,0,0,0
365,0,0,546,0,5,21,-4,654,0,0,0
369,0,0,546,0,5,20,-3,669,0,0,0
373,0,0,547,0,4,19,-3,677,0,0,0
377,0,0,547,0,4,19,-3,683,0,0,0
381,0,0,548,0,3,19,-4,688,0,0,0
385,0,0,548,0,3,19,-4,688,0,0,0
389,0,0,548,0,2,18,-4,688,0,0,0
393,0,0,548,0,2,18,-4,687,0,0,0
397,0,0,548,0,2,18,-4,684,0,0,0
401,0,0,549,0,2,18,-4,678,0,0,0
405,0,0,549,0,2,18,-4,673,0,0,0
409,0,0,551,0,2,19,-4,673,0,0,0
413,0,0,553,0,2,19,-4,672,0,0,0
417,0,0,552,0,2,19,-4,673,0,0,0
421,0,0,554,0,2,20,-4,675,0,0,0
425,0,0,555,0,3,21,-4,676,0,0,0
429,0,0,555,0,3,21,-4,643,0,0,0
433,0,0,556,0,4,22,-4,613,0,0,0
437,0,0,555,0,4,23,-4,583,0,0,0
441,0,0,554,0,5,24,-4,543,1,0,0
445,0,0,552,0,6,25,-4,534,1,0,0
449,0,0,550,0,6,25,-4,522,1,0,0
453,0,0,548,0,7,27,-4,504,1,0,0
457,0,0,545,0,8,27,-5,515,1,0,0
461,0,0,543,0,8,28,-5,526,1,0,0
465,0,0,541,0,8,28,-5,544,1,0,0
469,0,0,538,0,8,29,-5,553,1,0,0
473,0,0,537,0,9,29,-5,559,1,0,0
477,0,0,536,0,9,29,-5,550,1,0,0
481,0,0,535,0,8,29,-5,545,1,0,0
485,0,0,533,0,8,29,-5,543,1,0,0
489,0,0,532,0,8,29,-5,554,1,0,0
493,0,0,530,0,8,29,-5,576,1,0,0
497,0,0,529,0,7,29,-5,608,1,0,0
501,0,0,529,0,7,28,-5,677,1,0,0
505,0,0,531,0,6,27,-5,689,1,0,0
509,0,0,532,0,6,27,-5,696,1,0,0
513,0,0,534,0,5,26,-5,728,1,0,0
517,0,0,538,0,5,26,-5,729,1,0,0
521,0,0,540,0,5,25,-5,722,1,0,0
525,0,0,541,0,4,25,-5,708,1,0,0
529,0,0,543,0,4,25,-5,707,1,0,0
533,0,0,546,0,5,25,-5,704,1,0,0
537,0,0,544,0,5,25,-5,697,1,0,0
541,0,0,546,0,5,26,-5,702,1,0,0
545,0,0,548,0,6,26,-5,706,1,0,0
549,0,0,549,0,6,27,-5,699,1,0,0
553,0,0,551,0,7,27,-5,673,1,0,0
557,0,0,552,0,8,28,-5,631,1,0,0
561,0,0,552,0,9,29,-5,555,1,0,0
565,0,0,550,0,10,30,-5,530,1,0,0
569,0,0,549,0,11,31,-5,505,1,0,0
573,0,0,547,0,12,32,-5,482,1,0,0
577,0,0,544,0,12,33,-5,481,1,0,0
581,0,0,540,0,13,34,-5,483,1,0,0
585,0,0,537,0,14,34,-5,505,1,0,0
589,0,0,532,0,14,35,-5,523,1,0,0
593,0,0,531,0,14,35,-5,538,1,0,0
597,0,0,529,0,14,35,-5,548,1,0,0
601,0,0,527,0,14,35,-5,541,1,0,0
605,0,0,525,0,14,35,-5,529,1,0,0
609,0,0,525,0,14,34,-5,538,1,0,0
613,0,0,525,0,14,34,-5,570,1,0,0
617,0,0,525,0,13,33,-5,610,1,0,0
621,0,0,525,0,13,33,-5,679,1,0,0
625,0,0,527,0,12,32,-5,699,1,0,0
629,0,0,530,0,12,31,-4,720,1,0,0
633,0,0,531,0,11,31,-5,752,1,0,0
637,0,0,535,0,11,30,-4,752,1,0,0
641,0,0,537,0,11,29,-4,740,1,0,0
645,0,0,539,0,11,29,-4,721,1,0,0
649,0,0,543,0,11,29,-4,720,1,0,0
653,0,0,545,0,11,29,-4,717,1,0,0
657,0,0,547,0,11,29,-4,707,1,0,0
661,0,0,552,0,12,29,-4,722,1,0,0
665,0,0,552,0,12,29,-4,735,1,0,0
669,0,0,553,0,13,30,-4,687,1,0,0
673,0,0,553,0,14,30,-4,635,1,0,0
677,0,0,553,0,15,31,-4,587,1,0,0
681,0,0,553,0,16,32,-4,537,1,0,0
685,0,0,549,0,17,33,-4,503,1,0,0
689,0,0,548,0,18,33,-3,477,1,0,0
693,0,0,545,0,19,34,-3,474,1,0,0
697,0,0,540,0,20,35,-4,481,1,0,0
701,0,0,537,0,20,35,-3,484,1,0,0
705,0,0,533,0,20,36,-4,515,2,0,0
709,0,0,530,0,21,36,-3,535,2,0,0
713,0,0,529,0,21,36,-3,544,2,0,0
717,0,0,530,0,21,35,-3,529,2,0,0
721,0,0,529,0,20,35,-3,518,1,0,0
725,0,0,530,0,20,35,-3,529,1,0,0
729,0,0,530,0,20,34,-3,597,1,0,0
733,0,0,531,0,19,33,-3,640,1,0,0
737,0,0,532,0,18,33,-3,674,1,0,0
741,0,0,532,0,18,32,-3,721,1,0,0
745,0,0,535,0,17,31,-3,746,1,0,0
749,0,0,536,0,16,30,-3,763,1,0,0
753,0,0,537,0,16,29,-3,759,1,0,0
757,0,0,541,0,15,29,-3,746,1,0,0
761,0,0,543,0,15,29,-3,736,1,0,0
765,0,0,546,0,15,28,-3,723,1,0,0
769,0,0,549,0,15,28,-3,717,1,0,0
773,0,0,551,0,15,28,-3,717,1,0,0
777,0,0,552,0,16,28,-3,742,1,0,0
781,0,0,554,0,16,28,-3,726,1,0,0
785,0,0,553,0,17,29,-3,697,1,0,0
789,0,0,554,0,17,29,-3,598,1,0,0
793,0,0,554,0,18,30,-3,574,1,0,0
797,0,0,553,0,19,31,-3,551,1,0,0
801,0,0,552,0,20,31,-2,491,1,0,0
805,0,0,546,0,21,32,-2,472,1,0,0
809,0,0,545,0,21,33,-3,474,1,0,0
813,0,0,543,0,22,33,-2,490,1,0,0
817,0,0,536,0,22,34,-3,493,2,0,0
821,0,0,535,0,22,34,-3,510,2,0,0
825,0,0,534,0,22,34,-3,546,2,0,0
829,0,0,534,0,22,33,-2,548,1,0,0
833,0,0,534,0,22,33,-2,535,1,0,0
837,0,0,535,0,22,33,-2,552,1,0,0
841,0,0,537,0,21,32,-2,581,1,0,0
845,0,0,538,0,20,31,-3,617,1,0,0
849,0,0,539,0,20,31,-2,676,1,0,0
853,0,0,539,0,19,30,-2,694,1,0,0
857,0,0,540,0,18,29,-2,719,1,0,0
861,0,0,541,0,17,28,-2,759,1,0,0
865,0,0,543,0,17,27,-2,758,1,0,0
869,0,0,545,0,16,27,-2,752,1,0,0
873,0,0,546,0,16,27,-2,737,1,0,0
877,0,0,551,0,16,26,-2,730,1,0,0
881,0,0,552,0,15,26,-2,722,1,0,0
885,0,0,554,0,16,26,-2,724,1,0,0
889,0,0,556,0,16,26,-2,739,1,0,0
893,0,0,556,0,16,26,-2,732,1,0,0
897,0,0,556,0,17,27,-2,673,1,0,0
901,0,0,558,0,18,27,-2,639,1,0,0
905,0,0,558,0,18,28,-2,610,1,0,0
909,0,0,558,0,19,28,-2,559,1,0,0
913,0,0,556,0,20,29,-2,522,1,0,0
917,0,0,553,0,21,30,-2,496,1,0,0
921,0,0,551,0,22,31,-2,488,1,0,0
925,0,0,546,0,22,31,-2,490,1,0,0
929,0,0,544,0,23,32,-2,496,1,0,0
933,0,0,541,0,23,32,-2,512,1,0,0
937,0,0,540,0,23,32,-2,530,1,0,0
941,0,0,541,0,23,33,-2,541,2,0,0
945,0,0,541,0,23,32,-2,530,1,0,0
949,0,0,542,0,23,32,-2,541,1,0,0
953,0,0,542,0,22,32,-2,569,1,0,0
957,0,0,545,0,22,31,-2,626,1,0,0
961,0,0,545,0,21,31,-2,646,1,0,0
965,0,0,546,0,20,30,-2,663,1,0,0
969,0,0,547,0,20,30,-2,689,1,0,0
973,0,0,546,0,19,29,-2,706,1,0,0
977,0,0,547,0,18,29,-2,722,1,0,0
981,0,0,548,0,18,28,-2,723,1,0,0
985,0,0,549,0,18,28,-2,719,1,0,0
989,0,0,551,0,17,27,-2,718,1,0,0
993,0,0,555,0,17,27,-2,706,1,0,0
997,0,0,556,0,17,27,-2,701,1,0,0
1001,0,0,558,0,17,27,-2,703,1,0,0
1005,0,0,560,0,17,27,-2,713,1,0,0
1009,0,0,559,0,17,28,-2,692,1,0,0
1013,0,0,559,0,18,28,-2,667,1,0,0
1017,0,0,560,0,18,29,-2,625,1,0,0
1021,0,0,561,0,19,29,-2,613,1,0,0
1025,0,0,560,0,20,30,-2,602,1,0,0
1029,0,0,559,0,20,30,-2,564,1,0,0
1033,0,0,558,0,21,31,-2,559,1,0,0
1037,0,0,556,0,22,32,-2,561,1,0,0
1041,0,0,550,0,23,33,-2,549,1,0,0
1045,0,0,547,0,23,33,-2,547,2,0,0
1049,0,0,544,0,24,34,-2,545,2,0,0
1053,0,0,541,0,24,35,-2,547,2,0,0
1057,0,0,540,0,24,35,-2,560,2,0,0
1061,0,0,540,0,25,35,-2,567,2,0,0
1065,0,0,540,0,25,36,-2,559,2,0,0
1069,0,0,539,0,25,36,-2,564,2,0,0
1073,0,0,539,0,25,36,-2,569,2,0,0
1077,0,0,537,0,25,36,-2,575,2,0,0
1081,0,0,536,0,25,36,-2,592,2,0,0
1085,0,0,535,0,25,36,-2,620,2,0,0
1089,0,0,533,0,25,36,-2,653,2,0,0
1093,0,0,532,0,25,36,-2,660,2,0,0
1097,0,0,532,0,24,36,-3,667,2,0,0
1101,0,0,532,0,24,36,-3,660,2,0,0
1105,0,0,533,0,24,36,-3,653,2,0,0
1109,0,0,534,0,24,36,-3,649,2,0,0
1113,0,0,536,0,24,36,-3,653,2,0,0
1117,0,0,537,0,25,36,-2,655,2,0,0
1121,0,0,537,0,25,36,-2,650,2,0,0
1125,0,0,539,0,25,36,-2,648,2,0,0
1129,0,0,539,0,25,36,-2,646,2,0,0
1133,0,0,540,0,26,37,-2,642,2,0,0
1137,0,0,541,0,26,37,-2,640,2,0,0
1141,0,0,542,0,27,37,-2,642,2,0,0
1145,0,0,543,0,27,37,-2,644,2,0,0
1149,0,0,546,0,28,38,-2,642,2,0,0
1153,0,0,548,0,28,39,-2,639,2,0,0
1157,0,0,547,0,29,39,-2,616,2,0,0
1161,0,0,547,0,30,39,-2,603,2,0,0
1165,0,0,547,0,30,40,-2,588,2,0,0
1169,0,0,546,0,31,41,-2,566,2,0,0
1173,0,0,546,0,32,41,-2,560,2,0,0
1177,0,0,545,0,33,42,-2,553,2,0,0
1181,0,0,543,0,33,43,-2,546,2,0,0
1185,0,0,541,0,34,43,-2,549,2,0,0
1189,0,0,540,0,35,43,-2,558,2,0,0
1193,0,0,537,0,35,43,-2,575,2,0,0
1197,0,0,536,0,35,44,-2,586,2,0,0
1201,0,0,536,0,35,44,-2,598,2,0,0
1205,0,0,536,0,36,44,-2,610,2,0,0
1209,0,0,535,0,36,44,-2,610,2,0,0
1213,0,0,535,0,36,44,-2,609,2,0,0
1217,0,0,534,0,36,44,-2,618,2,0,0
1221,0,0,532,0,36,44,-2,623,2,0,0
1225,0,0,532,0,36,44,-2,629,2,0,0
1229,0,0,531,0,36,43,-1,643,2,0,0
1233,0,0,530,0,36,43,-1,644,2,0,0
1237,0,0,530,0,37,43,-1,641,2,0,0
1241,0,0,530,0,37,43,-1,636,2,0,0
1245,0,0,530,0,37,43,-1,635,2,0,0
1249,0,0,531,0,37,43,-1,635,2,0,0
1253,0,0,531,0,37,43,-1,631,2,0,0
1257,0,0,532,0,37,43,-1,628,2,0,0
1261,0,0,532,0,38,43,-1,623,2,0,0
1265,0,0,532,0,38,43,-1,616,2,0,0
1269,0,0,532,0,38,43,-1,613,2,0,0
1273,0,0,534,0,38,42,-1,612,2,0,0
1277,0,0,533,0,38,42,-1,618,2,0,0
1281,0,0,533,0,38,42,-1,621,2,0,0
1285,0,0,533,0,38,42,-1,623,2,0,0
1289,0,0,534,0,39,42,0,627,2,0,0
1293,0,0,534,0,39,41,0,629,2,0,0
1297,0,0,535,0,39,41,0,631,2,0,0
1301,0,0,534,0,39,41,0,638,2,0,0
1305,0,0,534,0,39,41,0,642,2,0,0
1309,0,0,534,0,39,41,0,644,2,0,0
1313,0,0,535,0,39,41,0,642,2,0,0
1317,0,0,536,0,39,40,0,641,2,0,0
1321,0,0,536,0,39,40,0,638,2,0,0
1325,0,0,537,0,39,40,0,635,2,0,0
1329,0,0,537,0,39,40,0,632,2,0,0
1333,0,0,538,0,39,40,0,629,2,0,0
1337,0,0,538,0,40,40,0,623,2,0,0
1341,0,0,537,0,40,40,0,620,2,0,0
1345,0,0,537,0,40,40,0,619,2,0,0
1349,0,0,537,0,40,40,0,620,2,0,0
1353,0,0,537,0,40,40,0,623,2,0,0
1357,0,0,538,0,40,40,0,625,2,0,0
1361,0,0,537,0,40,40,0,627,2,0,0
1365,0,0,537,0,40,39,0,628,2,0,0
1369,0,0,538,0,40,39,0,628,2,0,0
1373,0,0,536,0,40,39,0,630,2,0,0
1377,0,0,536,0,40,39,0,632,2,0,0
1381,0,0,536,0,41,39,0,632,2,0,0
1385,0,0,537,0,41,39,0,629,2,0,0
1389,0,0,537,0,41,39,0,627,2,0,0
1393,0,0,537,0,41,39,0,625,2,0,0
1397,0,0,538,0,41,39,0,623,2,0,0
1401,0,0,538,0,41,39,0,623,2,0,0
1405,0,0,538,0,41,39,0,623,2,0,0
1409,0,0,538,0,42,39,0,624,2,0,0
1413,0,0,538,0,42,39,0,625,2,0,0
1417,0,0,538,0,42,39,0,624,2,0,0
1421,0,0,538,0,42,39,0,626,2,0,0
1425,0,0,538,0,42,39,0,626,2,0,0
1429,0,0,538,0,42,39,0,627,2,0,0
1433,0,0,538,0,42,39,0,628,2,0,0
1437,0,0,538,0,43,39,1,629,2,0,0
1441,0,0,538,0,43,39,1,628,2,0,0
1445,0,0,539,0,43,39,1,627,2,0,0
1449,0,0,539,0,43,39,1,627,2,0,0
1453,0,0,539,0,43,39,1,626,2,0,0
1457,0,0,539,0,44,39,1,625,2,0,0
1461,0,0,539,0,44,39,1,623,2,0,0
1465,0,0,540,0,44,39,1,621,2,0,0
1469,0,0,539,0,44,39,1,618,2,0,0
1473,0,0,539,0,45,40,1,618,3,0,0
1477,0,0,539,0,45,40,1,618,3,0,0
1481,0,0,540,0,45,40,1,621,3,0,0
1485,0,0,540,0,46,40,1,623,3,0,0
1489,0,0,541,0,46,40,1,624,3,0,0
1493,0,0,541,0,46,40,1,625,3,0,0
1497,0,0,541,0,47,40,1,626,3,0,0
1501,0,0,541,0,47,40,1,625,3,0,0
1505,0,0,543,0,47,41,1,625,3,0,0
1509,0,0,543,0,48,41,1,623,3,0,0
1513,0,0,543,0,48,41,1,621,3,0,0
1517,0,0,543,0,48,41,1,618,3,0,0
1521,0,0,544,0,49,41,2,618,3,0,0
1525,0,0,543,0,49,42,1,617,3,0,0
1529,0,0,544,0,50,42,2,617,3,0,0
1533,0,0,544,0,50,42,2,617,3,0,0
1537,0,0,545,0,50,43,1,618,3,0,0
1541,0,0,545,0,51,43,2,619,3,0,0
1545,0,0,545,0,51,43,2,620,3,0,0
1549,0,0,546,0,52,43,2,622,3,0,0
1553,0,0,546,0,52,44,2,623,3,0,0
1557,0,0,545,0,53,44,2,623,3,0,0
1561,0,0,547,0,53,45,2,620,3,0,0
1565,0,0,548,0,54,45,2,618,3,0,0
1569,0,0,547,0,54,45,2,618,3,0,0
1573,0,0,547,0,55,46,2,618,3,0,0
1577,0,0,549,0,56,47,2,612,3,0,0
1581,0,0,551,0,56,47,2,605,3,0,0
1585,0,0,549,0,57,47,2,590,3,0,0
1589,0,0,549,0,57,48,2,587,3,0,0
1593,0,0,550,0,58,48,2,584,3,0,0
1597,0,0,550,0,58,49,2,583,3,0,0
1601,0,0,549,0,59,49,2,584,3,0,0
1605,0,0,549,0,60,49,2,587,3,0,0
1609,0,0,548,0,60,50,2,592,3,0,0
1613,0,0,548,0,60,50,2,594,3,0,0
1617,0,0,549,0,61,50,2,600,3,0,0
1621,0,0,548,0,61,51,2,614,4,0,0
1625,0,0,548,0,61,51,2,621,4,0,0
1629,0,0,547,0,62,51,2,625,4,0,0
1633,0,0,547,0,62,51,2,625,4,0,0
1637,0,0,547,0,62,51,2,625,4,0,0
1641,0,0,546,0,62,51,2,623,4,0,0
1645,0,0,547,0,62,52,2,623,4,0,0
1649,0,0,547,0,63,52,2,625,4,0,0
1653,0,0,548,0,63,52,2,626,4,0,0
1657,0,0,549,0,63,52,2,627,4,0,0
1661,0,0,550,0,63,52,2,628,4,0,0
1665,0,0,550,0,64,53,2,629,4,0,0
1669,0,0,551,0,64,53,2,629,4,0,0
1673,0,0,551,0,64,53,2,629,4,0,0
1677,0,0,551,0,64,53,2,625,4,0,0
1681,0,0,551,0,64,53,2,622,4,0,0
1685,0,0,552,0,65,53,3,621,4,0,0
1689,0,0,552,0,65,54,2,618,4,0,0
1693,0,0,553,0,65,54,2,616,4,0,0
1697,0,0,551,0,65,54,2,612,4,0,0
1701,0,0,553,0,66,54,3,610,4,0,0
1705,0,0,552,0,66,54,3,611,4,0,0
1709,0,0,552,0,66,55,2,610,4,0,0
1713,0,0,551,0,66,55,2,612,4,0,0
1717,0,0,550,0,66,55,2,617,4,0,0
1721,0,0,550,0,66,55,2,621,4,0,0
1725,0,0,550,0,66,55,2,629,4,0,0
1729,0,0,550,0,66,55,2,632,4,0,0
1733,0,0,549,0,66,55,2,634,4,0,0
1737,0,0,549,0,66,55,2,632,4,0,0
1741,0,0,549,0,66,55,2,632,4,0,0
1745,0,0,549,0,66,55,2,633,4,0,0
1749,0,0,549,0,66,55,2,634,4,0,0
1753,0,0,549,0,66,55,2,633,4,0,0
1757,0,0,549,0,66,55,2,633,4,0,0
1761,0,0,549,0,66,55,2,633,4,0,0
1765,0,0,549,0,66,55,2,631,4,0,0
1769,0,0,550,0,66,55,2,631,4,0,0
1773,0,0,549,0,66,55,2,632,4,0,0
1777,0,0,549,0,66,55,2,632,4,0,0
1781,0,0,551,0,66,55,2,632,4,0,0
1785,0,0,550,0,66,55,2,632,4,0,0
1789,0,0,549,0,66,55,2,632,4,0,0
1793,0,0,549,0,66,55,2,632,4,0,0
1797,0,0,549,0,66,55,2,631,4,0,0
1801,0,0,549,0,66,55,2,631,4,0,0
1805,0,0,549,0,66,56,2,632,4,0,0
1809,0,0,549,0,66,56,2,632,4,0,0
1813,0,0,550,0,66,56,2,632,4,0,0
1817,0,0,549,0,66,56,2,632,4,0,0
1821,0,0,550,0,66,56,2,629,4,0,0
1825,0,0,550,0,66,56,2,628,4,0,0
1829,0,0,550,0,67,56,2,627,4,0,0
1833,0,0,550,0,67,57,2,625,4,0,0
1837,0,0,550,0,67,57,2,623,4,0,0
1841,0,0,549,0,67,57,2,622,4,0,0
1845,0,0,550,0,67,57,2,621,4,0,0
1849,0,0,549,0,67,57,2,621,4,0,0
1853,0,0,551,0,67,57,2,622,4,0,0
1857,0,0,549,0,67,57,2,622,4,0,0
1861,0,0,549,0,68,58,2,623,4,0,0
1865,0,0,549,0,68,58,2,623,4,0,0
1869,0,0,549,0,68,58,2,624,4,0,0
1873,0,0,549,0,68,58,2,625,4,0,0
1877,0,0,548,0,68,59,2,626,4,0,0
1881,0,0,548,0,68,59,2,627,4,0,0
1885,0,0,548,0,68,59,2,627,4,0,0
1889,0,0,549,0,68,59,2,626,4,0,0
1893,0,0,548,0,69,59,2,622,4,0,0
1897,0,0,548,0,69,59,2,621,4,0,0
1901,0,0,548,0,69,60,2,620,4,0,0
1905,0,0,549,0,69,60,2,618,4,0,0
1909,0,0,549,0,69,60,2,618,4,0,0
1913,0,0,549,0,70,61,2,617,4,0,0
1917,0,0,549,0,70,61,2,619,4,0,0
1921,0,0,548,0,70,61,2,620,4,0,0
1925,0,0,547,0,70,61,2,620,4,0,0
1929,0,0,548,0,70,61,2,622,4,0,0
1933,0,0,548,0,71,62,2,622,4,0,0
1937,0,0,548,0,71,62,2,624,4,0,0
1941,0,0,548,0,71,62,2,622,4,0,0
1945,0,0,549,0,71,63,2,620,4,0,0
1949,0,0,548,0,72,63,2,620,4,0,0
1953,0,0,549,0,72,63,2,619,4,0,0
1957,0,0,548,0,72,63,2,619,4,0,0
1961,0,0,548,0,72,63,2,618,4,0,0
1965,0,0,548,0,73,64,2,616,4,0,0
1969,0,0,548,0,73,64,2,615,4,0,0
1973,0,0,548,0,73,65,2,616,4,0,0
1977,0,0,549,0,73,65,2,618,4,0,0
1981,0,0,549,0,74,65,2,619,4,0,0
1985,0,0,549,0,74,65,2,621,4,0,0
1989,0,0,548,0,74,66,2,622,5,0,0
1993,0,0,548,0,75,66,2,622,5,0,0
1997,0,0,548,0,75,66,2,620,5,0,0
2001,0,0,549,0,75,67,2,617,5,0,0
2005,0,0,549,0,76,67,2,617,5,0,0
2009,0,0,549,0,76,67,2,616,5,0,0
2013,0,0,549,0,76,67,2,615,5,0,0
2017,0,0,548,0,77,68,2,614,5,0,0
2021,0,0,548,0,77,68,2,614,5,0,0
2025,0,0,549,0,77,69,2,614,5,0,0
2029,0,0,549,0,78,69,2,615,5,0,0
2033,0,0,548,0,78,69,2,615,5,0,0
2037,0,0,548,0,78,70,2,615,5,0,0
2041,0,0,548,0,79,70,2,615,5,0,0
2045,0,0,549,0,79,71,2,616,5,0,0
2049,0,0,549,0,80,71,2,616,5,0,0
2053,0,0,549,0,80,71,2,617,5,0,0
2057,0,0,549,0,80,71,2,616,5,0,0
2061,0,0,548,0,81,72,2,616,5,0,0
2065,0,0,549,0,81,72,2,616,5,0,0
2069,0,0,548,0,81,73,2,616,5,0,0
2073,0,0,549,0,82,73,2,615,5,0,0
2077,0,0,549,0,82,73,2,614,5,0,0
2081,0,0,549,0,82,74,2,613,5,0,0
2085,0,0,550,0,83,74,2,612,5,0,0
2089,0,0,550,0,83,75,2,612,5,0,0
2093,0,0,550,0,84,75,2,613,5,0,0
2097,0,0,550,0,84,75,2,613,5,0,0
2101,0,0,549,0,84,75,2,614,5,0,0
2105,0,0,549,0,85,76,2,615,5,0,0
2109,0,0,550,0,85,76,2,617,5,0,0
2113,0,0,551,0,85,76,2,618,5,0,0
2117,0,0,551,0,86,77,2,619,5,0,0
2121,0,0,550,0,86,77,2,620,5,0,0
2125,0,0,550,0,86,77,2,621,5,0,0
2129,0,0,549,0,86,77,2,621,5,0,0
2133,0,0,550,0,87,78,2,622,5,0,0
2137,0,0,550,0,87,78,2,622,5,0,0
2141,0,0,550,0,87,78,2,621,5,0,0
2145,0,0,551,0,88,79,2,620,5,0,0
2149,0,0,550,0,88,79,2,620,5,0,0
2153,0,0,551,0,88,79,2,618,5,0,0
2157,0,0,550,0,89,79,2,618,5,0,0
2161,0,0,550,0,89,80,2,618,6,0,0
2165,0,0,552,0,89,80,2,619,6,0,0
2169,0,0,551,0,89,80,2,619,6,0,0
2173,0,0,552,0,90,81,2,620,6,0,0
2177,0,0,551,0,90,81,2,620,6,0,0
2181,0,0,551,0,90,81,2,622,6,0,0
2185,0,0,550,0,90,81,2,623,6,0,0
2189,0,0,551,0,91,82,2,624,6,0,0
2193,0,0,551,0,91,82,2,624,6,0,0
2197,0,0,551,0,91,82,2,624,6,0,0
2201,0,0,551,0,92,83,2,624,6,0,0
2205,0,0,551,0,92,83,2,619,6,0,0
2209,0,0,551,0,92,83,2,620,6,0,0
2213,0,0,551,0,92,83,2,620,6,0,0
2217,0,0,550,0,93,84,2,620,6,0,0
2221,0,0,552,0,93,84,2,621,6,0,0
2225,0,0,551,0,93,84,2,618,6,0,0
2229,0,0,551,0,93,85,2,619,6,0,0
2233,0,0,551,0,94,85,2,621,6,0,0
2237,0,0,551,0,94,85,2,622,6,0,0
2241,0,0,550,0,94,85,2,624,6,0,0
2245,0,0,549,0,94,86,2,625,6,0,0
2249,0,0,550,0,94,86,2,624,6,0,0
2253,0,0,550,0,95,86,2,624,6,0,0
2257,0,0,551,0,95,87,2,624,6,0,0
2261,0,0,551,0,95,87,2,624,6,0,0
2265,0,0,551,0,95,87,2,623,6,0,0
2269,0,0,552,0,96,87,2,622,6,0,0
2273,0,0,551,0,96,88,2,621,6,0,0
2277,0,0,551,0,96,88,2,620,6,0,0
2281,0,0,551,0,96,88,2,619,6,0,0
2285,0,0,551,0,97,89,2,621,6,0,0
2289,0,0,551,0,97,89,2,621,6,0,0
2293,0,0,551,0,97,89,2,621,6,0,0
2297,0,0,551,0,97,90,1,621,6,0,0
2301,0,0,551,0,98,90,2,621,6,0,0
2305,0,0,551,0,98,90,2,622,6,0,0
2309,0,0,551,0,98,91,1,623,6,0,0
2313,0,0,550,0,98,91,1,623,6,0,0
2317,0,0,550,0,99,91,2,624,6,0,0
2321,0,0,550,0,99,91,2,624,6,0,0
2325,0,0,550,0,99,92,1,623,6,0,0
2329,0,0,552,0,99,92,1,623,6,0,0
2333,0,0,551,0,100,92,2,622,6,0,0
2337,0,0,551,0,100,93,1,621,6,0,0
2341,0,0,552,0,100,93,1,621,6,0,0
2345,0,0,550,0,100,93,1,619,6,0,0
2349,0,0,550,0,101,94,1,619,6,0,0
2353,0,0,550,0,101,94,1,619,6,0,0
2357,0,0,550,0,101,95,1,620,7,0,0
2361,0,0,551,0,101,95,1,619,7,0,0
2365,0,0,551,0,102,95,1,620,7,0,0
2369,0,0,550,0,102,95,1,620,7,0,0
2373,0,0,550,0,102,96,1,620,7,0,0
2377,0,0,551,0,102,96,1,621,7,0,0
2381,0,0,550,0,103,97,1,620,7,0,0
2385,0,0,551,0,103,97,1,620,7,0,0
2389,0,0,550,0,103,97,1,620,7,0,0
2393,0,0,551,0,104,98,1,620,7,0,0
2397,0,0,551,0,104,98,1,621,7,0,0
2401,0,0,550,0,104,98,1,621,7,0,0
2405,0,0,550,0,104,99,1,621,7,0,0
2409,0,0,550,0,105,99,1,621,7,0,0
2413,0,0,549,0,105,99,1,621,7,0,0
2417,0,0,549,0,105,100,1,620,7,0,0
2421,0,0,549,0,105,100,1,621,7,0,0
2425,0,0,549,0,106,101,1,621,7,0,0
2429,0,0,549,0,106,101,1,619,7,0,0
2433,0,0,548,0,106,101,1,619,7,0,0
2538,0,0,544,0,116,113,0,609,8,0,0
2541,0,0,542,0,117,113,1,609,8,0,0
2545,0,0,543,0,117,114,0,607,8,0,0
2549,0,0,542,0,118,115,0,607,8,0,0
2553,0,0,542,0,119,116,0,607,8,0,0
2557,0,0,541,0,120,117,0,608,8,0,0
2561,0,0,541,0,121,118,0,604,8,0,0
2565,0,0,540,0,122,119,0,599,8,0,0
2569,0,0,541,0,123,121,0,591,8,0,0
2573,0,0,540,0,124,122,0,569,8,0,0
2577,0,0,540,0,126,123,0,556,8,0,0
2581,0,0,541,0,127,125,0,542,9,0,0
2585,0,0,541,0,129,126,0,517,9,0,0
2589,0,0,541,0,130,127,0,510,9,0,0
2593,0,0,542,0,131,129,0,505,9,0,0
2597,0,0,542,0,133,130,0,508,9,0,0
2601,0,0,541,0,134,131,0,514,9,0,0
2605,0,0,542,0,135,131,1,530,9,0,0
2609,0,0,541,0,135,132,0,537,9,0,0
2613,0,0,542,0,136,133,0,539,9,0,0
2617,0,0,541,0,137,133,1,534,9,0,0
2621,0,0,541,0,137,133,1,533,9,0,0
2625,0,0,540,0,138,134,1,530,9,0,0
2629,0,0,540,0,138,134,1,538,9,0,0
2633,0,0,539,0,138,134,1,557,9,0,0
2637,0,0,538,0,138,133,1,583,9,0,0
2641,0,0,537,0,137,133,1,626,9,0,0
2645,0,0,537,0,137,133,1,645,9,0,0
2649,0,0,537,0,136,132,1,665,9,0,0
2653,0,0,538,0,136,131,1,690,9,0,0
2657,0,0,539,0,135,131,1,701,9,0,0
2661,0,0,540,0,135,130,1,711,9,0,0
2665,0,0,541,0,134,129,1,714,9,0,0
2669,0,0,542,0,134,128,1,712,9,0,0
2673,0,0,543,0,133,128,1,704,9,0,0
2677,0,0,545,0,133,127,1,689,9,0,0
2681,0,0,545,0,133,127,1,685,9,0,0
2685,0,0,546,0,132,126,1,683,9,0,0
2689,0,0,546,0,132,125,1,686,9,0,0
2693,0,0,545,0,132,125,1,686,9,0,0
2697,0,0,546,0,132,125,1,679,9,0,0
2701,0,0,547,0,131,124,2,650,9,0,0
2705,0,0,548,0,131,123,1,636,9,0,0
2709,0,0,549,0,131,123,2,622,9,0,0
2713,0,0,550,0,131,123,2,610,9,0,0
2717,0,0,550,0,131,122,2,605,9,0,0
2721,0,0,551,0,131,122,2,601,9,0,0
2725,0,0,549,0,130,121,2,605,8,0,0
2729,0,0,547,0,130,121,2,608,8,0,0
2733,0,0,546,0,129,120,2,613,8,0,0
2737,0,0,545,0,129,119,2,621,8,0,0
2741,0,0,544,0,128,118,2,626,8,0,0
2745,0,0,544,0,128,117,2,629,8,0,0
2749,0,0,543,0,127,116,2,638,8,0,0
2753,0,0,543,0,126,115,2,643,8,0,0
2757,0,0,543,0,125,113,3,643,8,0,0
2761,0,0,542,0,125,112,3,656,8,0,0
2765,0,0,541,0,124,111,3,673,8,0,0
2769,0,0,540,0,123,110,3,693,8,0,0
2773,0,0,538,0,122,109,3,721,8,0,0
2777,0,0,538,0,121,107,3,727,8,0,0
2781,0,0,538,0,120,106,3,728,8,0,0
2785,0,0,539,0,119,105,3,725,8,0,0
2789,0,0,540,0,118,104,3,722,7,0,0
2793,0,0,541,0,117,103,3,713,7,0,0
2797,0,0,543,0,117,102,3,708,7,0,0
2801,0,0,547,0,116,101,3,703,7,0,0
2805,0,0,546,0,116,101,3,693,7,0,0
2809,0,0,547,0,115,100,3,692,7,0,0
2813,0,0,547,0,115,99,4,690,7,0,0
2817,0,0,546,0,115,99,4,688,7,0,0
2821,0,0,545,0,115,98,4,688,7,0,0
2825,0,0,544,0,114,98,4,684,7,0,0
2829,0,0,545,0,114,98,4,662,7,0,0
2833,0,0,547,0,114,97,4,639,7,0,0
2837,0,0,547,0,115,97,4,620,7,0,0
2841,0,0,549,0,115,97,4,612,7,0,0
2845,0,0,551,0,115,97,4,599,7,0,0
2849,0,0,551,0,115,97,4,591,7,0,0
2853,0,0,550,0,116,97,4,593,7,0,0
2857,0,0,547,0,116,97,4,597,7,0,0
2861,0,0,547,0,116,97,4,601,7,0,0
2865,0,0,545,0,116,97,4,617,7,0,0
2869,0,0,543,0,116,97,4,626,7,0,0
2873,0,0,543,0,116,97,4,630,7,0,0
2877,0,0,544,0,116,97,4,627,7,0,0
2881,0,0,544,0,116,97,4,621,7,0,0
2885,0,0,546,0,116,97,4,614,7,0,0
2889,0,0,544,0,116,97,4,613,7,0,0
2893,0,0,543,0,116,97,4,614,7,0,0
2897,0,0,542,0,116,97,4,616,7,0,0
2901,0,0,540,0,117,97,5,616,7,0,0
2905,0,0,540,0,117,97,5,615,7,0,0
2909,0,0,540,0,117,97,5,614,7,0,0
2913,0,0,540,0,117,97,5,618,7,0,0
2917,0,0,540,0,117,97,5,622,7,0,0
2921,0,0,541,0,117,97,5,625,7,0,0
2925,0,0,542,0,117,97,5,636,7,0,0
2929,0,0,542,0,117,97,5,637,7,0,0
2933,0,0,542,0,117,97,5,638,7,0,0
2937,0,0,542,0,118,98,5,638,7,0,0
2941,0,0,543,0,118,98,5,638,7,0,0
2945,0,0,542,0,118,98,5,638,7,0,0
2949,0,0,542,0,118,98,5,636,7,0,0
2953,0,0,543,0,119,98,5,635,7,0,0
2957,0,0,544,0,119,99,5,630,7,0,0
2961,0,0,545,0,120,99,5,626,7,0,0
2965,0,0,545,0,120,100,5,624,7,0,0
2969,0,0,546,0,121,100,5,621,7,0,0
2973,0,0,547,0,121,101,5,619,7,0,0
2977,0,0,548,0,122,101,5,619,7,0,0
2981,0,0,549,0,122,102,5,621,8,0,0
2985,0,0,549,0,123,103,5,621,8,0,0
2989,0,0,551,0,124,103,5,619,8,0,0
2993,0,0,551,0,125,104,5,599,8,0,0
2997,0,0,554,0,126,105,5,589,8,0,0
3001,0,0,555,0,126,105,5,583,8,0,0
3005,0,0,556,0,127,106,5,577,8,0,0
3009,0,0,557,0,128,107,5,574,8,0,0
3013,0,0,556,0,129,108,5,573,8,0,0
3017,0,0,556,0,130,109,5,580,8,0,0
3021,0,0,555,0,131,109,5,580,8,0,0
3025,0,0,553,0,131,110,5,582,8,0,0
3029,0,0,554,0,132,111,5,593,8,0,0
3033,0,0,553,0,133,112,5,597,8,0,0
3037,0,0,553,0,133,113,5,600,8,0,0
3041,0,0,554,0,134,113,5,599,8,0,0
3045,0,0,554,0,135,114,5,597,8,0,0
3049,0,0,554,0,136,115,5,596,8,0,0
3053,0,0,555,0,136,116,5,601,9,0,0
3057,0,0,554,0,137,117,5,602,9,0,0
3061,0,0,554,0,137,117,5,603,9,0,0
3065,0,0,553,0,138,118,5,605,9,0,0
3069,0,0,553,0,139,119,5,605,9,0,0
3073,0,0,553,0,139,120,4,605,9,0,0
3077,0,0,553,0,140,121,4,609,9,0,0
3081,0,0,554,0,141,122,4,609,9,0,0
3085,0,0,555,0,141,123,4,612,9,0,0
3089,0,0,556,0,142,123,4,618,9,0,0
3093,0,0,558,0,142,124,4,615,9,0,0
3097,0,0,558,0,143,125,4,611,9,0,0
3101,0,0,560,0,144,126,4,601,9,0,0
3105,0,0,561,0,144,127,4,600,9,0,0
3109,0,0,563,0,145,128,4,598,9,0,0
3113,0,0,562,0,146,129,4,592,9,0,0
3117,0,0,563,0,147,130,4,589,9,0,0
3121,0,0,563,0,147,131,4,586,9,0,0
3125,0,0,564,0,148,132,4,583,9,0,0
3129,0,0,563,0,148,133,3,582,10,0,0
3133,0,0,563,0,149,133,4,585,10,0,0
3137,0,0,563,0,149,134,3,593,10,0,0
3141,0,0,563,0,150,135,3,596,10,0,0
3145,0,0,564,0,150,136,3,599,10,0,0
3149,0,0,562,0,151,137,3,604,10,0,0
3153,0,0,562,0,151,137,3,605,10,0,0
3157,0,0,562,0,151,138,3,607,10,0,0
3161,0,0,561,0,152,139,3,614,10,0,0
3165,0,0,560,0,152,139,3,616,10,0,0
3169,0,0,559,0,152,140,3,620,10,0,0
3173,0,0,558,0,152,141,2,624,10,0,0
3177,0,0,556,0,152,141,2,624,10,0,0
3181,0,0,555,0,153,142,2,626,10,0,0
3185,0,0,555,0,153,143,2,628,10,0,0
3189,0,0,554,0,153,143,2,627,10,0,0
3193,0,0,553,0,153,144,2,628,10,0,0
3197,0,0,553,0,153,145,2,631,10,0,0
3201,0,0,553,0,153,145,2,629,10,0,0
3205,0,0,552,0,154,146,2,627,10,0,0
3209,0,0,552,0,154,146,2,624,10,0,0
3213,0,0,551,0,154,147,1,623,10,0,0
3217,0,0,551,0,154,147,1,623,10,0,0
3221,0,0,551,0,154,148,1,624,10,0,0
3225,0,0,551,0,154,149,1,624,10,0,0
3229,0,0,551,0,155,149,1,625,10,0,0
3233,0,0,552,0,155,150,1,626,10,0,0
3237,0,0,552,0,155,150,1,627,10,0,0
3241,0,0,552,0,155,151,1,629,10,0,0
3245,0,0,553,0,155,151,1,632,10,0,0
3249,0,0,552,0,156,152,0,633,10,0,0
3253,0,0,552,0,156,153,0,636,11,0,0
3257,0,0,552,0,156,153,0,639,11,0,0
3261,0,0,551,0,156,153,0,639,11,0,0
3265,0,0,551,0,156,154,0,637,11,0,0
3269,0,0,551,0,157,155,0,628,11,0,0
3273,0,0,551,0,157,155,0,623,11,0,0
3277,0,0,551,0,157,156,0,620,11,0,0
3281,0,0,551,0,157,157,0,614,11,0,0
3285,0,0,550,0,158,157,0,611,11,0,0
3289,0,0,550,0,158,157,0,609,11,0,0
3293,0,0,548,0,158,158,0,606,11,0,0
3297,0,0,546,0,158,159,0,605,11,0,0
3301,0,0,545,0,159,159,0,607,11,0,0
3305,0,0,545,0,159,159,0,614,11,0,0
3309,0,0,545,0,159,160,0,617,11,0,0
3313,0,0,544,0,159,160,0,618,11,0,0
3317,0,0,545,0,159,161,0,618,11,0,0
3321,0,0,544,0,159,161,0,619,11,0,0
3325,0,0,544,0,160,161,0,621,11,0,0
3329,0,0,543,0,160,161,0,628,11,0,0
3333,0,0,541,0,160,162,0,631,11,0,0
3337,0,0,541,0,160,162,0,634,11,0,0
3341,0,0,540,0,160,162,0,636,11,0,0
3345,0,0,540,0,160,162,0,636,11,0,0
3349,0,0,540,0,160,163,0,635,11,0,0
3353,0,0,539,0,160,163,0,638,11,0,0
3357,0,0,539,0,160,163,0,639,11,0,0
3361,0,0,538,0,160,163,0,639,11,0,0
3365,0,0,538,0,160,163,0,638,11,0,0
3369,0,0,537,0,160,163,0,638,11,0,0
3373,0,0,537,0,160,164,-1,638,11,0,0
3377,0,0,537,0,160,164,-1,639,11,0,0
3381,0,0,536,0,160,164,-1,639,11,0,0
3385,0,0,537,0,161,164,0,640,11,0,0
3389,0,0,537,0,161,165,-1,641,11,0,0
3393,0,0,537,0,161,165,-1,641,11,0,0
3397,0,0,537,0,161,165,-1,640,11,0,0
3401,0,0,537,0,161,165,-1,640,11,0,0
3405,0,0,537,0,162,165,0,640,11,0,0
3409,0,0,537,0,162,166,-1,641,11,0,0
3413,0,0,537,0,162,166,-1,640,11,0,0
3417,0,0,537,0,163,166,-1,639,11,0,0
3421,0,0,538,0,163,167,-1,638,11,0,0
3425,0,0,537,0,163,167,-1,636,11,0,0
3429,0,0,537,0,164,167,0,635,11,0,0
3433,0,0,538,0,164,168,-1,636,11,0,0
3437,0,0,538,0,165,168,0,635,11,0,0
3441,0,0,538,0,165,169,-1,636,11,0,0
3445,0,0,539,0,166,169,0,635,11,0,0
3449,0,0,538,0,166,170,-1,630,12,0,0
3453,0,0,538,0,167,171,-1,620,12,0,0
3457,0,0,539,0,168,171,0,605,12,0,0
3461,0,0,539,0,168,172,0,601,12,0,0
3465,0,0,540,0,169,172,0,598,12,0,0
3469,0,0,540,0,170,173,0,590,12,0,0
3473,0,0,539,0,171,173,0,590,12,0,0
3477,0,0,538,0,171,174,0,589,12,0,0
3481,0,0,538,0,172,175,0,594,12,0,0
3485,0,0,537,0,173,175,0,599,12,0,0
3489,0,0,537,0,173,175,0,604,12,0,0
3493,0,0,537,0,174,176,0,608,12,0,0
3497,0,0,537,0,174,177,0,609,12,0,0
3501,0,0,536,0,175,177,0,609,12,0,0
3505,0,0,537,0,176,177,0,609,12,0,0
3509,0,0,536,0,176,178,0,611,12,0,0
3513,0,0,535,0,177,178,0,614,12,0,0
3517,0,0,535,0,178,179,0,618,12,0,0
3521,0,0,534,0,178,179,0,617,12,0,0
3525,0,0,533,0,179,180,0,616,12,0,0
3529,0,0,532,0,179,180,0,613,12,0,0
3533,0,0,532,0,180,181,0,612,12,0,0
3537,0,0,532,0,181,181,0,613,12,0,0
3541,0,0,531,0,181,181,0,617,12,0,0
3545,0,0,531,0,182,182,0,618,13,0,0
3549,0,0,531,0,183,182,0,619,13,0,0
3553,0,0,531,0,183,183,0,619,13,0,0
3557,0,0,531,0,184,183,0,618,13,0,0
3561,0,0,531,0,185,183,0,620,13,0,0
3565,0,0,531,0,185,184,0,622,13,0,0
3569,0,0,532,0,186,184,0,622,13,0,0
3573,0,0,533,0,187,185,0,623,13,0,0
3577,0,0,533,0,188,185,0,621,13,0,0
3581,0,0,534,0,188,186,0,621,13,0,0
3585,0,0,535,0,189,186,0,621,13,0,0
3589,0,0,536,0,190,187,0,620,13,0,0
3593,0,0,537,0,191,187,1,621,13,0,0
3597,0,0,538,0,192,188,1,620,13,0,0
3601,0,0,538,0,192,188,1,619,13,0,0
3605,0,0,539,0,193,189,1,619,13,0,0
3609,0,0,540,0,194,189,1,619,13,0,0
3613,0,0,540,0,195,190,1,609,13,0,0
3617,0,0,541,0,196,191,1,603,13,0,0
3621,0,0,541,0,197,191,1,600,13,0,0
3625,0,0,542,0,198,192,1,593,13,0,0
3629,0,0,542,0,199,192,1,592,13,0,0
3633,0,0,543,0,200,193,1,593,14,0,0
3637,0,0,542,0,201,193,2,595,14,0,0
3641,0,0,541,0,202,194,2,596,14,0,0
3645,0,0,541,0,203,195,1,597,14,0,0
3649,0,0,542,0,203,195,2,602,14,0,0
3653,0,0,541,0,204,195,2,603,14,0,0
3657,0,0,541,0,205,196,2,606,14,0,0
3661,0,0,542,0,206,197,2,611,14,0,0
3665,0,0,542,0,206,197,2,611,14,0,0
3669,0,0,543,0,207,197,2,611,14,0,0
3673,0,0,542,0,208,198,2,610,14,0,0
3677,0,0,541,0,208,198,2,609,14,0,0
3681,0,0,541,0,209,198,2,609,14,0,0
3685,0,0,542,0,210,199,2,610,14,0,0
3689,0,0,542,0,210,199,2,610,14,0,0
3693,0,0,541,0,211,199,3,611,14,0,0
3697,0,0,542,0,211,200,2,613,14,0,0
3701,0,0,543,0,212,200,3,616,14,0,0
3705,0,0,543,0,212,200,3,618,14,0,0
3709,0,0,543,0,213,200,3,624,14,0,0
3713,0,0,543,0,213,201,3,627,14,0,0
3717,0,0,544,0,214,201,3,629,14,0,0
3721,0,0,544,0,214,201,3,634,14,0,0
3725,0,0,543,0,214,201,3,634,14,0,0
3729,0,0,543,0,215,201,3,635,14,0,0
3733,0,0,544,0,215,201,3,635,14,0,0
3737,0,0,545,0,216,202,3,634,14,0,0
3741,0,0,545,0,216,202,3,632,14,0,0
3745,0,0,546,0,216,202,3,630,14,0,0
3749,0,0,546,0,217,203,3,629,15,0,0
3753,0,0,547,0,217,203,3,629,15,0,0
3757,0,0,547,0,218,203,3,627,15,0,0
3761,0,0,548,0,218,203,3,627,15,0,0
3765,0,0,547,0,218,203,3,628,15,0,0
3769,0,0,548,0,219,204,3,631,15,0,0
3773,0,0,549,0,219,204,3,633,15,0,0
3777,0,0,550,0,219,204,3,634,15,0,0
3781,0,0,550,0,220,205,3,637,15,0,0
3785,0,0,550,0,220,205,3,638,15,0,0
3789,0,0,550,0,221,205,4,640,15,0,0
3793,0,0,549,0,221,205,4,642,15,0,0
3797,0,0,550,0,221,206,3,642,15,0,0
3801,0,0,549,0,222,206,4,640,15,0,0
3805,0,0,550,0,222,207,3,638,15,0,0
3809,0,0,550,0,223,207,4,636,15,0,0
3813,0,0,551,0,223,208,4,634,15,0,0
3817,0,0,551,0,224,208,4,632,15,0,0
3821,0,0,553,0,224,209,3,627,15,0,0
3825,0,0,552,0,225,209,4,620,15,0,0
3829,0,0,553,0,226,210,3,611,15,0,0
3833,0,0,555,0,226,210,4,609,15,0,0
3837,0,0,555,0,227,211,4,605,15,0,0
3841,0,0,556,0,227,211,4,598,15,0,0
3845,0,0,556,0,228,212,4,598,15,0,0
3849,0,0,556,0,228,213,3,598,15,0,0
3853,0,0,556,0,229,213,4,596,15,0,0
3857,0,0,556,0,229,214,3,598,15,0,0
3861,0,0,555,0,230,214,4,599,15,0,0
3865,0,0,556,0,230,215,3,606,15,0,0
3869,0,0,555,0,231,215,4,612,15,0,0
3873,0,0,555,0,231,215,4,616,15,0,0
3877,0,0,555,0,231,216,3,622,15,0,0
3881,0,0,555,0,231,216,3,621,15,0,0
3885,0,0,556,0,232,217,3,621,16,0,0
3889,0,0,555,0,232,217,3,620,16,0,0
3893,0,0,554,0,232,217,3,621,16,0,0
3897,0,0,554,0,232,218,3,622,16,0,0
3901,0,0,554,0,233,218,3,624,16,0,0
3905,0,0,554,0,233,219,3,624,16,0,0
3909,0,0,553,0,233,219,3,623,16,0,0
3913,0,0,553,0,233,219,3,622,16,0,0
3917,0,0,553,0,233,219,3,624,16,0,0
3921,0,0,553,0,233,220,3,626,16,0,0
3925,0,0,553,0,234,220,3,632,16,0,0
3929,0,0,552,0,234,221,3,634,16,0,0
3933,0,0,552,0,234,221,3,637,16,0,0
3937,0,0,551,0,234,221,3,637,16,0,0
3941,0,0,550,0,234,221,3,638,16,0,0
3945,0,0,550,0,234,222,3,641,16,0,0
3949,0,0,550,0,234,222,3,642,16,0,0
3953,0,0,549,0,234,223,2,642,16,0,0
3957,0,0,549,0,235,223,3,640,16,0,0
3961,0,0,549,0,235,223,3,639,16,0,0
3965,0,0,549,0,235,224,2,637,16,0,0
3969,0,0,549,0,235,224,2,637,16,0,0
3973,0,0,550,0,236,225,2,636,16,0,0
3977,0,0,549,0,236,225,2,635,16,0,0
3981,0,0,550,0,236,226,2,634,16,0,0
3985,0,0,550,0,237,226,2,633,16,0,0
3989,0,0,551,0,237,227,2,633,16,0,0
3993,0,0,552,0,237,227,2,635,16,0,0
3997,0,0,553,0,238,228,2,632,16,0,0
4001,0,0,553,0,238,229,2,627,16,0,0
4005,0,0,554,0,239,229,2,612,16,0,0
4009,0,0,555,0,240,230,2,609,16,0,0
4013,0,0,555,0,240,231,2,604,16,0,0
4017,0,0,556,0,241,231,2,597,16,0,0
4021,0,0,555,0,241,232,2,596,16,0,0
4025,0,0,553,0,242,232,2,594,16,0,0
4029,0,0,554,0,242,233,2,594,16,0,0
4033,0,0,552,0,243,233,2,594,17,0,0
4037,0,0,552,0,243,234,2,596,17,0,0
4041,0,0,551,0,244,235,2,602,17,0,0
4045,0,0,551,0,244,235,2,608,17,0,0
4049,0,0,550,0,244,236,2,612,17,0,0
4053,0,0,550,0,245,236,2,613,17,0,0
4057,0,0,550,0,245,237,2,613,17,0,0
4061,0,0,549,0,245,237,2,614,17,0,0
4065,0,0,549,0,246,237,2,615,17,0,0
4069,0,0,547,0,246,238,2,615,17,0,0
4073,0,0,546,0,246,238,2,617,17,0,0
4077,0,0,546,0,246,239,1,618,17,0,0
4081,0,0,544,0,247,239,2,617,17,0,0
4085,0,0,544,0,247,239,2,616,17,0,0
4089,0,0,543,0,247,240,1,620,17,0,0
4093,0,0,543,0,247,240,1,620,17,0,0
4097,0,0,542,0,248,240,2,622,17,0,0
4101,0,0,542,0,248,241,1,627,17,0,0
4105,0,0,541,0,248,241,1,628,17,0,0
4109,0,0,540,0,248,241,1,629,17,0,0
4113,0,0,540,0,248,241,1,636,17,0,0
4117,0,0,539,0,249,241,2,640,17,0,0
4121,0,0,539,0,249,242,1,645,17,0,0
4125,0,0,540,0,249,242,1,647,17,0,0
4129,0,0,540,0,249,242,1,645,17,0,0
4133,0,0,541,0,250,243,1,643,17,0,0
4137,0,0,541,0,250,243,1,639,17,0,0
4141,0,0,540,0,250,243,1,636,17,0,0
4145,0,0,540,0,251,243,2,636,17,0,0
4149,0,0,541,0,251,244,1,635,17,0,0
4153,0,0,541,0,251,244,1,634,17,0,0
4157,0,0,542,0,252,245,1,632,17,0,0
4161,0,0,542,0,252,245,1,631,17,0,0
4165,0,0,542,0,253,246,2,632,17,0,0
4169,0,0,543,0,253,246,1,631,17,0,0
4173,0,0,545,0,254,247,1,635,17,0,0
4177,0,0,545,0,254,247,1,635,17,0,0
4181,0,0,543,0,255,248,1,635,17,0,0
4185,0,0,545,0,256,248,2,635,18,0,0
4189,0,0,545,0,256,249,1,636,18,0,0
4193,0,0,545,0,257,250,1,636,18,0,0
4197,0,0,547,0,258,250,2,630,18,0,0
4201,0,0,547,0,259,251,2,621,18,0,0
4205,0,0,548,0,260,252,1,599,18,0,0
4209,0,0,550,0,260,253,1,589,18,0,0
4213,0,0,553,0,261,253,2,583,18,0,0
4217,0,0,551,0,262,254,2,576,18,0,0
4221,0,0,551,0,263,255,2,572,18,0,0
4225,0,0,550,0,264,256,2,571,18,0,0
4229,0,0,550,0,265,257,2,571,18,0,0
4233,0,0,548,0,266,257,2,571,18,0,0
4237,0,0,548,0,266,258,2,575,18,0,0
4241,0,0,547,0,267,258,2,588,18,0,0
4245,0,0,547,0,268,259,2,590,18,0,0
4249,0,0,547,0,268,259,2,591,18,0,0
4253,0,0,547,0,269,260,2,592,18,0,0
4257,0,0,547,0,269,260,2,592,18,0,0
4261,0,0,547,0,270,260,2,593,18,0,0
4265,0,0,546,0,270,261,2,603,18,0,0
4269,0,0,544,0,270,261,2,607,18,0,0
4273,0,0,544,0,271,261,2,608,19,0,0
4277,0,0,543,0,271,261,2,617,19,0,0
4281,0,0,543,0,271,261,2,627,19,0,0
4285,0,0,543,0,272,261,2,639,19,0,0
4289,0,0,543,0,272,262,2,658,19,0,0
4293,0,0,544,0,272,262,2,664,19,0,0
4297,0,0,544,0,272,262,2,667,19,0,0
4301,0,0,544,0,273,262,2,671,19,0,0
4305,0,0,545,0,273,262,2,672,19,0,0
4309,0,0,546,0,273,263,2,671,19,0,0
4313,0,0,545,0,274,263,2,664,19,0,0
4317,0,0,544,0,274,263,2,659,19,0,0
4321,0,0,543,0,275,264,2,657,19,0,0
4325,0,0,545,0,276,265,2,648,19,0,0
4329,0,0,545,0,276,265,2,642,19,0,0
4333,0,0,546,0,277,266,2,637,19,0,0
4337,0,0,547,0,278,267,2,624,19,0,0
4341,0,0,549,0,279,268,2,618,19,0,0
4345,0,0,550,0,280,269,2,611,19,0,0
4349,0,0,553,0,281,269,3,589,19,0,0
4353,0,0,555,0,282,270,2,577,19,0,0
4357,0,0,558,0,282,271,2,569,19,0,0
4361,0,0,558,0,283,272,2,564,19,0,0
4365,0,0,559,0,284,273,2,562,19,0,0
4369,0,0,557,0,285,273,3,563,19,0,0
4373,0,0,557,0,286,274,3,571,20,0,0
4377,0,0,555,0,287,275,2,578,20,0,0
4381,0,0,554,0,287,275,3,584,20,0,0
4385,0,0,554,0,288,276,3,593,20,0,0
4389,0,0,554,0,288,276,3,594,20,0,0
4393,0,0,553,0,288,277,2,596,20,0,0
4397,0,0,554,0,289,277,3,596,20,0,0
4401,0,0,555,0,289,277,3,602,20,0,0
4405,0,0,556,0,290,278,3,606,20,0,0
4409,0,0,556,0,290,278,3,618,20,0,0
4413,0,0,555,0,290,278,3,622,20,0,0
4417,0,0,555,0,290,278,3,624,20,0,0
4421,0,0,553,0,290,279,2,627,20,0,0
4425,0,0,552,0,290,279,2,632,20,0,0
4429,0,0,553,0,290,279,2,642,20,0,0
4433,0,0,551,0,291,279,3,663,20,0,0
4437,0,0,550,0,291,279,3,668,20,0,0
4441,0,0,551,0,291,279,3,668,20,0,0
4445,0,0,550,0,291,279,3,668,20,0,0
4449,0,0,550,0,291,280,2,666,20,0,0
4453,0,0,550,0,291,280,2,665,20,0,0
4457,0,0,551,0,292,281,2,662,20,0,0
4461,0,0,550,0,292,281,2,662,20,0,0
4465,0,0,549,0,292,281,2,661,20,0,0
4469,0,0,549,0,293,282,2,655,20,0,0
4473,0,0,549,0,294,283,2,651,20,0,0
4477,0,0,549,0,294,283,2,647,20,0,0
4481,0,0,550,0,295,284,2,634,20,0,0
4485,0,0,550,0,295,285,2,631,20,0,0
4489,0,0,551,0,296,286,2,627,20,0,0
4493,0,0,553,0,297,287,2,601,20,0,0
4497,0,0,555,0,298,288,2,581,20,0,0
4501,0,0,557,0,299,289,2,568,21,0,0
4505,0,0,559,0,300,289,2,557,21,0,0
4509,0,0,560,0,300,290,2,558,21,0,0
4513,0,0,559,0,301,291,2,563,21,0,0
4517,0,0,558,0,302,292,2,574,21,0,0
4521,0,0,557,0,302,293,2,581,21,0,0
4525,0,0,556,0,303,293,2,583,21,0,0
4529,0,0,554,0,303,293,2,588,21,0,0
4533,0,0,554,0,304,294,2,590,21,0,0
4537,0,0,554,0,304,295,2,593,21,0,0
4541,0,0,555,0,304,295,2,593,21,0,0
4545,0,0,556,0,305,295,2,598,21,0,0
4549,0,0,556,0,305,295,2,607,21,0,0
4553,0,0,556,0,305,295,2,609,21,0,0
4557,0,0,557,0,305,296,2,612,21,0,0
4561,0,0,556,0,305,296,2,616,21,0,0
4565,0,0,554,0,305,296,2,616,21,0,0
4569,0,0,553,0,305,296,2,621,21,0,0
4573,0,0,552,0,305,296,2,643,21,0,0
4577,0,0,550,0,305,296,2,655,21,0,0
4581,0,0,551,0,304,296,2,664,21,0,0
4585,0,0,550,0,304,296,2,671,21,0,0
4589,0,0,550,0,304,296,2,671,21,0,0
4593,0,0,550,0,304,296,2,671,21,0,0
4597,0,0,551,0,304,296,2,665,21,0,0
4601,0,0,552,0,304,296,2,664,21,0,0
4605,0,0,552,0,304,296,2,663,21,0,0
4609,0,0,551,0,304,297,1,658,21,0,0
4613,0,0,551,0,304,297,1,659,21,0,0
4617,0,0,552,0,305,297,2,660,21,0,0
4621,0,0,551,0,305,297,2,658,21,0,0
4625,0,0,552,0,305,298,1,658,21,0,0
4629,0,0,553,0,306,299,2,658,21,0,0
4633,0,0,554,0,306,299,1,656,21,0,0
4637,0,0,554,0,307,299,2,658,21,0,0
4641,0,0,554,0,307,300,1,659,21,0,0
4645,0,0,556,0,308,301,1,643,21,0,0
4649,0,0,557,0,309,301,2,629,21,0,0
4653,0,0,558,0,310,302,2,612,21,0,0
4657,0,0,558,0,310,303,1,605,21,0,0
4661,0,0,556,0,311,304,1,593,21,0,0
4665,0,0,556,0,312,305,1,582,22,0,0
4669,0,0,552,0,313,306,1,570,22,0,0
4673,0,0,550,0,314,307,1,565,22,0,0
4677,0,0,548,0,315,307,2,558,22,0,0
4681,0,0,544,0,315,308,1,558,22,0,0
4685,0,0,544,0,316,309,1,563,22,0,0
4689,0,0,544,0,317,310,1,567,22,0,0
4693,0,0,550,0,317,310,1,569,22,0,0
4697,0,0,554,0,318,311,1,571,22,0,0
4701,0,0,557,0,318,311,1,573,22,0,0
4705,0,0,563,0,318,312,1,579,22,0,0
4709,0,0,566,0,319,312,1,580,22,0,0
4713,0,0,570,0,319,313,1,584,22,0,0
4717,0,0,571,0,319,313,1,605,22,0,0
4721,0,0,571,0,319,313,1,620,22,0,0
4725,0,0,571,0,319,313,1,637,22,0,0
4729,0,0,572,0,319,313,1,643,22,0,0
4733,0,0,571,0,319,313,1,649,22,0,0
4737,0,0,572,0,319,314,1,660,22,0,0
4741,0,0,573,0,319,314,1,667,22,0,0
4745,0,0,574,0,319,314,1,667,22,0,0
4749,0,0,574,0,318,315,0,659,22,0,0
4753,0,0,574,0,318,315,0,655,22,0,0
4757,0,0,574,0,318,315,0,654,22,0,0
4761,0,0,572,0,318,316,0,659,22,0,0
4765,0,0,570,0,319,317,0,663,22,0,0
4769,0,0,568,0,319,317,0,666,22,0,0
4773,0,0,568,0,319,318,0,667,22,0,0
4777,0,0,567,0,319,319,0,665,22,0,0
4781,0,0,569,0,319,319,0,659,22,0,0
4785,0,0,570,0,320,320,0,630,22,0,0
4789,0,0,576,0,320,321,0,612,22,0,0
4793,0,0,579,0,320,322,0,604,22,0,0
4797,0,0,582,0,321,323,0,594,23,0,0
4801,0,0,589,0,321,324,0,586,23,0,0
4805,0,0,592,0,322,325,0,584,23,0,0
4809,0,0,595,0,322,325,0,588,23,0,0
4813,0,0,599,0,322,327,-1,588,23,0,0
4817,0,0,602,0,323,327,-1,587,23,0,0
4821,0,0,605,0,323,328,-1,597,23,0,0
4825,0,0,610,0,323,329,-1,602,23,0,0
4829,0,0,612,0,323,330,-1,607,23,0,0
4833,0,0,614,0,323,331,-2,617,23,0,0
4837,0,0,617,0,323,332,-2,619,23,0,0
4841,0,0,617,0,323,333,-2,618,23,0,0
4845,0,0,618,0,323,334,-2,614,23,0,0
4849,0,0,618,0,323,335,-3,612,23,0,0
4853,0,0,618,0,322,336,-3,614,23,0,0
4857,0,0,617,0,322,337,-3,619,23,0,0
4861,0,0,615,0,322,339,-4,621,23,0,0
4865,0,0,615,0,322,339,-4,622,23,0,0
4869,0,0,615,0,322,341,-4,620,23,0,0
4873,0,0,614,0,322,342,-5,618,23,0,0
4877,0,0,614,0,321,343,-5,617,23,0,0
4881,0,0,614,0,321,344,-5,617,23,0,0
4885,0,0,613,0,321,345,-6,616,23,0,0
4889,0,0,613,0,321,346,-6,614,23,0,0
4893,0,0,611,0,320,347,-6,611,23,0,0
4897,0,0,609,0,320,349,-7,609,23,0,0
4901,0,0,608,0,320,350,-7,607,23,0,0
4905,0,0,607,0,320,351,-7,605,23,0,0
4909,0,0,605,0,319,352,-8,606,23,0,0
4913,0,0,603,0,319,353,-8,603,24,0,0
4917,0,0,603,0,319,354,-8,602,24,0,0
4921,0,0,600,0,318,355,-9,600,24,0,0
4925,0,0,598,0,318,356,-9,602,24,0,0
4929,0,0,596,0,318,357,-9,601,24,0,0
4933,0,0,594,0,317,359,-10,602,24,0,0
4937,0,0,593,0,317,359,-10,606,24,0,0
4941,0,0,590,0,316,360,-11,626,24,0,0
4945,0,0,589,0,315,361,-11,635,24,0,0
4949,0,0,587,0,315,362,-11,643,24,0,0
4953,0,0,586,0,314,363,-12,666,24,0,0
4957,0,0,584,0,314,364,-12,669,24,0,0
4961,0,0,583,0,313,365,-13,675,24,0,0
4965,0,0,582,0,313,366,-13,686,24,0,0
4969,0,0,581,0,312,367,-13,687,24,0,0
4973,0,0,580,0,312,369,-14,686,24,0,0
4977,0,0,580,0,312,370,-14,686,24,0,0
4981,0,0,579,0,311,372,-15,682,24,0,0
4985,0,0,578,0,311,373,-15,675,24,0,0
4989,0,0,575,0,311,375,-16,665,24,0,0
4993,0,0,573,0,312,377,-16,660,24,0,0
4997,0,0,573,0,312,379,-16,648,24,0,0
5001,0,0,566,0,312,381,-17,620,24,0,0
5005,0,0,563,0,313,383,-17,606,24,0,0
5009,0,0,561,0,313,386,-18,595,24,0,0
5013,0,0,556,0,314,388,-18,577,25,0,0
5017,0,0,553,0,315,390,-18,575,25,0,0
5021,0,0,549,0,315,393,-19,574,25,0,0
5025,0,0,546,0,316,395,-19,562,25,0,0
5029,0,0,543,0,317,397,-20,555,25,0,0
5033,0,0,540,0,318,399,-20,546,25,0,0
5037,0,0,536,0,318,401,-21,553,25,0,0
5041,0,0,534,0,319,403,-21,557,25,0,0
5045,0,0,532,0,320,405,-21,551,25,0,0
5049,0,0,529,0,321,407,-21,541,25,0,0
5053,0,0,528,0,322,409,-22,583,26,0,0
5057,0,0,528,0,323,411,-22,593,26,0,0
5061,0,0,528,0,324,413,-22,603,26,0,0
5065,0,0,530,0,324,414,-22,602,26,0,0
5069,0,0,531,0,325,416,-23,579,26,0,0
5073,0,0,535,0,326,417,-23,561,26,0,0
5077,0,0,536,0,327,419,-23,560,26,0,0
5081,0,0,538,0,328,420,-23,580,26,0,0
5085,0,0,540,0,329,422,-23,578,26,0,0
5089,0,0,541,0,330,423,-23,580,26,0,0
5093,0,0,542,0,331,425,-23,586,26,0,0
5097,0,0,543,0,332,426,-23,587,26,0,0
5101,0,0,543,0,333,427,-23,581,26,0,0
5105,0,0,543,0,333,428,-24,572,27,0,0
5109,0,0,544,0,334,429,-24,575,27,0,0
5113,0,0,544,0,335,430,-24,578,27,0,0
5117,0,0,545,0,335,431,-24,577,27,0,0
5121,0,0,545,0,336,432,-24,575,27,0,0
5125,0,0,545,0,336,433,-24,576,27,0,0
5129,0,0,545,0,337,434,-24,578,27,0,0
5133,0,0,545,0,337,435,-24,573,27,0,0
5137,0,0,545,0,337,435,-24,569,27,0,0
5141,0,0,546,0,337,436,-25,572,27,0,0
5145,0,0,546,0,337,436,-25,573,27,0,0
5149,0,0,546,0,337,437,-25,574,27,0,0
5153,0,0,545,0,337,437,-25,569,27,0,0
5157,0,0,545,0,336,437,-25,575,27,0,0
5161,0,0,544,0,336,437,-25,582,27,0,0
5165,0,0,543,0,335,437,-25,587,27,0,0
5169,0,0,543,0,334,436,-25,594,27,0,0
5173,0,0,542,0,333,436,-26,609,27,0,0
5177,0,0,541,0,332,435,-26,634,27,0,0
5181,0,0,540,0,331,435,-26,648,27,0,0
5185,0,0,540,0,330,434,-26,663,27,0,0
5189,0,0,538,0,328,433,-26,684,27,0,0
5193,0,0,537,0,327,432,-26,681,26,0,0
5197,0,0,536,0,325,431,-26,681,26,0,0
5201,0,0,534,0,323,430,-27,674,26,0,0
5205,0,0,533,0,322,429,-27,666,26,0,0
5209,0,0,530,0,320,427,-27,685,26,0,0
5213,0,0,529,0,318,426,-27,683,26,0,0
5217,0,0,529,0,317,425,-27,688,26,0,0
5221,0,0,529,0,315,423,-27,705,26,0,0
5225,0,0,529,0,313,421,-27,734,26,0,0
5229,0,0,529,0,312,420,-27,747,26,0,0
5233,0,0,529,0,310,418,-27,764,25,0,0
5237,0,0,532,0,309,417,-27,790,25,0,0
5241,0,0,533,0,307,415,-27,798,25,0,0
5245,0,0,534,0,306,414,-27,799,25,0,0
5249,0,0,536,0,305,412,-27,788,25,0,0
5253,0,0,536,0,304,411,-27,780,25,0,0
5257,0,0,537,0,303,410,-27,779,25,0,0
5261,0,0,537,0,302,409,-27,772,25,0,0
5265,0,0,537,0,302,409,-27,772,25,0,0
5269,0,0,536,0,301,408,-27,762,25,0,0
5273,0,0,536,0,301,408,-27,742,25,0,0
5277,0,0,535,0,300,408,-27,716,25,0,0
5281,0,0,535,0,300,408,-27,666,25,0,0
5285,0,0,534,0,300,408,-27,646,25,0,0
5289,0,0,532,0,301,409,-27,624,25,0,0
5293,0,0,534,0,301,409,-27,583,25,0,0
5297,0,0,534,0,301,410,-27,573,25,0,0
5301,0,0,534,0,302,410,-27,563,25,0,0
5305,0,0,535,0,302,411,-27,555,25,0,0
5309,0,0,535,0,302,411,-27,556,25,0,0
5313,0,0,534,0,303,411,-27,554,25,0,0
5317,0,0,534,0,303,411,-27,554,25,0,0
5321,0,0,535,0,303,412,-27,556,25,0,0
5325,0,0,534,0,303,412,-27,553,25,0,0
5329,0,0,535,0,303,412,-27,562,25,0,0
5333,0,0,534,0,303,412,-27,577,25,0,0
5337,0,0,534,0,303,411,-27,594,25,0,0
5341,0,0,534,0,303,411,-27,608,25,0,0
5345,0,0,533,0,303,411,-27,614,25,0,0
5349,0,0,533,0,302,411,-27,619,25,0,0
5353,0,0,533,0,302,410,-27,630,25,0,0
5357,0,0,532,0,302,410,-27,639,25,0,0
5361,0,0,532,0,302,410,-27,650,25,0,0
5365,0,0,532,0,302,409,-27,677,25,0,0
5369,0,0,532,0,301,409,-27,687,25,0,0
5373,0,0,532,0,301,409,-27,690,25,0,0
5377,0,0,532,0,301,409,-27,695,25,0,0
5381,0,0,532,0,302,409,-27,694,25,0,0
5385,0,0,532,0,302,409,-27,690,25,0,0
5389,0,0,532,0,302,409,-27,694,25,0,0
5393,0,0,532,0,302,409,-27,697,25,0,0
5397,0,0,531,0,303,409,-26,695,25,0,0
5401,0,0,532,0,304,410,-26,707,25,0,0
5405,0,0,532,0,305,411,-26,710,25,0,0
5409,0,0,533,0,306,412,-26,698,25,0,0
5413,0,0,532,0,307,413,-26,669,25,0,0
5417,0,0,532,0,308,414,-26,650,25,0,0
5421,0,0,532,0,309,415,-26,622,25,0,0
5425,0,0,531,0,310,417,-27,552,25,0,0
5429,0,0,531,0,312,419,-27,508,25,0,0
5433,0,0,530,0,313,420,-27,498,26,0,0
5437,0,0,531,0,314,421,-27,495,26,0,0
5441,0,0,530,0,316,423,-27,483,26,0,0
5445,0,0,530,0,317,424,-27,485,26,0,0
5449,0,0,530,0,319,425,-26,504,26,0,0
5453,0,0,530,0,320,427,-27,514,26,0,0
5457,0,0,530,0,321,427,-26,512,26,0,0
5461,0,0,529,0,322,429,-27,513,26,0,0
5465,0,0,528,0,323,429,-26,515,26,0,0
5469,0,0,528,0,324,430,-26,525,26,0,0
5473,0,0,528,0,325,431,-26,554,26,0,0
5477,0,0,527,0,326,431,-26,565,26,0,0
5481,0,0,526,0,326,432,-26,582,26,0,0
5485,0,0,526,0,327,432,-26,595,26,0,0
5489,0,0,526,0,328,433,-26,604,27,0,0
5493,0,0,525,0,328,433,-26,626,27,0,0
5497,0,0,525,0,329,433,-26,656,27,0,0
5501,0,0,524,0,329,433,-26,670,27,0,0
5505,0,0,524,0,330,434,-26,680,27,0,0
5509,0,0,523,0,331,434,-26,687,27,0,0
5513,0,0,523,0,332,435,-26,680,27,0,0
5517,0,0,522,0,333,435,-25,673,27,0,0
5521,0,0,521,0,334,436,-25,672,27,0,0
5525,0,0,521,0,335,437,-25,669,27,0,0
5529,0,0,520,0,336,438,-25,664,27,0,0
5533,0,0,519,0,338,439,-25,669,27,0,0
5537,0,0,518,0,339,440,-25,664,27,0,0
5541,0,0,518,0,341,441,-25,648,27,0,0
5545,0,0,516,0,343,442,-25,595,27,0,0
5549,0,0,515,0,345,444,-25,571,27,0,0
5553,0,0,513,0,347,445,-24,559,28,0,0
5557,0,0,513,0,349,447,-24,534,28,-1,0
5561,0,0,511,0,351,448,-24,516,28,-1,0
5565,0,0,510,0,353,449,-24,507,28,-1,0
5569,0,0,509,0,355,451,-24,506,28,-1,0
5573,0,0,506,0,357,452,-24,504,28,-1,0
5577,0,0,504,0,359,453,-23,503,28,-1,0
5581,0,0,502,0,361,454,-23,526,28,-1,0
5585,0,0,499,0,363,455,-23,531,28,-1,0
5589,0,0,497,0,364,456,-23,534,28,-1,0
5593,0,0,495,0,366,457,-23,544,29,-1,0
5597,0,0,491,0,368,457,-22,542,29,-1,0
5601,0,0,488,0,369,458,-22,536,29,-1,0
5605,0,0,486,0,371,458,-22,532,29,-1,0
5609,0,0,482,0,372,459,-22,546,29,-1,0
5613,0,0,478,0,373,459,-21,564,29,-1,0
5617,0,0,476,0,374,459,-21,593,29,-1,0
5621,0,0,469,0,376,459,-21,612,29,-1,0
5625,0,0,466,0,376,459,-21,620,29,-1,0
5629,0,0,461,0,378,458,-20,637,29,-1,0
5633,0,0,452,0,378,458,-20,640,29,-1,0
5637,0,0,447,0,379,458,-19,619,29,-1,0
5641,0,0,443,0,380,457,-19,663,29,-1,0
5645,0,0,437,0,381,457,-19,665,29,-1,0
5649,0,0,437,0,382,457,-18,665,29,-1,0
5653,0,0,439,0,383,457,-18,685,29,-1,0
5657,0,0,445,0,384,456,-18,682,29,-1,0
5661,0,0,448,0,385,456,-17,679,29,-1,0
5665,0,0,451,0,386,456,-17,672,29,-1,0
5669,0,0,456,0,388,455,-17,693,29,-1,0
5673,0,0,459,0,389,455,-16,708,29,-1,0
5677,0,0,460,0,390,455,-16,685,29,-1,0
5681,0,0,462,0,392,455,-15,680,29,-1,0
5685,0,0,462,0,393,456,-15,683,29,-1,0
5689,0,0,461,0,395,456,-15,655,29,-1,0
5693,0,0,460,0,397,457,-15,643,30,-1,0
5697,0,0,458,0,398,457,-14,637,30,-1,0
5701,0,0,456,0,400,457,-14,614,30,-1,0
5705,0,0,454,0,402,458,-14,598,30,-1,0
5709,0,0,454,0,404,459,-13,586,30,-1,0
5713,0,0,454,0,406,459,-13,563,30,-1,0
5717,0,0,453,0,407,460,-13,552,30,-1,0
5721,0,0,453,0,409,461,-13,546,30,-1,0
5725,0,0,453,0,411,461,-12,541,30,-1,0
5729,0,0,452,0,413,462,-12,546,30,-1,0
5733,0,0,451,0,415,462,-12,553,30,-1,0
5737,0,0,450,0,416,463,-11,556,30,-1,0
5741,0,0,447,0,418,463,-11,564,31,-1,0
5745,0,0,447,0,419,463,-11,565,31,-1,0
5749,0,0,446,0,421,463,-10,552,31,-2,0
5753,0,0,445,0,422,463,-10,553,31,-2,0
5757,0,0,443,0,423,463,-10,548,31,-2,0
5761,0,0,444,0,425,462,-9,556,31,-2,0
5765,0,0,446,0,426,462,-9,566,31,-2,0
5769,0,0,447,0,427,461,-8,574,31,-2,0
5773,0,0,447,0,427,460,-8,600,31,-2,0
5777,0,0,448,0,428,459,-7,607,31,-2,0
5781,0,0,448,0,429,458,-7,610,31,-2,0
5785,0,0,448,0,429,457,-7,618,31,-2,0
5789,0,0,448,0,430,456,-6,627,31,-2,0
5793,0,0,448,0,430,455,-6,642,31,-2,0
5797,0,0,446,0,430,454,-6,668,31,-2,0
5801,0,0,445,0,431,453,-5,684,31,-2,0
5805,0,0,444,0,431,451,-5,701,31,-2,0
5809,0,0,444,0,431,450,-4,722,31,-1,0
5813,0,0,443,0,431,449,-4,726,30,-1,0
5817,0,0,443,0,431,447,-4,722,30,-1,0
5821,0,0,443,0,432,447,-3,707,30,-1,0
5825,0,0,442,0,432,445,-3,701,30,-1,0
5829,0,0,442,0,432,444,-3,693,30,-1,0
5833,0,0,442,0,433,443,-2,681,30,-1,0
5837,0,0,442,0,433,443,-2,684,30,-1,0
5841,0,0,443,0,434,442,-2,685,30,-1,0
5845,0,0,442,0,435,441,-1,683,30,-1,0
5849,0,0,442,0,435,440,-1,684,30,-1,0
5853,0,0,442,0,436,440,-1,686,30,-1,0
5857,0,0,442,0,437,439,0,682,30,-1,0
5861,0,0,441,0,438,439,0,683,30,-1,0
5865,0,0,440,0,439,438,0,683,30,-1,0
5869,0,0,441,0,440,437,0,665,30,-1,0
5873,0,0,439,0,441,437,1,645,30,-1,0
5877,0,0,441,0,442,437,1,626,30,-1,0
5881,0,0,440,0,443,437,1,590,30,-1,0
5885,0,0,441,0,444,437,1,575,31,-1,0
5889,0,0,441,0,446,436,2,566,31,-1,0
5893,0,0,441,0,447,436,2,558,31,-1,0
5897,0,0,441,0,448,436,3,558,31,-1,0
5901,0,0,441,0,449,435,3,560,31,-1,0
5905,0,0,440,0,449,435,3,579,31,-1,0
5909,0,0,440,0,450,434,4,586,31,-1,0
5913,0,0,440,0,451,433,4,591,31,-1,0
5917,0,0,440,0,452,432,4,597,31,-1,0
5921,0,0,440,0,452,431,5,598,31,-1,0
5925,0,0,440,0,452,431,5,599,31,-1,0
5929,0,0,440,0,453,429,6,614,31,-1,0
5933,0,0,441,0,453,429,6,629,31,-1,0
5937,0,0,441,0,453,427,6,649,30,-1,0
5941,0,0,441,0,454,426,7,686,30,-1,0
5945,0,0,440,0,454,425,7,696,30,-1,0
5949,0,0,439,0,454,424,7,704,30,-2,0
5953,0,0,440,0,454,423,7,713,30,-2,0
5957,0,0,438,0,455,422,8,716,30,-2,0
5961,0,0,438,0,455,421,8,715,30,-2,0
5965,0,0,438,0,456,420,9,697,30,-2,0
5969,0,0,438,0,456,420,9,691,30,-2,0
5973,0,0,436,0,457,419,9,686,30,-2,0
5977,0,0,437,0,458,419,9,685,30,-2,0
5981,0,0,437,0,459,418,10,686,30,-2,0
5985,0,0,438,0,460,418,10,683,30,-1,0
5989,0,0,437,0,461,417,11,672,30,-1,0
5993,0,0,437,0,462,417,11,660,30,-1,0
5997,0,0,437,0,464,417,11,642,31,-1,0
6001,0,0,437,0,465,417,12,603,31,-1,0
6005,0,0,437,0,466,417,12,587,31,-1,0
6009,0,0,439,0,468,417,12,574,31,-1,0
6013,0,0,437,0,469,418,12,560,31,-1,0
6017,0,0,437,0,471,418,13,560,31,-1,0
6021,0,0,438,0,472,418,13,561,31,-1,0
6025,0,0,438,0,474,418,14,569,31,-1,0
6029,0,0,438,0,475,418,14,576,31,-1,0
6033,0,0,438,0,476,418,14,583,31,-1,0
6037,0,0,438,0,478,417,15,601,31,-1,0
6041,0,0,438,0,479,417,15,609,31,-1,0
6045,0,0,437,0,480,417,15,617,31,-1,0
6049,0,0,438,0,482,417,16,625,31,-1,0
6053,0,0,438,0,483,417,16,625,31,-1,0
6057,0,0,439,0,484,417,16,622,31,-1,0
6061,0,0,438,0,485,417,17,616,31,-1,0
6065,0,0,437,0,487,417,17,611,31,-1,0
6069,0,0,437,0,488,417,17,609,31,-1,0
6073,0,0,438,0,490,417,18,603,31,-1,0
6077,0,0,438,0,491,417,18,602,31,-1,0
6081,0,0,437,0,492,417,18,599,31,-1,0
6085,0,0,437,0,494,417,19,598,32,-1,0
6089,0,0,438,0,495,417,19,600,32,-1,0
6093,0,0,438,0,496,417,19,603,32,-1,0
6097,0,0,438,0,498,417,20,612,32,-1,0
6101,0,0,437,0,499,417,20,616,32,-1,0
6105,0,0,437,0,501,417,21,618,32,-1,0
6109,0,0,437,0,502,417,21,619,32,-1,0
6113,0,0,437,0,503,417,21,616,32,-1,0
6117,0,0,436,0,505,417,22,616,32,-1,0
6121,0,0,437,0,506,417,22,615,32,-1,0
6125,0,0,437,0,508,417,23,614,32,-1,0
6129,0,0,438,0,509,417,23,612,32,-1,0
6133,0,0,438,0,511,417,23,607,32,-1,0
6137,0,0,437,0,512,417,24,606,32,-1,0
6141,0,0,438,0,514,417,24,605,32,-1,0
6145,0,0,438,0,515,417,24,607,32,-1,0
6149,0,0,438,0,516,417,25,607,32,-1,0
6153,0,0,439,0,518,417,25,608,32,-1,0
6157,0,0,439,0,519,417,25,609,32,-1,0
6161,0,0,439,0,521,417,26,609,32,-1,0
6165,0,0,439,0,522,417,26,611,32,-1,0
6169,0,0,440,0,523,417,26,612,32,-1,0
6173,0,0,440,0,525,417,27,613,33,-1,0
6177,0,0,441,0,526,417,27,614,33,-1,0
6181,0,0,440,0,528,417,27,614,33,-1,0
6185,0,0,440,0,529,417,28,612,33,-1,0
6189,0,0,441,0,530,417,28,612,33,-1,0
6193,0,0,441,0,532,417,29,613,33,-1,0
6197,0,0,442,0,533,417,29,614,33,-1,0
6201,0,0,442,0,535,417,29,616,33,-1,0
6205,0,0,443,0,536,417,30,615,33,-1,0
6209,0,0,444,0,538,417,30,615,33,-1,0
6213,0,0,445,0,539,417,30,615,33,0,0
6217,0,0,445,0,540,417,31,614,33,0,0
6221,0,0,447,0,542,417,31,614,33,0,0
6225,0,0,448,0,543,417,31,614,33,0,0
6229,0,0,450,0,544,417,32,613,33,0,0
6233,0,0,451,0,546,417,32,612,33,0,0
6237,0,0,454,0,547,417,32,611,33,0,0
6241,0,0,459,0,549,417,33,610,33,0,0
6245,0,0,462,0,550,417,33,610,33,0,0
6249,0,0,465,0,551,417,33,611,33,0,0
6253,0,0,473,0,553,417,34,613,33,0,0
6257,0,0,477,0,554,417,34,615,33,0,0
6261,0,0,481,0,555,417,34,617,33,0,0
6265,0,0,491,0,557,417,35,618,34,0,0
6269,0,0,496,0,558,417,35,619,34,0,0
6273,0,0,500,0,560,417,36,619,34,0,0
6277,0,0,511,0,561,417,36,620,34,0,0
6281,0,0,517,0,562,417,36,619,34,0,0
6285,0,0,523,0,564,417,37,618,34,0,0
6289,0,0,536,0,565,417,37,616,34,0,0
6293,0,0,543,0,566,417,37,614,34,0,0
6297,0,0,551,0,568,417,38,613,34,0,0
6301,0,0,569,0,569,417,38,613,34,0,0
6305,0,0,578,0,570,418,38,614,34,0,0
6309,0,0,588,0,571,418,38,616,34,0,0
6313,0,0,606,0,572,418,38,619,34,0,0
6317,0,0,614,0,573,419,38,623,34,0,0
6321,0,0,621,0,574,419,39,628,34,0,0
6325,0,0,633,0,575,420,39,630,34,0,0
6329,0,0,639,0,576,420,39,633,34,0,0
6333,0,0,643,0,577,421,39,636,34,0,0
6337,0,0,651,0,578,421,39,638,34,0,0
6341,0,0,655,0,579,422,39,639,34,0,0
6345,0,0,660,0,580,423,39,625,34,0,0
6349,0,0,669,0,581,423,39,615,34,0,0
6353,0,0,674,0,582,424,39,605,34,0,0
6357,0,0,676,0,584,425,40,591,35,0,0
6361,0,0,680,0,585,425,40,584,35,0,0
6365,0,0,683,0,586,426,40,579,35,0,0
6369,0,0,682,0,587,427,40,576,35,0,0
6373,0,0,681,0,588,428,40,575,35,0,0
6377,0,0,683,0,589,429,40,575,35,0,0
6381,0,0,681,0,590,429,40,581,35,0,0
6385,0,0,682,0,590,430,40,589,35,0,0
6389,0,0,680,0,591,431,40,598,35,0,0
6393,0,0,681,0,592,431,40,605,35,0,0
6397,0,0,679,0,593,432,40,607,35,0,0
6401,0,0,679,0,593,432,40,609,35,0,0
6405,0,0,677,0,594,433,40,612,35,0,0
6409,0,0,673,0,594,433,40,617,35,0,0
6413,0,0,671,0,595,434,40,622,35,0,0
6417,0,0,669,0,595,434,40,630,35,0,0
6421,0,0,667,0,596,435,40,631,35,0,0
6425,0,0,664,0,596,435,40,632,35,0,0
6429,0,0,661,0,597,436,40,634,35,0,0
6433,0,0,657,0,597,436,40,634,35,0,0
6437,0,0,654,0,598,437,40,635,35,0,0
6441,0,0,651,0,598,437,40,636,35,0,0
6445,0,0,644,0,599,438,40,634,35,0,0
6449,0,0,640,0,599,439,40,633,35,0,0
6453,0,0,637,0,600,439,40,629,35,0,0
6457,0,0,627,0,601,440,40,628,35,0,0
6461,0,0,621,0,601,440,40,627,35,0,0
6465,0,0,617,0,602,441,40,628,35,0,0
6469,0,0,606,0,602,442,40,628,35,0,0
6473,0,0,600,0,603,442,40,630,35,0,0
6477,0,0,591,0,604,443,40,631,36,1,0
6481,0,0,586,0,604,444,40,634,36,1,0
6485,0,0,580,0,605,445,40,635,36,1,0
6489,0,0,568,0,606,445,40,625,36,1,0
6493,0,0,560,0,606,446,40,615,36,1,0
6497,0,0,551,0,607,447,40,606,36,1,0
6501,0,0,534,0,608,448,40,595,36,1,0
6505,0,0,525,0,609,449,40,593,36,1,0
6509,0,0,518,0,609,449,40,589,36,1,0
6513,0,0,504,0,610,450,40,582,36,1,0
6517,0,0,498,0,611,451,40,584,36,1,0
6521,0,0,494,0,612,451,40,586,36,1,0
6525,0,0,484,0,612,452,40,595,36,1,0
6529,0,0,480,0,613,453,40,602,36,1,0
6533,0,0,477,0,613,453,40,607,36,1,0
6537,0,0,472,0,614,454,40,610,36,1,0
6541,0,0,470,0,614,454,40,609,36,1,0
6545,0,0,468,0,615,455,40,610,36,1,0
6549,0,0,465,0,615,455,40,613,36,1,0
6553,0,0,464,0,616,456,40,616,36,1,0
6557,0,0,463,0,616,456,40,619,36,1,0
6561,0,0,461,0,617,457,40,621,36,1,0
6565,0,0,460,0,617,457,40,620,36,1,0
6569,0,0,460,0,617,457,40,620,36,1,0
6573,0,0,459,0,618,458,40,620,36,1,0
6577,0,0,458,0,618,458,40,622,36,1,0
6581,0,0,458,0,618,459,40,623,36,1,0
6585,0,0,457,0,618,459,40,625,36,1,0
6589,0,0,456,0,619,459,40,626,36,1,0
6593,0,0,457,0,619,460,40,626,36,1,0
6597,0,0,457,0,619,460,40,626,36,1,0
6601,0,0,456,0,620,461,40,626,36,1,0
6605,0,0,456,0,620,461,40,629,36,1,0
6609,0,0,455,0,620,461,40,630,36,1,0
6613,0,0,454,0,620,461,40,631,36,1,0
6617,0,0,454,0,621,462,40,631,37,1,0
6621,0,0,454,0,621,462,40,633,37,1,0
6625,0,0,455,0,621,463,39,633,37,1,0
6629,0,0,455,0,621,463,39,633,37,1,0
6633,0,0,454,0,622,463,40,635,37,1,0
6637,0,0,453,0,622,464,39,635,37,1,0
6641,0,0,455,0,622,464,39,634,37,1,0
6645,0,0,453,0,622,465,39,634,37,1,0
6649,0,0,453,0,623,465,39,633,37,1,0
6653,0,0,454,0,623,465,39,632,37,1,0
6657,0,0,453,0,623,466,39,633,37,1,0
6661,0,0,453,0,624,466,39,633,37,2,0
6665,0,0,452,0,624,467,39,633,37,2,0
6669,0,0,452,0,624,467,39,633,37,2,0
6673,0,0,452,0,625,468,39,632,37,2,0
6677,0,0,451,0,625,468,39,632,37,2,0
6681,0,0,452,0,626,469,39,630,37,2,0
6685,0,0,452,0,626,469,39,631,37,2,0
6689,0,0,451,0,626,470,39,632,37,2,0
6693,0,0,451,0,627,471,39,632,37,2,0
6697,0,0,452,0,627,471,39,628,37,2,0
6701,0,0,451,0,628,472,39,612,37,2,0
6705,0,0,452,0,629,473,39,602,37,2,0
6709,0,0,453,0,629,473,39,595,37,2,0
6713,0,0,453,0,630,474,39,584,37,2,0
6717,0,0,453,0,631,475,39,580,37,2,0
6721,0,0,453,0,631,475,39,579,37,2,0
6725,0,0,454,0,632,476,39,581,37,2,0
6729,0,0,454,0,632,476,39,580,37,2,0
6733,0,0,454,0,633,477,39,582,37,2,0
6737,0,0,454,0,633,477,39,590,37,2,0
6741,0,0,455,0,634,478,39,596,37,2,0
6745,0,0,455,0,634,478,39,598,37,2,0
6749,0,0,456,0,634,478,39,600,37,2,0
6753,0,0,456,0,635,479,39,601,37,2,0
6757,0,0,456,0,635,479,39,603,37,2,0
6761,0,0,456,0,635,479,39,607,37,2,0
6765,0,0,456,0,635,479,39,610,37,2,0
6769,0,0,456,0,635,479,39,614,37,2,0
6773,0,0,456,0,635,479,39,617,37,2,0
6777,0,0,456,0,635,479,39,617,37,2,0
6782,0,0,456,0,635,479,39,616,37,2,0
6786,0,0,456,0,635,479,39,624,37,2,0
6790,0,0,455,0,635,479,39,633,37,2,0
6794,0,0,455,0,635,479,39,644,37,2,0
6798,0,0,455,0,635,479,39,656,37,2,0
6802,0,0,455,0,635,479,39,657,37,2,0
6806,0,0,454,0,635,479,39,659,37,2,0
6810,0,0,454,0,635,479,39,656,37,2,0
6814,0,0,454,0,635,479,39,654,37,2,0
6818,0,0,454,0,635,479,39,651,37,2,0
6822,0,0,453,0,635,479,39,649,37,2,0
6826,0,0,453,0,635,479,39,645,37,2,0
6830,0,0,453,0,635,479,39,642,37,2,0
6834,0,0,453,0,635,480,39,643,37,2,0
6838,0,0,453,0,635,480,39,645,37,2,0
6842,0,0,453,0,635,480,39,645,37,2,0
6846,0,0,453,0,636,481,39,644,37,2,0
6850,0,0,453,0,636,481,39,643,37,2,0
6854,0,0,453,0,636,481,39,642,37,2,0
6858,0,0,452,0,636,482,38,641,37,2,0
6862,0,0,451,0,637,482,39,644,38,2,0
6866,0,0,452,0,637,483,38,642,38,2,0
6870,0,0,452,0,638,483,39,636,38,2,0
6874,0,0,452,0,638,484,38,623,38,2,0
6878,0,0,451,0,639,484,39,594,38,2,0
6882,0,0,452,0,639,485,38,585,38,2,0
6886,0,0,453,0,640,485,39,576,38,2,0
6890,0,0,453,0,641,486,39,564,38,2,0
6894,0,0,452,0,641,487,38,565,38,2,0
6898,0,0,454,0,641,487,38,566,38,2,0
6902,0,0,454,0,642,487,39,567,38,2,0
6906,0,0,453,0,642,487,39,572,38,2,0
6910,0,0,453,0,642,488,38,579,38,2,0
6914,0,0,454,0,643,488,39,584,38,2,0
6918,0,0,454,0,643,488,39,583,38,2,0
6922,0,0,455,0,643,488,39,584,38,2,0
6926,0,0,455,0,643,488,39,585,38,2,0
6930,0,0,455,0,643,488,39,585,38,2,0
6934,0,0,455,0,642,488,38,585,38,2,0
6938,0,0,455,0,642,488,38,605,38,2,0
6942,0,0,454,0,642,487,39,626,38,2,0
6946,0,0,454,0,642,487,39,644,38,2,0
6950,0,0,454,0,641,487,38,667,38,2,0
6954,0,0,454,0,641,487,38,671,38,2,0
6958,0,0,454,0,640,487,38,673,38,2,0
6962,0,0,454,0,640,486,38,677,38,2,0
6966,0,0,454,0,640,486,38,676,38,2,0
6970,0,0,453,0,639,486,38,673,38,2,0
6974,0,0,453,0,639,486,38,663,38,2,0
6978,0,0,452,0,639,486,38,657,38,2,0
6982,0,0,452,0,639,486,38,649,38,2,0
6986,0,0,452,0,639,486,38,645,38,2,0
6990,0,0,452,0,639,486,38,647,38,2,0
6994,0,0,452,0,639,486,38,648,38,2,0
6998,0,0,452,0,639,487,38,642,38,2,0
7002,0,0,452,0,639,487,38,638,38,2,0
7006,0,0,451,0,639,487,38,637,38,2,0
7010,0,0,451,0,640,487,38,634,38,2,0
7014,0,0,451,0,640,487,38,637,38,2,0
7018,0,0,451,0,640,488,38,637,38,2,0
7022,0,0,450,0,640,488,38,625,38,2,0
7026,0,0,451,0,641,489,38,617,38,2,0
7030,0,0,451,0,641,489,38,614,38,2,0
7034,0,0,451,0,642,489,38,612,38,2,0
7038,0,0,451,0,642,489,38,609,38,2,0
7042,0,0,450,0,642,490,38,607,38,2,0
7046,0,0,450,0,643,490,38,606,38,2,0
7050,0,0,451,0,643,491,38,606,38,3,0
7054,0,0,451,0,644,491,38,607,38,3,0
7058,0,0,451,0,644,491,38,609,38,3,0
7062,0,0,450,0,645,492,38,612,38,3,0
7066,0,0,450,0,645,492,38,613,38,3,0
7070,0,0,451,0,645,493,38,604,38,3,0
7074,0,0,451,0,646,493,38,597,38,3,0
7078,0,0,451,0,646,493,38,592,38,3,0
7082,0,0,451,0,646,494,38,581,38,3,0
7086,0,0,452,0,647,494,38,578,38,3,0
7090,0,0,453,0,647,495,38,578,38,3,0
7094,0,0,453,0,647,495,38,579,38,3,0
7098,0,0,454,0,647,495,38,577,38,3,0
7102,0,0,454,0,647,495,38,578,38,3,0
7106,0,0,453,0,647,495,38,583,38,3,0
7110,0,0,453,0,647,495,38,589,38,3,0
7114,0,0,453,0,647,495,38,602,38,3,0
7118,0,0,453,0,647,495,38,630,38,3,0
7122,0,0,453,0,647,495,38,640,38,3,0
7126,0,0,453,0,647,495,38,648,38,3,0
7130,0,0,453,0,646,495,38,655,38,3,0
7134,0,0,452,0,646,495,38,656,38,3,0
7138,0,0,452,0,646,495,38,656,38,3,0
7142,0,0,452,0,646,495,38,647,38,3,0
7146,0,0,452,0,646,495,38,642,38,3,0
7150,0,0,452,0,646,495,38,639,38,3,0
7154,0,0,453,0,646,495,38,634,38,3,0
7158,0,0,452,0,646,495,38,633,38,3,0
7162,0,0,452,0,646,495,38,634,38,3,0
7166,0,0,452,0,646,495,38,634,38,3,0
7170,0,0,451,0,646,495,38,633,38,3,0
7174,0,0,451,0,646,495,38,631,38,3,0
7178,0,0,451,0,646,495,38,627,38,3,0
7182,0,0,451,0,646,495,38,626,38,3,0
7186,0,0,451,0,646,496,37,627,38,3,0
7190,0,0,451,0,646,496,37,628,38,3,0
7194,0,0,451,0,646,496,37,625,38,3,0
7198,0,0,451,0,647,496,38,624,38,3,0
7202,0,0,451,0,647,496,38,622,38,3,0
7206,0,0,451,0,647,496,38,621,38,3,0
7210,0,0,452,0,647,497,37,622,38,3,0
7214,0,0,452,0,647,497,37,622,38,3,0
7218,0,0,452,0,647,497,37,622,38,3,0
7222,0,0,451,0,648,497,38,621,38,3,0
7226,0,0,451,0,648,497,38,620,38,3,0
7230,0,0,451,0,648,497,38,620,38,3,0
7234,0,0,450,0,648,498,37,620,38,3,0
7238,0,0,450,0,648,498,37,620,38,3,0
7242,0,0,451,0,649,498,38,621,38,3,0
7246,0,0,451,0,649,499,37,621,38,3,0
7250,0,0,452,0,649,499,37,621,38,3,0
7254,0,0,453,0,649,499,37,621,38,3,0
7258,0,0,451,0,650,499,38,621,38,3,0
7262,0,0,451,0,650,499,38,621,38,3,0
7266,0,0,450,0,650,500,37,618,38,3,0
7270,0,0,450,0,650,500,37,616,38,3,0
7274,0,0,451,0,651,501,37,608,38,3,0
7278,0,0,451,0,651,501,37,602,38,3,0
7282,0,0,451,0,651,501,37,598,38,3,0
7286,0,0,452,0,651,501,37,594,38,3,0
7290,0,0,452,0,652,502,37,593,38,3,0
7294,0,0,452,0,652,502,37,592,38,3,0
7298,0,0,452,0,652,502,37,594,38,3,0
7302,0,0,452,0,652,502,37,597,38,3,0
7306,0,0,452,0,652,502,37,601,38,3,0
7310,0,0,452,0,652,502,37,606,38,3,0
7314,0,0,452,0,652,502,37,609,38,3,0
7318,0,0,452,0,652,502,37,612,38,3,0
7322,0,0,452,0,652,502,37,615,38,3,0
7326,0,0,452,0,652,502,37,618,38,3,0
7330,0,0,452,0,652,502,37,619,38,3,0
7334,0,0,452,0,652,502,37,620,38,3,0
7338,0,0,452,0,652,502,37,620,38,3,0
7342,0,0,452,0,651,502,37,618,38,3,0
7346,0,0,452,0,651,501,37,615,38,3,0
7350,0,0,452,0,651,501,37,613,38,3,0
7354,0,0,452,0,651,501,37,611,38,3,0
7358,0,0,452,0,651,501,37,609,38,3,0
7362,0,0,452,0,650,501,37,608,38,3,0
7366,0,0,452,0,650,500,37,608,38,3,0
7370,0,0,452,0,650,500,37,606,38,3,0
7374,0,0,452,0,649,500,37,607,38,3,0
7378,0,0,452,0,649,499,37,615,38,3,0
7382,0,0,451,0,648,499,37,638,38,3,0
7386,0,0,451,0,648,498,37,645,38,3,0
7390,0,0,451,0,647,498,37,648,38,3,0
7394,0,0,451,0,646,497,37,651,38,3,0
7398,0,0,451,0,646,497,37,653,38,3,0
7402,0,0,450,0,645,497,37,655,38,3,0
7406,0,0,452,0,645,496,37,652,38,3,0
7410,0,0,451,0,644,496,37,650,38,3,0
7414,0,0,451,0,644,495,37,649,38,3,0
7418,0,0,451,0,643,495,37,649,38,3,0
7422,0,0,451,0,643,494,37,651,38,3,0
7426,0,0,452,0,642,494,37,659,38,3,0
7430,0,0,451,0,642,493,37,662,38,3,0
7434,0,0,451,0,642,493,37,664,38,3,0
7438,0,0,450,0,642,493,37,661,38,3,0
7442,0,0,450,0,641,493,37,657,38,3,0
7446,0,0,449,0,641,493,37,654,38,3,0
7450,0,0,450,0,641,492,37,648,38,3,0
7454,0,0,449,0,641,492,37,646,38,3,0
7458,0,0,449,0,641,492,37,645,38,3,0
7462,0,0,449,0,641,492,37,640,38,3,0
7466,0,0,449,0,641,492,37,637,38,3,0
7470,0,0,449,0,641,492,37,633,38,3,0
7474,0,0,449,0,641,492,37,628,38,3,0
7478,0,0,449,0,641,493,37,626,38,3,0
7482,0,0,449,0,642,493,37,624,38,3,0
7486,0,0,448,0,642,493,37,621,38,3,0
7490,0,0,448,0,642,493,37,621,38,3,0
7494,0,0,447,0,642,493,37,620,38,3,0
7498,0,0,447,0,643,494,37,620,38,3,0
7502,0,0,447,0,643,494,37,618,38,3,0
7506,0,0,448,0,643,494,37,616,38,3,0
7510,0,0,448,0,644,495,37,615,38,3,0
7514,0,0,448,0,644,495,37,614,38,3,0
7518,0,0,448,0,644,495,37,614,38,3,0
7522,0,0,448,0,645,496,37,610,38,3,0
7526,0,0,448,0,645,497,37,608,38,3,0
7530,0,0,449,0,646,497,37,603,38,3,0
7534,0,0,449,0,646,498,37,596,38,3,0
7538,0,0,448,0,647,498,37,595,38,3,0
7542,0,0,449,0,647,499,37,593,38,3,0
7546,0,0,449,0,648,499,37,588,38,3,0
7550,0,0,449,0,648,500,37,585,38,3,0
7554,0,0,450,0,649,501,37,582,38,3,0
7558,0,0,450,0,649,501,37,580,38,3,0
7562,0,0,451,0,650,501,37,580,38,3,0
7566,0,0,451,0,650,502,37,582,38,3,0
7570,0,0,451,0,650,502,37,589,38,3,0
7574,0,0,451,0,651,503,37,593,38,3,0
7578,0,0,451,0,651,503,37,597,38,3,0
7582,0,0,451,0,651,503,37,603,38,3,0
7586,0,0,451,0,651,503,37,606,38,3,0
7590,0,0,451,0,652,503,37,607,39,3,0
7594,0,0,451,0,652,504,37,610,39,3,0
7598,0,0,451,0,652,504,37,610,39,3,0
7602,0,0,451,0,652,504,37,610,39,3,0
7606,0,0,451,0,652,504,37,609,39,3,0
7610,0,0,451,0,652,505,37,607,39,3,0
7614,0,0,451,0,652,505,37,605,39,3,0
7618,0,0,451,0,652,505,37,602,39,3,0
7622,0,0,452,0,652,505,37,600,39,3,0
7626,0,0,451,0,652,505,37,598,39,3,0
7630,0,0,451,0,652,505,37,597,39,3,0
7634,0,0,451,0,652,505,37,597,39,3,0
7638,0,0,451,0,652,505,37,598,39,3,0
7642,0,0,451,0,652,505,37,601,39,3,0
7646,0,0,451,0,652,505,37,599,39,3,0
7650,0,0,452,0,652,504,37,601,39,3,0
7654,0,0,452,0,652,504,37,618,39,3,0
7658,0,0,452,0,651,504,37,631,39,3,0
7662,0,0,452,0,651,503,37,643,38,3,0
7666,0,0,452,0,650,503,37,649,38,3,0
7670,0,0,451,0,650,503,37,650,38,3,0
7674,0,0,451,0,650,503,37,650,38,3,0
7678,0,0,451,0,649,503,36,653,38,3,0
7682,0,0,450,0,649,502,37,654,38,3,0
7686,0,0,451,0,649,502,37,654,38,3,0
7690,0,0,451,0,648,502,36,643,38,3,0
7694,0,0,450,0,648,502,36,635,38,3,0
7698,0,0,450,0,648,502,36,627,38,3,0
7702,0,0,451,0,648,501,37,625,38,3,0
7706,0,0,452,0,647,501,36,627,38,3,0
7710,0,0,450,0,647,501,36,628,38,3,0
7714,0,0,451,0,647,501,36,625,38,3,0
7718,0,0,452,0,647,501,36,623,38,3,0
7722,0,0,451,0,647,501,36,620,38,3,0
7726,0,0,450,0,646,501,36,619,38,3,0
7730,0,0,450,0,646,501,36,620,38,3,0
7734,0,0,450,0,646,500,36,622,38,3,0
7738,0,0,450,0,646,500,36,622,38,3,0
7742,0,0,451,0,645,500,36,620,38,3,0
7746,0,0,450,0,645,499,36,617,38,3,0
7750,0,0,451,0,645,499,36,614,38,3,0
7754,0,0,449,0,644,499,36,616,38,3,0
7758,0,0,450,0,644,499,36,618,38,3,0
7762,0,0,450,0,644,498,36,622,38,3,0
7766,0,0,450,0,644,498,36,625,38,3,0
7770,0,0,450,0,643,497,36,628,38,3,0
7774,0,0,450,0,643,497,36,642,38,3,0
7778,0,0,450,0,642,497,36,650,38,3,0
7782,0,0,450,0,642,497,36,657,38,3,0
7786,0,0,449,0,642,496,36,662,38,3,0
7790,0,0,449,0,642,496,36,663,38,3,0
7794,0,0,450,0,641,496,36,663,38,3,0
7798,0,0,449,0,641,495,36,655,38,3,0
7802,0,0,449,0,641,495,36,652,38,3,0
7806,0,0,449,0,641,495,36,643,38,3,0
7810,0,0,449,0,641,495,36,640,38,3,0
7814,0,0,449,0,641,495,36,639,38,3,0
7818,0,0,448,0,641,495,36,636,38,3,0
7822,0,0,448,0,641,495,36,635,38,3,0
7826,0,0,448,0,641,495,36,632,38,3,0
7830,0,0,448,0,641,496,36,625,38,3,0
7834,0,0,449,0,641,496,36,623,38,3,0
7838,0,0,449,0,641,496,36,621,38,3,0
7842,0,0,449,0,642,496,36,618,38,3,0
7846,0,0,449,0,642,497,36,617,38,3,0
7850,0,0,448,0,642,497,36,616,38,3,0
7854,0,0,448,0,642,497,36,615,38,3,0
7858,0,0,448,0,643,497,36,616,38,3,0
7862,0,0,448,0,643,498,36,619,38,3,0
7866,0,0,448,0,643,498,36,620,38,3,0
7870,0,0,449,0,644,499,36,621,38,3,0
7874,0,0,449,0,644,499,36,623,38,3,0
7878,0,0,448,0,645,499,36,622,38,3,0
7882,0,0,447,0,645,500,36,621,38,3,0
7886,0,0,448,0,646,500,36,621,38,3,0
7890,0,0,449,0,646,501,36,615,38,3,0
7894,0,0,448,0,647,501,36,608,38,3,0
7898,0,0,448,0,647,502,36,599,38,3,0
7902,0,0,449,0,648,503,36,582,38,3,0
7906,0,0,449,0,648,503,36,572,38,3,0
7910,0,0,449,0,649,504,36,564,38,3,0
7914,0,0,450,0,649,505,36,556,38,3,0
7918,0,0,451,0,650,505,36,557,39,3,0
7922,0,0,450,0,650,505,36,557,39,3,0
7926,0,0,450,0,651,506,36,565,39,3,0
7930,0,0,450,0,651,506,36,568,39,3,0
7934,0,0,451,0,651,507,36,570,39,3,0
7938,0,0,452,0,651,507,36,574,39,3,0
7942,0,0,452,0,651,507,36,577,39,3,0
7946,0,0,452,0,652,507,36,584,39,3,0
7950,0,0,452,0,652,507,36,587,39,3,0
7954,0,0,452,0,651,507,36,590,39,3,0
7958,0,0,452,0,651,507,36,589,39,3,0
7962,0,0,453,0,651,507,36,589,39,3,0
7966,0,0,453,0,651,506,36,599,39,3,0
7970,0,0,453,0,650,506,36,631,39,3,0
7974,0,0,453,0,650,506,36,645,39,3,0
7978,0,0,452,0,650,505,36,651,39,3,0
7982,0,0,452,0,649,505,36,655,38,3,0
7986,0,0,452,0,649,505,36,657,38,3,0
7990,0,0,452,0,648,505,36,657,38,3,0
7994,0,0,451,0,648,504,36,659,38,3,0
7998,0,0,450,0,647,504,36,657,38,3,0
8002,0,0,451,0,647,504,36,652,38,3,0
8006,0,0,451,0,647,504,36,636,38,3,0
8010,0,0,451,0,646,504,35,629,38,3,0
8014,0,0,451,0,646,503,36,627,38,3,0
8018,0,0,451,0,646,503,36,628,38,3,0
8022,0,0,450,0,646,503,36,628,38,3,0
8026,0,0,450,0,645,503,35,628,38,3,0
8030,0,0,451,0,645,503,35,624,38,3,0
8034,0,0,451,0,645,503,35,623,38,3,0
8038,0,0,451,0,645,502,36,623,38,3,0
8042,0,0,451,0,645,502,36,631,38,3,0
8046,0,0,451,0,644,501,36,633,38,3,0
8050,0,0,450,0,644,501,36,636,38,3,0
8054,0,0,450,0,644,501,36,634,38,3,0
8058,0,0,449,0,644,501,36,632,38,3,0
8062,0,0,450,0,644,500,36,629,38,3,0
8066,0,0,450,0,643,500,36,626,38,3,0
8070,0,0,451,0,643,500,36,625,38,3,0
8074,0,0,450,0,643,499,36,623,38,3,0
8078,0,0,450,0,643,499,36,621,38,3,0
8082,0,0,449,0,642,499,36,620,38,3,0
8086,0,0,449,0,642,499,36,626,38,3,0
8090,0,0,449,0,642,498,36,631,38,3,0
8094,0,0,449,0,641,498,36,638,38,3,0
8098,0,0,450,0,641,498,36,646,38,3,0
8102,0,0,450,0,641,497,36,647,38,3,0
8106,0,0,450,0,640,497,36,648,38,3,0
8110,0,0,450,0,640,497,36,647,38,3,0
8114,0,0,449,0,640,497,36,643,38,3,0
8118,0,0,449,0,640,497,36,640,38,3,0
8122,0,0,449,0,640,497,36,635,38,3,0
8126,0,0,449,0,640,497,36,633,38,3,0
8130,0,0,450,0,639,497,35,632,38,3,0
8134,0,0,450,0,639,497,35,633,38,3,0
8138,0,0,449,0,639,497,35,632,38,3,0
8142,0,0,450,0,639,497,35,631,38,3,0
8146,0,0,450,0,639,497,35,627,38,3,0
8150,0,0,450,0,639,497,35,624,38,3,0
8154,0,0,450,0,639,497,35,623,38,3,0
8158,0,0,450,0,639,497,35,619,38,3,0
8162,0,0,450,0,640,497,36,619,38,3,0
8166,0,0,449,0,640,497,36,617,38,3,0
8170,0,0,449,0,640,497,36,614,38,3,0
8174,0,0,449,0,640,497,36,613,38,3,0
8178,0,0,449,0,640,497,36,613,38,3,0
8182,0,0,449,0,640,497,36,615,38,3,0
8186,0,0,449,0,640,497,36,616,38,3,0
8190,0,0,449,0,640,497,36,617,38,3,0
8194,0,0,449,0,640,497,36,618,38,3,0
8198,0,0,449,0,640,497,36,618,38,3,0
8202,0,0,449,0,640,497,36,618,38,3,0
8206,0,0,449,0,640,497,36,619,38,3,0
8210,0,0,448,0,640,497,36,617,38,3,0
8214,0,0,449,0,640,497,36,618,38,3,0
8218,0,0,449,0,640,497,36,617,38,3,0
8222,0,0,449,0,640,497,36,616,38,3,0
8226,0,0,449,0,640,497,36,616,38,3,0
8230,0,0,449,0,640,497,36,617,38,3,0
8234,0,0,449,0,640,497,36,618,38,3,0
8238,0,0,449,0,640,497,36,618,38,3,0
8242,0,0,449,0,640,497,36,619,38,3,0
8246,0,0,449,0,640,497,36,619,38,3,0
8250,0,0,449,0,640,497,36,620,38,3,0
8254,0,0,449,0,640,497,36,620,38,3,0
8258,0,0,449,0,640,497,36,621,38,3,0
8262,0,0,449,0,640,497,36,621,38,3,0
8266,0,0,449,0,640,497,36,621,38,3,0
8270,0,0,449,0,640,497,36,620,38,3,0
8274,0,0,449,0,640,497,36,620,38,3,0
8278,0,0,449,0,640,497,36,620,38,3,0
8282,0,0,449,0,640,497,36,620,38,3,0
8286,0,0,449,0,640,497,36,621,38,3,0
8290,0,0,449,0,640,497,36,621,38,3,0
8294,0,0,448,0,640,497,36,622,38,3,0
8298,0,0,449,0,640,497,36,622,38,3,0
8302,0,0,449,0,640,497,36,623,38,3,0
8306,0,0,450,0,640,497,36,623,38,3,0
8310,0,0,449,0,640,497,36,623,38,3,0
8314,0,0,449,0,640,497,36,622,38,3,0
8318,0,0,448,0,640,497,36,622,38,3,0
8322,0,0,449,0,640,497,36,621,38,3,0
8326,0,0,449,0,640,497,36,622,38,3,0
8330,0,0,448,0,640,497,36,622,38,3,0
8334,0,0,449,0,640,497,36,622,38,3,0
8338,0,0,449,0,640,497,36,622,38,3,0
8342,0,0,450,0,640,497,36,623,38,3,0
8346,0,0,449,0,640,497,36,624,38,3,0
8350,0,0,449,0,640,497,36,625,38,3,0
8354,0,0,449,0,640,497,36,623,38,3,0
8358,0,0,448,0,640,497,36,623,38,3,0
8362,0,0,448,0,640,497,36,622,38,3,0
8366,0,0,449,0,640,497,36,622,38,3,0
8370,0,0,448,0,640,497,36,623,38,3,0
8374,0,0,449,0,640,497,36,622,38,3,0
8378,0,0,449,0,640,497,36,623,38,3,0
8382,0,0,449,0,640,497,36,623,38,3,0
8386,0,0,449,0,640,497,36,624,38,3,0
8390,0,0,449,0,640,498,35,624,38,3,0
8394,0,0,449,0,640,498,35,624,38,3,0
8398,0,0,449,0,640,498,35,624,38,3,0
8402,0,0,449,0,640,498,35,624,38,3,0
8406,0,0,449,0,640,498,35,624,38,3,0
8410,0,0,449,0,640,498,35,623,38,3,0
8414,0,0,448,0,640,499,35,623,38,3,0
8418,0,0,449,0,640,499,35,624,38,3,0
8422,0,0,448,0,640,499,35,624,38,3,0
8426,0,0,448,0,640,499,35,624,38,3,0
8430,0,0,448,0,641,499,35,624,38,3,0
8434,0,0,448,0,641,500,35,624,38,3,0
8438,0,0,448,0,641,500,35,624,38,3,0
8442,0,0,449,0,641,500,35,625,38,3,0
8446,0,0,449,0,642,501,35,625,38,3,0
8450,0,0,448,0,642,501,35,624,38,3,0
8454,0,0,449,0,642,501,35,624,38,3,0
8458,0,0,447,0,643,502,35,624,38,3,0
8462,0,0,447,0,643,502,35,625,38,3,0
8466,0,0,448,0,643,503,35,626,38,3,0
8470,0,0,448,0,644,503,35,626,38,3,0
8474,0,0,448,0,644,503,35,622,38,3,0
8478,0,0,447,0,645,504,35,609,38,3,0
8482,0,0,449,0,646,505,35,605,38,3,0
8486,0,0,449,0,646,505,35,603,38,3,0
8490,0,0,448,0,647,506,35,599,38,3,0
8494,0,0,448,0,648,507,35,594,39,3,0
8498,0,0,449,0,648,507,35,589,39,3,0
8502,0,0,449,0,649,508,35,572,39,3,0
8506,0,0,449,0,649,509,35,564,39,3,0
8510,0,0,449,0,650,509,35,560,39,3,0
8514,0,0,450,0,650,509,35,561,39,3,0
8518,0,0,449,0,651,510,35,561,39,3,0
8522,0,0,450,0,651,511,35,561,39,3,0
8526,0,0,451,0,652,511,35,558,39,3,0
8529,0,0,454,0,652,511,35,559,39,3,0
8534,0,0,452,0,652,511,35,561,39,3,0
8538,0,0,452,0,652,511,35,568,39,3,0
8542,0,0,451,0,652,511,35,575,39,3,0
8546,0,0,452,0,652,511,35,578,39,3,0
8550,0,0,452,0,652,511,35,590,39,3,0
8554,0,0,451,0,652,511,35,602,39,3,0
8558,0,0,452,0,651,511,35,615,39,3,0
8562,0,0,452,0,651,511,35,634,39,3,0
8566,0,0,452,0,650,511,35,642,39,3,0
8570,0,0,452,0,650,510,35,652,39,3,0
8574,0,0,452,0,649,510,35,659,39,3,0
8578,0,0,452,0,649,510,35,660,39,3,0
8582,0,0,452,0,648,509,35,659,39,3,0
8586,0,0,451,0,648,509,35,652,39,3,0
8590,0,0,451,0,647,509,34,645,39,3,0
8594,0,0,451,0,647,509,34,636,39,3,0
8598,0,0,452,0,647,508,35,633,39,3,0
8602,0,0,451,0,646,508,34,636,39,3,0
8606,0,0,452,0,646,508,34,646,39,3,0
8610,0,0,451,0,646,507,35,650,38,3,0
8614,0,0,451,0,646,507,35,651,38,3,0
8618,0,0,451,0,645,507,34,646,38,3,0
8622,0,0,450,0,645,507,34,643,38,3,0
8626,0,0,451,0,645,507,34,642,38,3,0
8630,0,0,451,0,645,506,34,640,38,3,0
8634,0,0,451,0,645,506,35,640,38,3,0
8638,0,0,450,0,645,506,35,638,38,3,0
8642,0,0,450,0,645,506,35,629,38,3,0
8646,0,0,450,0,644,506,34,624,38,3,0
8650,0,0,450,0,644,506,34,619,38,3,0
8654,0,0,450,0,644,505,35,615,38,3,0
8658,0,0,449,0,644,505,35,616,38,3,0
8662,0,0,449,0,644,505,35,616,38,3,0
8666,0,0,449,0,644,505,35,613,38,3,0
8670,0,0,449,0,644,505,35,610,38,3,0
8674,0,0,449,0,643,505,34,607,38,3,0
8678,0,0,450,0,643,504,35,604,38,3,0
8682,0,0,450,0,643,504,35,602,38,3,0
8686,0,0,451,0,642,503,35,605,38,3,0
8690,0,0,450,0,642,503,35,620,38,3,0
8694,0,0,449,0,642,503,35,630,38,3,0
8698,0,0,449,0,641,503,34,639,38,3,0
8702,0,0,449,0,641,502,35,652,38,3,0
8706,0,0,450,0,640,502,34,658,38,3,0
8710,0,0,450,0,640,501,35,665,38,3,0
8714,0,0,449,0,640,501,35,672,38,3,0
8718,0,0,449,0,639,501,34,670,38,3,0
8722,0,0,449,0,639,500,35,666,38,3,0
8726,0,0,449,0,639,500,35,655,38,3,0
8730,0,0,449,0,639,500,35,650,38,3,0
8734,0,0,448,0,639,500,35,648,38,3,0
8738,0,0,448,0,639,500,35,648,38,3,0
8742,0,0,448,0,639,500,35,646,38,3,0
8746,0,0,448,0,639,500,35,643,38,3,0
8750,0,0,448,0,639,500,35,635,38,3,0
8754,0,0,448,0,639,500,35,632,38,3,0
8758,0,0,448,0,639,500,35,628,38,3,0
8762,0,0,448,0,639,500,35,626,38,3,0
8766,0,0,449,0,640,501,35,625,38,3,0
8770,0,0,448,0,640,501,35,623,38,3,0
8774,0,0,448,0,640,501,35,619,38,3,0
8778,0,0,447,0,640,501,35,615,38,3,0
8782,0,0,447,0,641,502,35,614,38,3,0
8786,0,0,447,0,641,502,35,615,38,3,0
8790,0,0,448,0,641,502,35,615,38,3,0
8794,0,0,448,0,642,503,35,613,38,3,0
8798,0,0,448,0,642,503,35,608,38,3,0
8802,0,0,448,0,642,503,35,607,38,3,0
8806,0,0,447,0,643,504,35,607,38,3,0
8810,0,0,448,0,643,504,35,607,38,3,0
8814,0,0,448,0,644,505,35,605,38,3,0
8818,0,0,448,0,644,505,35,602,38,3,0
8822,0,0,448,0,645,505,35,595,38,3,0
8826,0,0,448,0,645,506,35,590,38,3,0
8830,0,0,448,0,645,506,35,586,38,3,0
8834,0,0,449,0,646,507,35,583,38,3,0
8838,0,0,449,0,646,507,35,579,38,3,0
8842,0,0,449,0,646,507,35,576,38,3,0
8846,0,0,449,0,647,508,35,573,39,3,0
8850,0,0,449,0,647,508,35,571,39,3,0
8854,0,0,450,0,647,508,35,573,39,3,0
8858,0,0,451,0,647,508,35,580,39,3,0
8862,0,0,453,0,647,508,35,582,39,3,0
8866,0,0,452,0,647,508,35,588,39,3,0
8870,0,0,452,0,647,508,35,594,39,3,0
8874,0,0,452,0,647,508,35,596,39,3,0
8878,0,0,452,0,646,508,34,595,39,3,0
8882,0,0,451,0,646,508,34,599,39,3,0
8886,0,0,450,0,646,507,35,608,38,3,0
8890,0,0,450,0,645,507,34,622,38,3,0
8894,0,0,450,0,645,507,34,644,38,3,0
8898,0,0,451,0,644,506,34,648,38,3,0
8902,0,0,450,0,644,506,34,652,38,3,0
8906,0,0,451,0,643,506,34,654,38,3,0
8910,0,0,451,0,643,505,34,653,38,3,0
8914,0,0,450,0,642,505,34,655,38,3,0
8918,0,0,450,0,642,505,34,654,38,3,0
8922,0,0,450,0,641,504,34,648,38,3,0
8926,0,0,450,0,641,504,34,642,38,3,0
8930,0,0,450,0,640,504,34,638,38,3,0
8934,0,0,448,0,640,503,34,639,38,3,0
8938,0,0,449,0,640,503,34,644,38,3,0
8942,0,0,449,0,640,503,34,651,38,3,0
8946,0,0,449,0,639,503,34,652,38,3,0
8950,0,0,450,0,639,502,34,650,38,3,0
8954,0,0,450,0,639,502,34,645,38,3,0
8958,0,0,449,0,639,502,34,644,38,3,0
8962,0,0,449,0,639,501,34,643,38,3,0
8966,0,0,449,0,638,501,34,642,38,3,0
8970,0,0,450,0,638,501,34,639,38,3,0
8974,0,0,448,0,638,501,34,635,38,3,0
8978,0,0,447,0,638,501,34,627,38,3,0
8982,0,0,447,0,638,501,34,623,38,3,0
8986,0,0,447,0,638,501,34,621,38,3,0
8990,0,0,447,0,638,501,34,620,38,3,0
8994,0,0,446,0,638,501,34,619,38,3,0
8998,0,0,447,0,638,501,34,619,38,3,0
9002,0,0,448,0,638,501,34,615,38,3,0
9006,0,0,448,0,638,501,34,613,38,3,0
9010,0,0,447,0,638,501,34,611,38,3,0
9014,0,0,448,0,638,501,34,609,38,3,0
9018,0,0,447,0,638,501,34,609,38,3,0
9022,0,0,447,0,638,501,34,610,38,3,0
9026,0,0,447,0,638,501,34,613,38,3,0
9030,0,0,448,0,638,501,34,614,38,3,0
9034,0,0,447,0,638,501,34,618,38,3,0
9038,0,0,448,0,638,501,34,628,38,3,0
9042,0,0,447,0,638,501,34,632,38,3,0
9046,0,0,447,0,638,501,34,633,38,3,0
9050,0,0,448,0,638,501,34,634,38,3,0
9054,0,0,447,0,638,501,34,632,38,3,0
9058,0,0,447,0,638,501,34,630,38,3,0
9062,0,0,447,0,638,501,34,624,38,3,0
9066,0,0,447,0,638,501,34,622,38,3,0
9070,0,0,447,0,638,501,34,620,38,3,0
9074,0,0,447,0,638,501,34,616,38,3,0
9078,0,0,447,0,638,501,34,615,38,3,0
9082,0,0,447,0,638,501,34,617,38,3,0
9086,0,0,447,0,638,501,34,621,38,3,0
9090,0,0,449,0,639,502,34,624,38,3,0
9094,0,0,448,0,639,502,34,625,38,3,0
9098,0,0,448,0,639,502,34,626,38,3,0
9102,0,0,449,0,639,502,34,625,38,3,0
9106,0,0,448,0,639,502,34,625,38,3,0
9110,0,0,448,0,639,502,34,623,38,3,0
9114,0,0,449,0,639,503,34,622,38,3,0
9118,0,0,448,0,639,503,34,622,38,3,0
9122,0,0,448,0,640,503,34,620,38,3,0
9126,0,0,446,0,640,503,34,620,38,3,0
9130,0,0,448,0,640,503,34,620,38,3,0
9134,0,0,447,0,640,504,34,620,38,3,0
9138,0,0,447,0,640,504,34,621,38,3,0
9142,0,0,447,0,641,504,34,622,38,3,0
9146,0,0,448,0,641,505,34,623,38,3,0
9150,0,0,448,0,641,505,34,624,38,3,0
9154,0,0,447,0,642,505,34,624,38,3,0
9158,0,0,447,0,642,506,34,625,38,3,0
9162,0,0,446,0,643,506,34,625,38,3,0
9166,0,0,447,0,643,507,34,626,38,3,0
9170,0,0,447,0,644,507,34,627,38,3,0
9174,0,0,447,0,644,508,34,626,38,3,0
9178,0,0,447,0,645,509,34,624,38,3,0
9182,0,0,446,0,645,509,34,617,39,3,0
9186,0,0,447,0,646,510,34,612,39,3,0
9190,0,0,447,0,646,511,34,607,39,3,0
9194,0,0,447,0,647,511,34,591,39,3,0
9198,0,0,447,0,648,512,34,578,39,3,0
9202,0,0,448,0,648,513,34,568,39,3,0
9206,0,0,449,0,649,513,34,558,39,3,0
9210,0,0,448,0,650,514,34,556,39,3,0
9214,0,0,450,0,650,515,34,553,39,3,0
9218,0,0,450,0,651,515,34,557,39,3,0
9222,0,0,449,0,651,516,34,562,39,3,0
9226,0,0,450,0,651,516,34,569,39,3,0
9230,0,0,451,0,652,516,34,585,39,3,0
9234,0,0,451,0,652,517,34,588,39,3,0
9238,0,0,451,0,652,517,34,589,39,3,0
9242,0,0,451,0,652,517,34,587,39,3,0
9246,0,0,450,0,652,517,34,588,39,3,0
9250,0,0,450,0,652,517,34,590,39,3,0
9254,0,0,450,0,652,517,34,599,39,3,0
9258,0,0,450,0,652,517,34,604,39,3,0
9262,0,0,451,0,652,517,34,607,39,3,0
9266,0,0,451,0,651,517,33,607,39,3,0
9270,0,0,452,0,651,516,34,607,39,3,0
9274,0,0,452,0,651,516,34,612,39,3,0
9278,0,0,451,0,650,515,34,633,39,3,0
9282,0,0,450,0,650,515,34,641,39,3,0
9286,0,0,450,0,649,515,33,646,39,3,0
9290,0,0,451,0,649,515,33,652,39,3,0
9294,0,0,451,0,648,514,33,655,39,3,0
9298,0,0,451,0,648,514,33,656,39,3,0
9302,0,0,450,0,647,513,33,660,39,3,0
9306,0,0,450,0,647,513,33,659,39,3,0
9310,0,0,450,0,646,513,33,655,39,3,0
9314,0,0,450,0,646,512,33,641,39,3,0
9318,0,0,450,0,645,512,33,636,39,3,0
9322,0,0,450,0,645,511,33,636,39,3,0
9326,0,0,450,0,644,511,33,643,39,3,0
9330,0,0,449,0,644,511,33,649,39,3,0
9334,0,0,450,0,644,510,33,652,38,3,0
9338,0,0,450,0,643,510,33,654,38,3,0
9342,0,0,450,0,643,509,33,653,38,3,0
9346,0,0,449,0,643,509,33,649,38,3,0
9350,0,0,448,0,642,509,33,648,38,3,0
9354,0,0,448,0,642,508,33,648,38,3,0
9358,0,0,448,0,642,508,33,644,38,3,0
9362,0,0,448,0,642,508,33,641,38,3,0
9366,0,0,448,0,642,507,34,638,38,3,0
9370,0,0,448,0,641,507,33,630,38,3,0
9374,0,0,449,0,641,507,33,627,38,3,0
9378,0,0,448,0,641,507,33,624,38,3,0
9382,0,0,448,0,641,507,33,621,38,3,0
9386,0,0,448,0,641,506,34,620,38,3,0
9390,0,0,448,0,641,506,34,619,38,3,0
9394,0,0,448,0,640,506,33,617,38,3,0
9398,0,0,447,0,640,506,33,619,38,3,0
9402,0,0,448,0,640,505,34,621,38,3,0
9406,0,0,447,0,640,505,34,629,38,3,0
9410,0,0,447,0,639,505,33,633,38,3,0
9414,0,0,447,0,639,505,33,636,38,3,0
9418,0,0,447,0,639,505,33,637,38,3,0
9422,0,0,448,0,639,505,33,636,38,3,0
9426,0,0,448,0,638,504,33,636,38,3,0
9430,0,0,448,0,638,504,33,632,38,3,0
9434,0,0,448,0,638,504,33,631,38,3,0
9438,0,0,447,0,638,504,33,629,38,3,0
9442,0,0,448,0,638,504,33,629,38,3,0
9446,0,0,447,0,638,504,33,629,38,3,0
9450,0,0,447,0,638,504,33,630,38,3,0
9454,0,0,447,0,638,504,33,632,38,3,0
9458,0,0,447,0,638,504,33,631,38,3,0
9462,0,0,447,0,638,504,33,630,38,3,0
9466,0,0,447,0,638,504,33,626,38,3,0
9470,0,0,447,0,638,504,33,624,38,3,0
9474,0,0,447,0,638,504,33,622,38,3,0
9478,0,0,447,0,638,504,33,618,38,3,0
9482,0,0,447,0,638,504,33,619,38,3,0
9486,0,0,446,0,638,504,33,619,38,3,0
9490,0,0,447,0,638,504,33,618,38,3,0
9494,0,0,447,0,638,504,33,617,38,3,0
9498,0,0,447,0,639,504,34,616,38,3,0
9502,0,0,447,0,639,504,34,614,38,3,0
9506,0,0,447,0,639,504,34,615,38,3,0
9510,0,0,448,0,639,505,34,617,38,3,0
9514,0,0,448,0,639,505,33,620,38,3,0
9518,0,0,447,0,639,505,33,622,38,3,0
9522,0,0,447,0,639,505,33,623,38,3,0
9526,0,0,447,0,639,505,33,625,38,3,0
9530,0,0,447,0,639,505,33,626,38,3,0
9534,0,0,447,0,640,505,34,625,38,3,0
9538,0,0,447,0,640,505,34,624,38,3,0
9542,0,0,446,0,640,505,34,624,38,3,0
9546,0,0,446,0,640,506,33,625,38,3,0
9550,0,0,446,0,640,506,33,623,38,3,0
9554,0,0,448,0,641,506,34,623,38,3,0
9558,0,0,446,0,641,506,34,623,38,3,0
9562,0,0,447,0,641,507,33,626,38,3,0
9566,0,0,447,0,642,507,34,626,38,3,0
9570,0,0,446,0,642,507,34,627,38,3,0
9574,0,0,446,0,642,508,33,627,38,3,0
9578,0,0,446,0,643,508,34,628,38,3,0
9582,0,0,446,0,643,509,33,628,38,3,0
9586,0,0,446,0,644,509,34,629,38,3,0
9590,0,0,446,0,644,510,33,628,38,3,0
9594,0,0,446,0,645,511,33,629,39,3,0
9598,0,0,446,0,646,511,34,626,39,3,0
9602,0,0,446,0,646,512,33,620,39,3,0
9606,0,0,446,0,647,513,33,616,39,3,0
9610,0,0,446,0,648,514,33,596,39,3,0
9614,0,0,446,0,648,515,33,576,39,3,0
9618,0,0,447,0,649,515,33,558,39,3,0
9622,0,0,448,0,650,516,33,540,39,3,0
9626,0,0,448,0,651,517,33,538,39,3,0
9630,0,0,449,0,652,518,33,535,39,3,0
9634,0,0,449,0,652,518,33,540,39,3,0
9638,0,0,450,0,653,519,33,549,39,3,0
9642,0,0,450,0,653,519,33,556,39,3,0
9646,0,0,450,0,653,520,33,570,39,3,0
9650,0,0,450,0,654,520,33,573,39,3,0
9654,0,0,450,0,654,520,33,574,39,3,0
9658,0,0,451,0,654,520,33,575,39,3,0
9662,0,0,451,0,654,520,33,576,39,3,0
9666,0,0,451,0,654,520,33,581,39,3,0
9670,0,0,451,0,654,520,33,586,39,3,0
9674,0,0,452,0,654,520,33,590,39,3,0
9678,0,0,452,0,654,520,33,595,39,3,0
9682,0,0,452,0,653,520,33,616,39,3,0
9686,0,0,452,0,653,519,33,629,39,3,0
9690,0,0,452,0,652,519,33,643,39,3,0
9694,0,0,451,0,652,519,33,653,39,3,0
9698,0,0,451,0,651,519,33,656,39,3,0
9702,0,0,451,0,651,518,33,660,39,3,0
9706,0,0,451,0,650,518,33,661,39,3,0
9710,0,0,450,0,650,517,33,664,39,3,0
9714,0,0,450,0,649,517,33,665,39,3,0
9718,0,0,449,0,649,517,33,657,39,3,0
9722,0,0,450,0,649,516,33,652,39,3,0
9726,0,0,449,0,648,516,33,648,39,3,0
9730,0,0,450,0,648,516,33,650,39,3,0
9734,0,0,450,0,648,516,33,654,39,3,0
9738,0,0,449,0,648,515,33,657,39,3,0
9742,0,0,449,0,647,515,33,652,39,3,0
9746,0,0,449,0,647,515,33,647,39,3,0
9750,0,0,449,0,647,515,33,644,39,3,0
9754,0,0,450,0,647,515,33,637,39,3,0
9758,0,0,449,0,647,515,33,635,39,3,0
9762,0,0,449,0,647,515,33,635,39,3,0
9766,0,0,449,0,647,515,33,631,39,3,0
9770,0,0,448,0,647,514,33,627,39,3,0
9774,0,0,449,0,647,514,33,622,39,3,0
9778,0,0,449,0,647,514,33,615,39,3,0
9782,0,0,449,0,647,514,33,612,39,3,0
9786,0,0,449,0,647,514,33,610,39,3,0
9790,0,0,449,0,646,514,33,608,39,3,0
9794,0,0,449,0,646,514,33,608,39,3,0
9798,0,0,449,0,646,514,33,609,39,3,0
9802,0,0,449,0,646,514,33,610,39,3,0
9806,0,0,449,0,646,513,33,610,39,3,0
9810,0,0,449,0,646,513,33,611,39,3,0
9814,0,0,448,0,645,513,33,612,39,3,0
9818,0,0,449,0,645,513,33,612,39,3,0
9822,0,0,449,0,645,512,33,612,39,3,0
9826,0,0,449,0,645,512,33,617,39,3,0
9830,0,0,449,0,644,511,33,618,39,3,0
9834,0,0,449,0,644,511,33,620,39,3,0
9838,0,0,449,0,644,511,33,625,39,3,0
9842,0,0,449,0,643,510,33,625,38,3,0
9846,0,0,450,0,643,509,33,629,38,3,0
9850,0,0,449,0,642,509,33,645,38,3,0
9854,0,0,449,0,642,508,33,656,38,3,0
9858,0,0,448,0,641,508,33,664,38,3,0
9862,0,0,449,0,641,507,33,670,38,3,0
9866,0,0,448,0,640,507,33,672,38,3,0
9870,0,0,447,0,640,507,33,675,38,3,0
9874,0,0,447,0,640,506,33,671,38,3,0
9878,0,0,447,0,639,506,33,665,38,3,0
9882,0,0,447,0,639,506,33,660,38,3,0
9886,0,0,447,0,639,506,33,650,38,3,0
9890,0,0,447,0,639,506,33,646,38,3,0
9894,0,0,447,0,639,505,33,646,38,3,0
9898,0,0,446,0,639,506,33,644,38,3,0
9902,0,0,447,0,639,506,33,642,38,3,0
9906,0,0,446,0,639,506,33,638,38,3,0
9910,0,0,446,0,639,506,33,629,38,3,0
9914,0,0,446,0,639,506,33,626,38,3,0
9918,0,0,447,0,639,506,33,624,38,3,0
9922,0,0,447,0,640,507,33,622,38,3,0
9926,0,0,446,0,640,507,33,622,38,3,0
9930,0,0,446,0,640,507,33,619,38,3,0
9934,0,0,445,0,641,507,33,614,38,3,0
9938,0,0,445,0,641,508,33,614,38,3,0
9942,0,0,446,0,641,508,33,616,38,3,0
9946,0,0,446,0,642,509,33,614,38,3,0
9950,0,0,446,0,642,509,33,610,38,3,0
9954,0,0,445,0,643,509,33,607,38,3,0
9958,0,0,445,0,643,510,33,607,38,3,0
9962,0,0,446,0,643,511,33,604,38,3,0
9966,0,0,446,0,644,511,33,600,39,3,0
9970,0,0,447,0,644,511,33,592,39,3,0
9974,0,0,446,0,645,512,33,587,39,3,0
9978,0,0,447,0,645,513,33,583,39,3,0
9982,0,0,447,0,646,513,33,580,39,3,0
9986,0,0,447,0,646,513,33,579,39,3,0
9990,0,0,447,0,646,514,33,580,39,3,0
9994,0,0,447,0,647,514,33,579,39,3,0
9998,0,0,448,0,647,515,33,578,39,3,0
10002,0,0,449,0,647,515,33,578,39,3,0
10006,0,0,449,0,648,515,33,582,39,3,0
10010,0,0,449,0,648,515,33,587,39,3,0
10014,0,0,448,0,648,515,33,594,39,3,0
10018,0,0,448,0,648,515,33,603,39,3,0
10022,0,0,448,0,648,515,33,605,39,3,0
10026,0,0,448,0,648,515,33,607,39,3,0
10030,0,0,448,0,648,515,33,609,39,3,0
10034,0,0,449,0,648,515,33,610,39,3,0
10038,0,0,449,0,648,515,33,613,39,3,0
10042,0,0,448,0,647,515,33,618,39,3,0
10046,0,0,449,0,647,515,33,619,39,3,0
10050,0,0,449,0,647,515,33,619,39,3,0
10054,0,0,449,0,647,515,33,621,39,3,0
10058,0,0,449,0,647,515,33,624,39,3,0
10062,0,0,449,0,646,514,33,629,39,3,0
10066,0,0,448,0,646,514,33,635,39,3,0
10070,0,0,449,0,646,514,33,638,39,3,0
10074,0,0,448,0,645,514,33,639,39,3,0
10078,0,0,449,0,645,513,33,640,39,3,0
10082,0,0,448,0,645,513,33,640,39,3,0
10086,0,0,448,0,645,513,33,637,39,3,0
10090,0,0,448,0,644,513,33,631,39,3,0
10094,0,0,447,0,644,513,33,627,39,3,0
10098,0,0,448,0,644,513,33,626,39,3,0
10102,0,0,448,0,644,512,33,624,39,3,0
10106,0,0,448,0,643,512,33,625,39,3,0
10110,0,0,449,0,643,512,33,626,39,3,0
10114,0,0,449,0,643,512,33,625,39,3,0
10118,0,0,449,0,643,511,33,624,38,3,0
10122,0,0,448,0,642,511,33,623,38,3,0
10126,0,0,448,0,642,511,33,622,38,3,0
10130,0,0,447,0,642,511,33,623,38,3,0
10134,0,0,448,0,641,510,33,625,38,3,0
10138,0,0,448,0,641,510,33,631,38,3,0
10142,0,0,449,0,641,509,33,637,38,3,0
10146,0,0,448,0,641,509,33,644,38,3,0
10150,0,0,448,0,640,509,33,653,38,3,0
10154,0,0,446,0,640,509,33,655,38,3,0
10158,0,0,447,0,640,508,33,657,38,3,0
10162,0,0,447,0,640,508,33,656,38,3,0
10166,0,0,447,0,639,508,33,655,38,3,0
10170,0,0,447,0,639,508,33,651,38,3,0
10174,0,0,447,0,639,508,33,643,38,3,0
10178,0,0,446,0,639,508,33,639,38,3,0
10182,0,0,447,0,639,508,33,637,38,3,0
10186,0,0,447,0,639,508,33,632,38,3,0
10190,0,0,446,0,639,508,33,631,38,3,0
10194,0,0,446,0,639,508,33,628,38,3,0
10198,0,0,446,0,640,508,33,623,38,3,0
10202,0,0,447,0,640,508,33,620,38,3,0
10206,0,0,447,0,640,509,33,619,38,3,0
10210,0,0,446,0,640,509,33,617,38,3,0
10214,0,0,446,0,640,509,33,617,38,3,0
10218,0,0,446,0,640,509,33,618,38,3,0
10222,0,0,446,0,640,509,33,621,38,3,0
10226,0,0,445,0,641,510,33,621,38,3,0
10230,0,0,445,0,641,510,33,620,38,3,0
10234,0,0,446,0,641,510,33,621,38,3,0
10238,0,0,446,0,641,510,33,623,38,3,0
10242,0,0,447,0,642,511,33,624,38,3,0
10246,0,0,446,0,642,511,33,627,38,3,0
10250,0,0,445,0,642,511,33,627,38,3,0
10254,0,0,445,0,643,512,33,625,39,3,0
10258,0,0,445,0,643,512,33,624,39,3,0
10262,0,0,446,0,644,513,33,624,39,3,0
10266,0,0,446,0,644,513,33,626,39,3,0
10270,0,0,445,0,645,514,33,624,39,3,0
10274,0,0,444,0,645,515,32,621,39,3,0
10278,0,0,445,0,646,515,33,619,39,3,0
10282,0,0,446,0,646,516,32,598,39,3,0
10286,0,0,445,0,647,517,32,584,39,3,0
10290,0,0,446,0,648,517,33,572,39,3,0
10294,0,0,447,0,648,518,32,560,39,3,0
10298,0,0,447,0,649,519,32,557,39,3,0
10302,0,0,448,0,649,519,32,554,39,3,0
10306,0,0,448,0,650,520,33,555,39,3,0
10310,0,0,448,0,650,520,32,561,39,3,0
10314,0,0,448,0,651,521,32,568,39,3,0
10318,0,0,448,0,651,521,32,581,39,3,0
10322,0,0,449,0,651,521,32,586,39,3,0
10326,0,0,449,0,651,521,32,590,39,3,0
10330,0,0,449,0,652,521,33,591,39,3,0
10334,0,0,450,0,652,521,33,594,39,3,0
10338,0,0,449,0,652,521,33,596,39,3,0
10342,0,0,449,0,652,521,33,605,39,3,0
10346,0,0,449,0,652,521,33,609,39,3,0
10350,0,0,449,0,651,521,32,612,39,3,0
10354,0,0,450,0,651,521,32,615,39,3,0
10358,0,0,450,0,651,521,32,614,39,3,0
10362,0,0,449,0,651,521,32,614,39,3,0
10366,0,0,450,0,651,521,32,621,39,3,0
10370,0,0,449,0,650,521,32,628,39,3,0
10374,0,0,449,0,650,520,32,634,39,3,0
10378,0,0,449,0,650,520,32,639,39,3,0
10382,0,0,449,0,649,520,32,642,39,3,0
10386,0,0,449,0,649,519,32,641,39,3,0
10390,0,0,449,0,649,519,32,645,39,3,0
10394,0,0,449,0,648,519,32,647,39,3,0
10398,0,0,448,0,648,519,32,648,39,3,0
10402,0,0,448,0,648,518,32,639,39,3,0
10406,0,0,448,0,647,518,32,635,39,3,0
10410,0,0,449,0,647,518,32,631,39,3,0
10414,0,0,449,0,647,517,32,627,39,3,0
10418,0,0,448,0,646,517,32,629,39,3,0
10422,0,0,448,0,646,517,32,632,39,3,0
10426,0,0,447,0,646,517,32,633,39,3,0
10430,0,0,448,0,645,516,32,635,39,3,0
10434,0,0,448,0,645,516,32,636,39,3,0
10438,0,0,449,0,645,515,32,640,39,3,0
10442,0,0,448,0,645,515,32,641,39,3,0
10446,0,0,448,0,644,515,32,645,39,3,0
10450,0,0,448,0,644,515,32,647,39,3,0
10454,0,0,447,0,644,514,32,646,39,3,0
10458,0,0,447,0,644,514,32,643,39,3,0
10462,0,0,447,0,644,514,32,638,39,3,0
10466,0,0,447,0,643,513,33,635,39,3,0
10470,0,0,447,0,643,513,32,633,39,3,0
10474,0,0,447,0,643,513,32,629,39,3,0
10478,0,0,447,0,643,513,32,627,39,3,0
10482,0,0,447,0,643,513,32,625,39,3,0
10486,0,0,447,0,643,513,32,621,39,3,0
10490,0,0,447,0,643,512,33,620,39,3,0
10494,0,0,447,0,642,512,32,619,38,3,0
10498,0,0,447,0,642,512,32,623,38,3,0
10502,0,0,448,0,642,512,32,626,38,3,0
10506,0,0,447,0,642,512,32,629,38,3,0
10510,0,0,446,0,642,511,33,630,38,3,0
10514,0,0,446,0,641,511,32,631,38,3,0
10518,0,0,446,0,641,511,32,632,38,3,0
10522,0,0,447,0,641,511,32,630,38,3,0
10526,0,0,446,0,641,511,32,627,38,3,0
10530,0,0,447,0,641,511,32,627,38,3,0
10534,0,0,447,0,641,511,32,624,38,3,0
10538,0,0,447,0,641,511,32,624,38,3,0
10542,0,0,447,0,641,511,32,624,38,3,0
10546,0,0,447,0,641,510,33,627,38,3,0
10550,0,0,447,0,641,510,33,627,38,3,0
10554,0,0,447,0,641,510,33,627,38,3,0
10558,0,0,447,0,641,510,33,625,38,3,0
10562,0,0,447,0,641,510,33,625,38,3,0
10566,0,0,447,0,641,510,33,624,38,3,0
10570,0,0,447,0,641,510,33,622,38,3,0
10574,0,0,446,0,641,510,33,621,38,3,0
10578,0,0,447,0,641,510,33,621,38,3,0
10582,0,0,447,0,641,510,33,621,38,3,0
10586,0,0,446,0,641,511,32,620,38,3,0
10590,0,0,447,0,641,511,32,621,38,3,0
10594,0,0,447,0,641,511,32,619,38,3,0
10598,0,0,446,0,641,511,32,620,38,3,0
10602,0,0,446,0,641,511,32,621,38,3,0
10606,0,0,446,0,641,511,32,622,38,3,0
10610,0,0,446,0,641,511,32,622,38,3,0
10614,0,0,447,0,641,511,32,622,38,3,0
10618,0,0,446,0,641,511,32,623,38,3,0
10622,0,0,447,0,641,511,32,623,38,3,0
10626,0,0,446,0,641,511,32,624,38,3,0
10630,0,0,446,0,641,511,32,626,38,3,0
10634,0,0,446,0,642,511,33,626,38,3,0
10638,0,0,446,0,642,511,33,625,38,3,0
10642,0,0,445,0,642,511,33,624,38,3,0
10646,0,0,445,0,642,512,32,624,38,3,0
10650,0,0,445,0,642,512,32,623,38,3,0
10654,0,0,446,0,642,512,32,624,38,3,0
10658,0,0,445,0,642,512,32,624,38,3,0
10662,0,0,445,0,643,513,32,624,39,3,0
10666,0,0,446,0,643,513,32,625,39,3,0
10670,0,0,446,0,643,513,32,624,39,3,0
10674,0,0,445,0,643,513,32,625,39,3,0
10678,0,0,446,0,644,513,33,626,39,3,0
10682,0,0,446,0,644,514,32,627,39,3,0
10686,0,0,445,0,644,514,32,627,39,3,0
10690,0,0,445,0,645,515,32,627,39,3,0
10694,0,0,446,0,645,515,32,626,39,3,0
10698,0,0,445,0,646,516,32,627,39,3,0
10702,0,0,445,0,646,516,32,626,39,3,0
10706,0,0,445,0,647,517,32,626,39,3,0
10710,0,0,445,0,648,517,33,627,39,3,0
10714,0,0,445,0,648,518,32,628,39,3,0
10718,0,0,445,0,649,519,32,619,39,3,0
10722,0,0,445,0,650,520,33,604,39,3,0
10726,0,0,445,0,650,521,32,570,39,3,0
10730,0,0,446,0,651,521,32,560,39,3,0
10734,0,0,446,0,652,522,32,547,39,3,0
10738,0,0,447,0,653,523,32,537,39,3,0
10742,0,0,448,0,653,523,32,539,39,3,0
10746,0,0,448,0,654,524,32,540,39,3,0
10750,0,0,448,0,654,525,32,553,39,3,0
10754,0,0,448,0,655,525,32,562,39,3,0
10758,0,0,448,0,655,525,32,567,39,3,0
10762,0,0,448,0,655,525,32,573,39,3,0
10766,0,0,449,0,656,525,33,575,39,3,0
10770,0,0,449,0,656,526,32,576,39,4,0
10774,0,0,449,0,656,526,32,584,39,4,0
10778,0,0,450,0,656,526,32,590,39,4,0
10782,0,0,450,0,656,525,33,592,39,3,0
10786,0,0,450,0,655,525,32,598,39,3,0
10790,0,0,450,0,655,525,32,605,39,3,0
10794,0,0,450,0,655,525,32,617,39,3,0
10798,0,0,450,0,654,525,32,645,39,3,0
10802,0,0,449,0,654,524,32,649,39,3,0
10806,0,0,449,0,653,524,32,652,39,3,0
10810,0,0,450,0,653,524,32,658,39,3,0
10814,0,0,449,0,652,523,32,657,39,3,0
10818,0,0,449,0,652,523,32,657,39,3,0
10822,0,0,448,0,651,523,32,657,39,3,0
10826,0,0,448,0,651,523,32,653,39,3,0
10830,0,0,448,0,651,522,32,647,39,3,0
10834,0,0,448,0,650,522,32,641,39,3,0
10838,0,0,448,0,650,522,32,642,39,3,0
10842,0,0,448,0,650,521,32,644,39,3,0
10846,0,0,448,0,650,521,32,653,39,3,0
10850,0,0,448,0,649,521,32,655,39,3,0
10854,0,0,447,0,649,521,32,654,39,3,0
10858,0,0,447,0,649,521,32,649,39,3,0
10862,0,0,448,0,649,520,32,646,39,3,0
10866,0,0,447,0,649,520,32,645,39,3,0
10870,0,0,447,0,649,520,32,644,39,3,0
10874,0,0,448,0,648,520,32,643,39,3,0
10878,0,0,447,0,648,520,32,640,39,3,0
10882,0,0,447,0,648,520,32,632,39,3,0
10886,0,0,446,0,648,520,32,629,39,3,0
10890,0,0,446,0,648,520,32,626,39,3,0
10894,0,0,447,0,648,520,32,620,39,3,0
10898,0,0,447,0,648,520,32,617,39,3,0
10902,0,0,447,0,648,520,32,612,39,3,0
10906,0,0,447,0,648,520,32,607,39,3,0
10910,0,0,448,0,648,520,32,606,39,3,0
10914,0,0,446,0,648,520,32,607,39,3,0
10918,0,0,446,0,648,520,32,613,39,3,0
10922,0,0,447,0,648,519,32,616,39,3,0
10926,0,0,446,0,648,519,32,617,39,3,0
10930,0,0,446,0,648,519,32,616,39,3,0
10934,0,0,446,0,648,519,32,617,39,3,0
10938,0,0,446,0,648,519,32,616,39,3,0
10942,0,0,446,0,648,519,32,617,39,3,0
10946,0,0,448,0,647,519,32,617,39,3,0
10950,0,0,447,0,647,518,32,616,39,3,0
10954,0,0,448,0,647,518,32,615,39,3,0
10958,0,0,448,0,647,518,32,614,39,3,0
10962,0,0,447,0,646,517,32,614,39,3,0
10966,0,0,447,0,646,517,32,618,39,3,0
10970,0,0,446,0,646,517,32,620,39,3,0
10974,0,0,446,0,646,516,32,623,39,3,0
10978,0,0,447,0,645,516,32,628,39,3,0
10982,0,0,448,0,645,515,32,630,39,3,0
10986,0,0,447,0,645,515,32,631,39,3,0
10990,0,0,447,0,644,515,32,634,39,3,0
10994,0,0,446,0,644,514,32,635,39,3,0
10998,0,0,447,0,644,514,32,634,39,3,0
11002,0,0,447,0,643,513,32,635,39,3,0
11006,0,0,446,0,643,513,32,639,39,3,0
,,,,,,,,,,,
