0,0,0,565,0,0,0,0,601,0,0,0
3,0,0,565,0,0,0,0,601,0,0,0
7,0,0,565,0,0,0,0,601,0,0,0
11,0,0,564,0,0,0,0,602,0,0,0
15,0,0,564,0,0,0,0,603,0,0,0
19,0,0,564,0,0,0,0,604,0,0,0
23,0,0,564,0,0,0,0,604,0,0,0
27,0,0,564,0,0,0,0,603,0,0,0
31,0,0,564,0,0,0,0,603,0,0,0
35,0,0,564,0,0,0,0,603,0,0,0
39,0,0,564,0,0,0,0,603,0,0,0
43,0,0,564,0,0,0,0,603,0,0,0
47,0,0,564,0,0,1,0,603,0,0,0
51,0,0,564,0,0,1,0,601,0,0,0
55,0,0,564,0,0,1,0,601,0,0,0
59,0,0,564,0,0,1,0,602,0,0,0
63,0,0,564,0,0,1,0,601,0,0,0
67,0,0,564,0,0,1,0,602,0,0,0
71,0,0,563,0,0,2,0,601,0,0,0
75,0,0,564,0,0,2,0,602,0,0,0
79,0,0,564,0,0,2,0,601,0,0,0
83,0,0,564,0,0,2,0,601,0,0,0
87,0,0,564,0,0,3,0,601,0,0,0
91,0,0,564,0,0,3,0,600,0,0,0
95,0,0,564,0,0,3,0,600,0,0,0
99,0,0,564,0,1,3,0,600,0,0,0
103,0,0,564,0,1,4,0,599,0,0,0
107,0,0,564,0,1,4,0,599,0,0,0
111,0,0,564,0,1,4,0,599,0,0,0
115,0,0,565,0,2,4,0,599,0,0,0
119,0,0,566,0,2,4,0,598,0,0,0
123,0,0,565,0,2,5,0,597,0,0,0
127,0,0,563,0,2,5,0,597,0,0,0
131,0,0,564,0,3,5,0,596,0,0,0
135,0,0,564,0,3,5,0,592,0,0,0
139,0,0,564,0,4,5,0,590,0,0,0
143,0,0,565,0,4,5,0,582,0,0,0
147,0,0,565,0,4,5,0,579,0,0,0
151,0,0,565,0,5,5,0,576,0,0,0
155,0,0,566,0,5,5,0,569,0,0,0
159,0,0,566,0,6,5,0,568,0,0,0
163,0,0,567,0,6,5,0,568,0,0,0
167,0,0,568,0,6,5,0,568,0,0,0
171,0,0,568,0,6,5,0,570,0,0,0
175,0,0,569,0,6,5,0,573,0,0,0
179,0,0,570,0,6,5,0,574,0,0,0
183,0,0,571,0,6,5,0,576,0,0,0
187,0,0,571,0,6,4,0,582,0,0,0
191,0,0,571,0,6,4,0,586,0,0,0
195,0,0,570,0,6,3,0,589,0,0,0
199,0,0,571,0,6,3,0,591,0,0,0
203,0,0,571,0,5,2,0,591,0,0,0
207,0,0,571,0,5,1,0,592,0,0,0
211,0,0,572,0,5,1,1,592,0,0,0
215,0,0,571,0,4,0,1,590,0,0,0
219,0,0,571,0,4,-1,1,587,0,0,0
223,0,0,570,0,3,-1,1,585,0,0,0
227,0,0,570,0,3,-2,1,586,0,0,0
231,0,0,571,0,2,-3,1,597,0,0,0
235,0,0,572,0,1,-4,1,603,0,0,0
239,0,0,571,0,0,-5,1,619,0,0,0
243,0,0,571,0,0,-6,1,625,0,0,0
247,0,0,571,0,-1,-7,1,633,0,0,0
251,0,0,571,0,-2,-8,1,649,0,0,0
255,0,0,571,0,-3,-9,1,659,0,0,0
259,0,0,570,0,-4,-10,1,667,0,0,0
263,0,0,569,0,-5,-11,1,676,0,0,0
267,0,0,570,0,-6,-12,1,677,0,0,0
271,0,0,570,0,-6,-13,1,672,0,0,0
275,0,0,570,0,-7,-14,1,667,0,0,0
279,0,0,570,0,-8,-15,1,658,0,0,0
283,0,0,569,0,-8,-15,1,642,0,0,0
287,0,0,568,0,-8,-16,2,638,0,0,0
291,0,0,568,0,-9,-17,2,635,0,0,0
295,0,0,565,0,-9,-17,2,629,0,0,0
299,0,0,563,0,-9,-18,2,623,0,0,0
303,0,0,563,0,-10,-19,2,607,-1,0,0
307,0,0,561,0,-10,-19,2,597,-1,0,0
311,0,0,561,0,-10,-20,2,587,-1,0,0
315,0,0,560,0,-10,-21,2,575,-1,0,0
319,0,0,561,0,-10,-21,2,576,-1,0,0
323,0,0,561,0,-11,-22,2,586,-1,0,0
327,0,0,561,0,-11,-22,2,591,-1,0,0
331,0,0,562,0,-11,-23,3,600,-1,0,0
335,0,0,561,0,-12,-24,3,618,-1,0,0
339,0,0,561,0,-12,-25,3,627,-1,0,0
343,0,0,561,0,-12,-25,3,635,-1,0,0
347,0,0,561,0,-12,-26,3,646,-1,0,0
351,0,0,561,0,-13,-27,3,648,-1,0,0
355,0,0,562,0,-13,-27,3,648,-1,0,0
359,0,0,563,0,-13,-28,3,647,-1,0,0
363,0,0,564,0,-13,-29,4,641,-1,0,0
367,0,0,564,0,-13,-29,4,622,-1,0,0
371,0,0,565,0,-13,-29,4,610,-1,0,0
375,0,0,566,0,-13,-30,4,600,-1,0,0
379,0,0,567,0,-12,-30,4,590,-1,0,0
383,0,0,567,0,-12,-30,4,587,-1,0,0
387,0,0,567,0,-12,-31,4,586,-1,0,0
391,0,0,567,0,-12,-31,4,584,-1,0,0
395,0,0,567,0,-12,-31,4,580,-1,0,0
399,0,0,567,0,-11,-31,5,578,-1,0,0
403,0,0,567,0,-11,-32,5,580,-1,0,0
407,0,0,568,0,-11,-32,5,584,-1,0,0
411,0,0,568,0,-11,-32,5,593,-1,0,0
415,0,0,567,0,-11,-32,5,598,-1,0,0
419,0,0,566,0,-10,-33,5,603,-1,0,0
423,0,0,565,0,-10,-33,5,610,-1,0,0
427,0,0,566,0,-10,-33,5,611,-1,0,0
431,0,0,565,0,-10,-33,5,609,-1,0,0
435,0,0,564,0,-10,-33,5,606,-1,0,0
439,0,0,564,0,-10,-33,5,602,-1,0,0
443,0,0,565,0,-9,-34,6,594,-1,0,0
447,0,0,566,0,-9,-34,6,591,-1,0,0
451,0,0,566,0,-9,-34,6,590,-1,0,0
455,0,0,568,0,-8,-34,6,588,-1,0,0
459,0,0,569,0,-8,-34,6,588,-1,0,0
463,0,0,568,0,-8,-34,6,588,-1,0,0
467,0,0,568,0,-7,-34,6,590,-1,0,0
471,0,0,568,0,-7,-34,6,592,-1,0,0
475,0,0,569,0,-7,-34,6,592,-1,0,0
479,0,0,569,0,-6,-34,7,590,-1,0,0
483,0,0,569,0,-6,-33,6,590,-1,0,0
487,0,0,568,0,-6,-33,6,588,-1,0,0
491,0,0,568,0,-6,-33,6,587,-1,0,0
495,0,0,569,0,-5,-33,7,583,-1,0,0
499,0,0,570,0,-5,-33,7,583,-1,0,0
503,0,0,570,0,-5,-33,7,582,-1,0,0
507,0,0,572,0,-4,-33,7,580,-1,0,0
511,0,0,572,0,-4,-33,7,580,-1,0,0
515,0,0,572,0,-4,-33,7,580,-1,0,0
519,0,0,574,0,-4,-33,7,581,-1,0,0
523,0,0,575,0,-4,-33,7,582,-1,0,0
527,0,0,576,0,-4,-33,7,584,-1,0,0
531,0,0,577,0,-4,-34,7,585,-1,0,0
535,0,0,578,0,-4,-34,7,587,-1,0,0
539,0,0,578,0,-4,-34,7,589,-1,0,0
543,0,0,578,0,-4,-34,7,589,-1,0,0
547,0,0,578,0,-4,-34,7,590,-1,0,0
551,0,0,578,0,-4,-34,7,596,-1,0,0
555,0,0,577,0,-4,-34,7,598,-1,0,0
559,0,0,577,0,-4,-34,7,603,-1,0,0
563,0,0,576,0,-4,-35,7,605,-1,0,0
567,0,0,576,0,-4,-35,7,607,-1,0,0
571,0,0,575,0,-4,-35,7,607,-1,0,0
575,0,0,574,0,-4,-35,7,607,-1,0,0
579,0,0,573,0,-4,-35,7,606,-1,0,0
583,0,0,574,0,-4,-35,7,599,-1,0,0
587,0,0,574,0,-4,-35,7,597,-1,0,0
591,0,0,574,0,-4,-35,7,594,-1,0,0
595,0,0,575,0,-4,-35,7,594,-1,0,0
599,0,0,576,0,-4,-36,8,594,-1,0,0
603,0,0,577,0,-4,-36,8,595,-1,0,0
607,0,0,577,0,-4,-36,8,596,-1,0,0
611,0,0,578,0,-4,-36,8,597,-1,0,0
615,0,0,578,0,-4,-36,8,600,-1,0,0
619,0,0,577,0,-4,-36,8,601,-1,0,0
623,0,0,577,0,-4,-36,8,602,-1,0,0
627,0,0,577,0,-4,-36,8,602,-1,0,0
631,0,0,577,0,-4,-37,8,602,-1,0,0
635,0,0,576,0,-4,-37,8,598,-1,0,0
639,0,0,576,0,-4,-37,8,596,-1,0,0
643,0,0,576,0,-4,-37,8,595,-1,0,0
647,0,0,576,0,-4,-37,8,595,-1,0,0
651,0,0,576,0,-4,-37,8,595,-1,0,0
655,0,0,577,0,-4,-37,8,596,-1,0,0
659,0,0,577,0,-4,-37,8,596,-1,0,0
663,0,0,577,0,-4,-38,8,597,-1,0,0
667,0,0,577,0,-4,-38,8,602,-1,0,0
671,0,0,576,0,-4,-38,8,603,-1,0,0
675,0,0,576,0,-4,-38,8,604,-1,0,0
679,0,0,576,0,-4,-38,8,603,-1,0,0
683,0,0,577,0,-4,-38,8,601,-1,0,0
687,0,0,576,0,-4,-39,8,598,-1,0,0
691,0,0,576,0,-4,-39,8,598,-1,0,0
695,0,0,576,0,-4,-39,8,597,-1,0,0
699,0,0,577,0,-4,-39,8,596,-1,0,0
703,0,0,576,0,-5,-39,8,595,-1,0,0
707,0,0,577,0,-5,-39,8,597,-1,0,0
711,0,0,577,0,-5,-40,8,598,-1,0,0
715,0,0,577,0,-5,-40,8,600,-1,0,0
719,0,0,578,0,-5,-40,8,601,-1,0,0
723,0,0,577,0,-5,-40,8,600,-1,0,0
727,0,0,576,0,-6,-41,8,602,-1,0,0
731,0,0,576,0,-6,-41,8,603,-1,0,0
735,0,0,576,0,-6,-41,8,603,-1,0,0
739,0,0,577,0,-6,-42,9,605,-1,0,0
743,0,0,577,0,-6,-42,9,605,-1,0,0
747,0,0,578,0,-7,-42,8,604,-1,0,0
751,0,0,579,0,-7,-43,9,605,-1,0,0
755,0,0,578,0,-7,-43,9,605,-1,0,0
759,0,0,578,0,-7,-43,9,605,-1,0,0
763,0,0,578,0,-8,-44,9,605,-1,0,0
767,0,0,578,0,-8,-44,9,605,-1,0,0
771,0,0,578,0,-8,-44,9,605,-1,0,0
775,0,0,578,0,-9,-45,9,605,-1,0,0
779,0,0,576,0,-9,-45,9,606,-1,0,0
783,0,0,578,0,-9,-46,9,606,-1,0,0
787,0,0,576,0,-10,-46,9,606,-1,0,0
791,0,0,576,0,-10,-47,9,608,-2,0,0
795,0,0,574,0,-10,-47,9,615,-2,0,0
799,0,0,573,0,-10,-48,9,619,-2,0,0
803,0,0,573,0,-11,-48,9,623,-2,0,0
807,0,0,573,0,-11,-49,9,626,-2,0,0
811,0,0,572,0,-11,-49,9,629,-2,0,0
815,0,0,569,0,-11,-49,9,631,-2,0,0
819,0,0,568,0,-12,-50,9,630,-2,0,0
823,0,0,568,0,-12,-50,9,626,-2,0,0
827,0,0,567,0,-12,-51,9,622,-2,0,0
831,0,0,565,0,-12,-51,9,617,-2,0,0
835,0,0,566,0,-12,-51,9,605,-2,0,0
839,0,0,566,0,-12,-51,9,599,-2,0,0
843,0,0,566,0,-12,-52,10,594,-2,0,0
847,0,0,568,0,-12,-52,10,589,-2,0,0
851,0,0,568,0,-11,-52,10,590,-2,0,0
855,0,0,569,0,-11,-53,10,591,-2,0,0
859,0,0,570,0,-11,-53,10,599,-2,0,0
863,0,0,570,0,-11,-53,10,603,-2,0,0
867,0,0,570,0,-11,-53,10,611,-2,0,0
871,0,0,570,0,-11,-54,10,614,-2,0,0
875,0,0,569,0,-11,-54,10,615,-2,0,0
879,0,0,569,0,-11,-54,10,614,-2,0,0
883,0,0,568,0,-11,-54,10,612,-2,0,0
887,0,0,569,0,-11,-55,11,609,-2,0,0
891,0,0,569,0,-11,-55,11,601,-2,0,0
895,0,0,569,0,-11,-55,11,598,-2,0,0
899,0,0,569,0,-11,-55,11,593,-2,0,0
903,0,0,570,0,-11,-55,11,594,-2,0,0
907,0,0,570,0,-10,-55,11,594,-2,0,0
911,0,0,571,0,-10,-56,11,597,-2,0,0
915,0,0,570,0,-10,-56,11,598,-2,0,0
919,0,0,570,0,-10,-56,11,601,-2,0,0
923,0,0,569,0,-10,-56,11,606,-2,0,0
927,0,0,570,0,-10,-56,11,605,-2,0,0
931,0,0,568,0,-10,-56,11,605,-2,0,0
935,0,0,567,0,-10,-56,11,604,-2,0,0
939,0,0,567,0,-10,-57,11,604,-2,0,0
943,0,0,567,0,-10,-57,11,600,-2,0,0
947,0,0,567,0,-9,-57,12,597,-2,0,0
951,0,0,567,0,-9,-57,12,596,-2,0,0
955,0,0,567,0,-9,-57,12,595,-2,0,0
959,0,0,568,0,-9,-57,12,596,-2,0,0
963,0,0,568,0,-9,-57,12,596,-2,0,0
967,0,0,568,0,-8,-57,12,599,-2,0,0
971,0,0,567,0,-8,-57,12,601,-2,0,0
975,0,0,568,0,-8,-57,12,605,-2,0,0
979,0,0,568,0,-8,-57,12,605,-2,0,0
983,0,0,568,0,-8,-57,12,606,-2,0,0
987,0,0,567,0,-7,-57,12,605,-2,0,0
991,0,0,567,0,-7,-57,12,603,-2,0,0
995,0,0,568,0,-7,-57,12,602,-2,0,0
999,0,0,569,0,-6,-57,12,599,-2,0,0
1003,0,0,568,0,-6,-57,12,597,-2,0,0
1007,0,0,568,0,-6,-57,12,597,-2,0,0
1011,0,0,569,0,-5,-57,13,596,-2,0,0
1015,0,0,569,0,-5,-57,13,595,-2,0,0
1019,0,0,571,0,-5,-57,13,589,-2,0,0
1023,0,0,572,0,-4,-57,13,588,-2,0,0
1027,0,0,571,0,-4,-57,13,587,-2,0,0
1031,0,0,573,0,-4,-57,13,585,-2,0,0
1035,0,0,574,0,-4,-57,13,584,-2,0,0
1039,0,0,575,0,-3,-57,13,586,-2,0,0
1043,0,0,577,0,-3,-57,13,588,-2,0,0
1047,0,0,577,0,-3,-57,13,589,-2,0,0
1051,0,0,578,0,-3,-57,13,592,-2,0,0
1055,0,0,579,0,-3,-58,13,592,-2,0,0
1059,0,0,579,0,-3,-58,13,594,-2,0,0
1063,0,0,580,0,-3,-58,13,597,-2,0,0
1067,0,0,580,0,-3,-58,13,600,-2,0,0
1071,0,0,580,0,-3,-58,13,603,-2,0,0
1075,0,0,579,0,-3,-58,13,603,-2,0,0
1079,0,0,579,0,-3,-58,13,604,-2,0,0
1083,0,0,579,0,-3,-58,13,606,-2,0,0
1087,0,0,578,0,-3,-58,13,606,-2,0,0
1091,0,0,577,0,-3,-58,13,604,-2,0,0
1095,0,0,577,0,-3,-58,13,603,-2,0,0
1099,0,0,576,0,-3,-59,14,603,-2,0,0
1103,0,0,576,0,-3,-59,14,602,-2,0,0
1107,0,0,576,0,-3,-59,14,601,-2,0,0
1111,0,0,576,0,-3,-59,14,601,-2,0,0
1115,0,0,577,0,-3,-59,14,601,-2,0,0
1119,0,0,577,0,-3,-59,14,601,-2,0,0
1123,0,0,578,0,-3,-59,14,602,-2,0,0
1127,0,0,578,0,-3,-59,14,602,-2,0,0
1131,0,0,578,0,-3,-59,14,603,-2,0,0
1135,0,0,578,0,-3,-59,14,603,-2,0,0
1139,0,0,578,0,-3,-59,14,603,-2,0,0
1143,0,0,578,0,-3,-59,14,602,-2,0,0
1147,0,0,578,0,-3,-59,14,602,-2,0,0
1151,0,0,578,0,-3,-59,14,601,-2,0,0
1155,0,0,578,0,-3,-59,14,601,-2,0,0
1159,0,0,578,0,-3,-59,14,601,-2,0,0
1163,0,0,578,0,-3,-59,14,600,-2,0,0
1167,0,0,578,0,-3,-59,14,601,-2,0,0
1171,0,0,577,0,-3,-59,14,602,-2,0,0
1175,0,0,577,0,-3,-59,14,602,-2,0,0
1179,0,0,577,0,-3,-59,14,603,-2,0,0
1183,0,0,577,0,-3,-59,14,603,-2,0,0
1187,0,0,578,0,-3,-59,14,602,-2,0,0
1191,0,0,578,0,-3,-59,14,601,-2,0,0
1195,0,0,577,0,-3,-59,14,601,-2,0,0
1199,0,0,577,0,-3,-59,14,601,-2,0,0
1203,0,0,577,0,-3,-59,14,602,-2,0,0
1207,0,0,577,0,-3,-59,14,602,-2,0,0
1211,0,0,577,0,-3,-59,14,603,-2,0,0
1215,0,0,577,0,-3,-59,14,603,-2,0,0
1219,0,0,577,0,-3,-59,14,603,-2,0,0
1223,0,0,577,0,-3,-59,14,602,-2,0,0
1227,0,0,577,0,-3,-59,14,601,-2,0,0
1231,0,0,577,0,-3,-59,14,601,-2,0,0
1235,0,0,577,0,-3,-59,14,602,-2,0,0
1239,0,0,577,0,-3,-59,14,602,-2,0,0
1243,0,0,577,0,-3,-59,14,602,-2,0,0
1247,0,0,577,0,-3,-59,14,603,-2,0,0
1251,0,0,578,0,-3,-59,14,603,-2,0,0
1255,0,0,577,0,-3,-59,14,603,-2,0,0
1259,0,0,577,0,-3,-59,14,603,-2,0,0
1263,0,0,578,0,-3,-59,14,603,-2,0,0
1267,0,0,577,0,-3,-59,14,603,-2,0,0
1271,0,0,577,0,-3,-59,14,603,-2,0,0
1275,0,0,577,0,-3,-59,14,604,-2,0,0
1279,0,0,577,0,-3,-59,14,604,-2,0,0
1283,0,0,577,0,-3,-59,14,603,-2,0,0
1287,0,0,577,0,-3,-59,14,604,-2,0,0
1291,0,0,577,0,-3,-59,14,604,-2,0,0
1295,0,0,577,0,-3,-59,14,604,-2,0,0
1299,0,0,577,0,-3,-59,14,604,-2,0,0
1303,0,0,577,0,-3,-59,14,604,-2,0,0
1307,0,0,577,0,-3,-59,14,604,-2,0,0
1311,0,0,577,0,-2,-59,14,604,-2,0,0
1315,0,0,577,0,-2,-59,14,604,-2,0,0
1319,0,0,576,0,-2,-59,14,605,-2,0,0
1323,0,0,577,0,-2,-59,14,604,-2,0,0
1327,0,0,577,0,-2,-59,14,605,-2,0,0
1331,0,0,577,0,-2,-59,14,605,-2,0,0
1335,0,0,577,0,-2,-59,14,604,-2,0,0
1339,0,0,577,0,-2,-59,14,605,-2,0,0
1343,0,0,577,0,-2,-59,14,605,-2,0,0
1347,0,0,576,0,-2,-59,14,604,-2,0,0
1351,0,0,576,0,-2,-59,14,604,-2,0,0
1355,0,0,577,0,-2,-59,14,604,-2,0,0
1359,0,0,577,0,-2,-59,14,604,-2,0,0
1363,0,0,577,0,-2,-59,14,603,-2,0,0
1367,0,0,577,0,-2,-59,14,603,-2,0,0
1371,0,0,578,0,-2,-59,14,604,-2,0,0
1375,0,0,577,0,-2,-59,14,605,-2,0,0
1379,0,0,577,0,-2,-59,14,606,-2,0,0
1383,0,0,577,0,-2,-59,14,607,-2,0,0
1387,0,0,577,0,-2,-59,14,608,-2,0,0
1391,0,0,576,0,-2,-59,14,608,-2,0,0
1395,0,0,577,0,-2,-59,14,607,-2,0,0
1399,0,0,577,0,-2,-59,14,607,-2,0,0
1403,0,0,577,0,-2,-59,14,607,-2,0,0
1407,0,0,576,0,-2,-59,14,607,-2,0,0
1411,0,0,576,0,-2,-59,14,607,-2,0,0
1415,0,0,576,0,-2,-59,14,608,-2,0,0
1419,0,0,576,0,-2,-59,14,608,-2,0,0
1423,0,0,576,0,-2,-59,14,608,-2,0,0
1427,0,0,576,0,-2,-59,14,608,-2,0,0
1431,0,0,576,0,-2,-59,14,608,-2,0,0
1435,0,0,576,0,-2,-59,14,609,-2,0,0
1439,0,0,577,0,-2,-59,14,609,-2,0,0
1443,0,0,577,0,-2,-59,14,608,-2,0,0
1447,0,0,577,0,-2,-59,14,609,-2,0,0
1451,0,0,577,0,-2,-59,14,608,-2,0,0
1455,0,0,577,0,-2,-59,14,609,-2,0,0
1459,0,0,576,0,-2,-59,14,610,-2,0,0
1463,0,0,576,0,-2,-59,14,611,-2,0,0
1467,0,0,576,0,-2,-59,14,610,-2,0,0
1471,0,0,576,0,-2,-59,14,611,-2,0,0
1475,0,0,575,0,-2,-59,14,610,-2,0,0
1479,0,0,576,0,-2,-59,14,611,-2,0,0
1483,0,0,577,0,-2,-59,14,610,-2,0,0
1487,0,0,577,0,-2,-59,14,610,-2,0,0
1491,0,0,577,0,-2,-59,14,612,-2,0,0
1495,0,0,576,0,-2,-59,14,612,-2,0,0
1499,0,0,577,0,-2,-59,14,612,-2,0,0
1503,0,0,576,0,-2,-58,14,612,-2,0,0
1507,0,0,577,0,-2,-58,14,612,-2,0,0
1511,0,0,577,0,-2,-58,14,612,-2,0,0
1515,0,0,577,0,-2,-58,14,612,-2,0,0
1519,0,0,576,0,-1,-58,14,612,-2,0,0
1523,0,0,577,0,-1,-58,14,611,-2,0,0
1527,0,0,578,0,-1,-58,14,611,-2,0,0
1531,0,0,578,0,-1,-58,14,610,-2,0,0
1535,0,0,579,0,0,-58,14,609,-2,0,0
1539,0,0,580,0,0,-57,14,608,-2,0,0
1543,0,0,580,0,0,-57,14,604,-2,0,0
1547,0,0,580,0,0,-57,14,606,-2,0,0
1551,0,0,581,0,0,-57,14,605,-2,0,0
1555,0,0,582,0,1,-57,14,605,-2,0,0
1559,0,0,582,0,1,-56,14,605,-1,0,0
1563,0,0,584,0,2,-56,14,605,-1,0,0
1567,0,0,586,0,2,-56,14,606,-1,0,0
1571,0,0,586,0,2,-55,14,605,-1,0,0
1575,0,0,587,0,3,-55,14,605,-1,0,0
1579,0,0,588,0,3,-54,14,604,-1,0,0
1583,0,0,589,0,4,-54,14,604,-1,0,0
1587,0,0,591,0,4,-53,14,603,-1,0,0
1591,0,0,592,0,5,-53,14,603,-1,0,0
1595,0,0,593,0,5,-52,14,603,-1,0,0
1599,0,0,596,0,6,-51,14,603,-1,0,0
1603,0,0,597,0,6,-51,14,603,-1,0,0
1607,0,0,600,0,7,-50,14,588,-1,0,0
1611,0,0,603,0,8,-49,14,575,-1,0,0
1615,0,0,607,0,8,-49,14,565,-1,0,0
1619,0,0,612,0,9,-48,14,555,-1,0,0
1623,0,0,616,0,10,-47,14,552,-1,0,0
1627,0,0,619,0,10,-47,14,551,-1,0,0
1631,0,0,623,0,11,-46,14,553,-1,0,0
1635,0,0,625,0,11,-45,14,559,-1,0,0
1639,0,0,628,0,12,-45,14,572,-1,0,0
1643,0,0,629,0,12,-44,14,577,-1,0,0
1647,0,0,629,0,12,-43,13,583,-1,0,0
1651,0,0,631,0,12,-43,13,595,-1,0,0
1655,0,0,631,0,12,-42,13,600,-1,0,0
1659,0,0,631,0,12,-41,13,609,-1,0,0
1663,0,0,631,0,12,-41,13,611,-1,0,0
1667,0,0,632,0,12,-40,13,611,-1,0,0
1671,0,0,632,0,13,-39,13,604,0,0,0
1675,0,0,632,0,13,-38,13,600,0,0,0
1679,0,0,632,0,13,-38,12,597,0,0,0
1683,0,0,633,0,13,-37,12,587,0,0,0
1687,0,0,633,0,13,-36,12,583,0,0,0
1691,0,0,634,0,13,-35,12,582,0,0,0
1695,0,0,636,0,13,-34,11,582,0,0,0
1699,0,0,636,0,13,-34,11,584,0,0,0
1703,0,0,637,0,13,-33,11,584,0,0,0
1707,0,0,637,0,13,-32,11,586,0,0,0
1711,0,0,637,0,13,-31,11,590,0,0,0
1715,0,0,638,0,13,-30,10,597,0,0,0
1719,0,0,638,0,12,-29,10,598,0,0,0
1723,0,0,638,0,12,-29,10,597,0,0,0
1727,0,0,639,0,12,-28,10,597,0,0,0
1731,0,0,639,0,12,-27,9,597,0,0,0
1735,0,0,639,0,12,-26,9,595,0,0,0
1739,0,0,640,0,12,-25,9,594,0,0,0
1743,0,0,640,0,11,-24,8,590,0,0,0
1747,0,0,641,0,11,-23,8,591,0,0,0
1751,0,0,641,0,11,-23,8,591,0,0,0
1755,0,0,642,0,10,-22,8,591,0,0,0
1759,0,0,641,0,10,-21,7,591,0,0,0
1763,0,0,641,0,10,-20,7,591,0,0,0
1767,0,0,641,0,10,-19,7,591,0,0,0
1771,0,0,641,0,9,-19,7,592,0,0,0
1775,0,0,641,0,9,-18,6,594,0,0,0
1779,0,0,641,0,8,-17,6,595,0,0,0
1783,0,0,641,0,8,-16,6,594,0,0,0
1787,0,0,641,0,7,-16,5,595,0,0,0
1791,0,0,641,0,7,-15,5,597,0,0,0
1795,0,0,639,0,6,-14,5,598,0,0,0
1799,0,0,640,0,6,-14,5,603,0,0,0
1803,0,0,640,0,5,-13,4,607,0,0,0
1807,0,0,640,0,4,-12,4,618,0,0,0
1811,0,0,638,0,4,-12,4,624,0,0,0
1815,0,0,638,0,4,-11,3,630,0,0,0
1819,0,0,637,0,3,-11,3,635,0,0,0
1823,0,0,636,0,2,-10,3,633,0,0,0
1827,0,0,634,0,2,-9,2,631,0,0,0
1831,0,0,632,0,2,-9,2,627,0,0,0
1835,0,0,630,0,2,-8,2,622,0,0,0
1839,0,0,629,0,1,-7,2,612,0,0,0
1843,0,0,628,0,1,-7,2,606,0,0,0
1847,0,0,625,0,1,-6,1,602,0,0,0
1851,0,0,625,0,1,-5,1,593,0,0,0
1855,0,0,624,0,0,-4,1,592,0,0,0
1859,0,0,623,0,0,-3,1,591,0,0,0
1863,0,0,623,0,0,-3,0,592,0,0,0
1867,0,0,622,0,0,-2,0,592,0,0,0
1871,0,0,622,0,0,-1,0,598,0,0,0
1875,0,0,623,0,-1,0,0,601,0,0,0
1879,0,0,622,0,-1,0,0,604,0,0,0
1883,0,0,622,0,-1,1,0,607,0,0,0
1887,0,0,621,0,-1,2,0,609,0,0,0
1891,0,0,620,0,-1,2,0,610,0,0,0
1895,0,0,618,0,-2,3,-1,611,0,0,0
1899,0,0,617,0,-2,4,-1,609,0,0,0
1903,0,0,617,0,-2,5,-1,606,0,0,0
1907,0,0,616,0,-2,5,-1,605,0,0,0
1911,0,0,615,0,-2,6,-2,603,0,0,0
1915,0,0,614,0,-2,7,-2,595,0,0,0
1919,0,0,612,0,-2,8,-2,594,0,0,0
1923,0,0,612,0,-2,9,-2,593,0,0,0
1927,0,0,611,0,-2,9,-2,594,0,0,0
1931,0,0,610,0,-2,10,-3,593,0,0,0
1935,0,0,610,0,-2,11,-3,595,0,0,0
1939,0,0,609,0,-2,12,-3,598,0,0,0
1943,0,0,609,0,-2,12,-3,600,0,0,0
1947,0,0,608,0,-2,13,-3,604,0,0,0
1951,0,0,608,0,-2,14,-4,604,0,0,0
1955,0,0,607,0,-2,15,-4,604,0,0,0
1959,0,0,606,0,-2,15,-4,604,0,0,0
1963,0,0,606,0,-1,16,-4,602,0,0,0
1967,0,0,605,0,-1,17,-4,598,0,0,0
1971,0,0,605,0,-1,17,-4,595,0,0,0
1975,0,0,604,0,-1,18,-4,595,0,0,0
1979,0,0,602,0,-1,19,-5,595,0,0,0
1983,0,0,601,0,-1,20,-5,596,0,0,0
1987,0,0,599,0,-1,20,-5,597,0,0,0
1991,0,0,598,0,-1,21,-5,599,0,0,0
1995,0,0,597,0,-1,22,-5,601,0,0,0
1999,0,0,596,0,0,22,-5,603,0,0,0
2003,0,0,594,0,0,23,-5,604,0,0,0
2007,0,0,593,0,0,24,-6,603,0,0,0
2011,0,0,592,0,0,25,-6,600,0,0,0
2015,0,0,591,0,0,25,-6,601,0,0,0
2019,0,0,589,0,0,26,-6,600,0,0,0
2023,0,0,589,0,1,27,-6,599,0,0,0
2027,0,0,589,0,1,27,-6,599,0,0,0
2031,0,0,588,0,1,28,-6,601,0,0,0
2035,0,0,589,0,2,29,-6,603,1,0,0
2039,0,0,588,0,2,29,-6,603,1,0,0
2043,0,0,586,0,2,30,-7,604,1,0,0
2047,0,0,586,0,2,31,-7,605,1,0,0
2051,0,0,584,0,3,32,-7,605,1,0,0
2055,0,0,583,0,3,32,-7,604,1,0,0
2059,0,0,582,0,4,33,-7,602,1,0,0
2063,0,0,582,0,4,34,-7,599,1,0,0
2068,0,0,579,0,5,35,-7,599,1,0,0
2071,0,0,579,0,5,35,-7,601,1,0,0
2075,0,0,577,0,6,36,-7,601,1,0,0
2079,0,0,576,0,6,37,-7,598,1,0,0
2083,0,0,575,0,7,38,-7,590,1,0,0
2087,0,0,574,0,7,38,-7,585,1,0,0
2091,0,0,573,0,8,39,-7,583,1,0,0
2095,0,0,572,0,8,40,-8,577,1,0,0
2099,0,0,571,0,8,41,-8,574,1,0,0
2103,0,0,571,0,9,41,-8,572,1,0,0
2107,0,0,572,0,9,42,-8,571,1,0,0
2111,0,0,572,0,10,43,-8,575,1,0,0
2115,0,0,572,0,10,43,-8,578,1,0,0
2119,0,0,572,0,10,44,-8,582,1,0,0
2123,0,0,572,0,11,44,-8,587,1,0,0
2127,0,0,572,0,11,44,-8,598,1,0,0
2131,0,0,573,0,11,45,-8,604,1,0,0
2135,0,0,572,0,12,45,-8,609,1,0,0
2139,0,0,572,0,12,45,-8,616,1,0,0
2143,0,0,572,0,12,46,-8,618,2,0,0
2147,0,0,571,0,12,46,-8,621,2,0,0
2151,0,0,572,0,12,46,-8,621,2,0,0
2155,0,0,571,0,13,47,-8,620,2,0,0
2159,0,0,571,0,13,47,-8,615,2,0,0
2163,0,0,570,0,14,47,-8,612,2,0,0
2167,0,0,569,0,14,48,-8,610,2,0,0
2171,0,0,568,0,14,48,-8,603,2,0,0
2175,0,0,567,0,14,48,-8,598,2,0,0
2179,0,0,567,0,15,49,-8,594,2,0,0
2183,0,0,567,0,15,49,-8,592,2,0,0
2187,0,0,567,0,15,49,-8,592,2,0,0
2191,0,0,567,0,16,50,-8,592,2,0,0
2195,0,0,566,0,16,50,-8,594,2,0,0
2199,0,0,566,0,16,50,-8,597,2,0,0
2203,0,0,565,0,16,51,-8,602,2,0,0
2207,0,0,565,0,16,51,-8,607,2,0,0
2211,0,0,564,0,17,51,-8,615,2,0,0
2215,0,0,564,0,17,51,-8,617,2,0,0
2219,0,0,564,0,17,51,-8,620,2,0,0
2223,0,0,565,0,17,51,-8,624,2,0,0
2227,0,0,565,0,18,51,-8,626,2,0,0
2231,0,0,565,0,18,51,-8,626,2,0,0
2235,0,0,565,0,18,52,-8,623,2,0,0
2239,0,0,565,0,18,52,-8,620,2,0,0
2243,0,0,565,0,19,52,-8,613,2,0,0
2247,0,0,565,0,19,52,-8,611,2,0,0
2251,0,0,567,0,19,53,-8,607,2,0,0
2255,0,0,565,0,20,53,-8,602,2,0,0
2259,0,0,565,0,20,53,-8,598,2,0,0
2263,0,0,565,0,20,53,-8,596,2,0,0
2267,0,0,564,0,21,54,-8,595,2,0,0
2271,0,0,565,0,21,54,-8,597,2,0,0
2275,0,0,565,0,22,54,-8,600,2,0,0
2279,0,0,566,0,22,54,-8,602,2,0,0
2283,0,0,565,0,22,55,-8,604,2,0,0
2287,0,0,565,0,22,55,-8,612,2,0,0
2291,0,0,565,0,23,55,-8,615,2,0,0
2295,0,0,565,0,23,55,-8,615,2,0,0
2299,0,0,565,0,24,55,-7,618,2,0,0
2303,0,0,565,0,24,55,-7,619,2,0,0
2307,0,0,564,0,24,56,-8,618,2,0,0
2311,0,0,564,0,25,56,-7,616,2,0,0
2315,0,0,564,0,26,56,-7,614,2,0,0
2319,0,0,565,0,26,56,-7,609,2,0,0
2323,0,0,563,0,26,57,-7,606,2,0,0
2327,0,0,563,0,27,57,-7,603,2,0,0
2331,0,0,563,0,28,57,-7,596,2,0,0
2335,0,0,562,0,28,58,-7,595,3,0,0
2339,0,0,562,0,29,58,-7,590,3,0,0
2343,0,0,563,0,30,59,-7,589,3,0,0
2347,0,0,564,0,30,59,-7,590,3,0,0
2351,0,0,562,0,31,59,-7,590,3,0,0
2355,0,0,562,0,31,59,-7,591,3,0,0
2359,0,0,562,0,32,60,-7,593,3,0,0
2363,0,0,562,0,32,60,-7,599,3,0,0
2367,0,0,562,0,33,60,-6,603,3,0,0
2371,0,0,563,0,34,61,-6,607,3,0,0
2375,0,0,563,0,34,61,-6,609,3,0,0
2379,0,0,562,0,35,61,-6,609,3,0,0
2383,0,0,563,0,36,62,-6,608,3,0,0
2387,0,0,563,0,36,62,-6,608,3,0,0
2391,0,0,562,0,37,62,-6,605,3,0,0
2395,0,0,563,0,38,63,-6,601,3,0,0
2399,0,0,563,0,38,63,-6,598,3,0,0
2403,0,0,563,0,39,64,-6,593,3,0,0
2407,0,0,563,0,40,64,-6,590,3,0,0
2411,0,0,563,0,41,65,-6,587,3,0,0
2415,0,0,563,0,41,65,-6,587,3,0,0
2419,0,0,563,0,42,65,-5,588,3,0,0
2423,0,0,563,0,43,66,-5,590,3,0,0
2427,0,0,563,0,44,66,-5,592,3,0,0
2431,0,0,563,0,44,67,-5,594,3,0,0
2435,0,0,563,0,45,67,-5,597,3,0,0
2439,0,0,562,0,46,68,-5,598,3,0,0
2443,0,0,562,0,47,68,-5,598,4,0,0
2447,0,0,563,0,48,68,-5,601,4,0,0
2451,0,0,563,0,48,69,-5,600,4,0,0
2455,0,0,563,0,49,69,-5,599,4,0,0
2459,0,0,563,0,50,70,-5,598,4,0,0
2463,0,0,564,0,51,70,-4,597,4,0,0
2467,0,0,564,0,52,71,-4,595,4,0,0
2471,0,0,564,0,53,71,-4,594,4,0,0
2475,0,0,563,0,54,72,-4,591,4,0,0
2479,0,0,565,0,54,72,-4,591,4,0,0
2483,0,0,565,0,55,73,-4,589,4,0,0
2487,0,0,566,0,56,73,-4,589,4,0,0
2491,0,0,566,0,57,74,-4,589,4,0,0
2495,0,0,568,0,58,74,-4,590,4,0,0
2499,0,0,567,0,59,75,-4,592,4,0,0
2503,0,0,568,0,60,75,-3,594,4,0,0
2507,0,0,567,0,61,76,-3,595,4,0,0
2511,0,0,568,0,62,77,-3,597,4,0,0
2515,0,0,568,0,63,77,-3,596,4,0,0
2519,0,0,568,0,64,78,-3,591,5,0,0
2523,0,0,569,0,64,78,-3,591,5,0,0
2527,0,0,569,0,66,79,-3,590,5,0,0
2531,0,0,570,0,66,80,-3,587,5,0,0
2535,0,0,570,0,67,80,-3,583,5,0,0
2539,0,0,571,0,68,81,-3,582,5,0,0
2543,0,0,571,0,69,81,-3,582,5,0,0
2547,0,0,571,0,70,82,-3,583,5,0,0
2551,0,0,572,0,71,83,-3,584,5,0,0
2555,0,0,572,0,72,83,-2,585,5,0,0
2559,0,0,572,0,73,84,-2,586,5,0,0
2563,0,0,573,0,74,85,-2,591,5,0,0
2567,0,0,573,0,74,85,-2,593,5,0,0
2571,0,0,573,0,75,86,-2,594,5,0,0
2575,0,0,573,0,76,86,-2,595,5,0,0
2579,0,0,574,0,77,87,-2,595,5,0,0
2583,0,0,575,0,78,88,-2,595,5,0,0
2587,0,0,576,0,79,88,-2,594,5,0,0
2591,0,0,576,0,80,89,-2,594,5,0,0
2595,0,0,578,0,80,89,-2,592,5,0,0
2599,0,0,578,0,81,90,-2,591,6,0,0
2603,0,0,578,0,82,91,-2,589,6,0,0
2607,0,0,579,0,83,91,-2,588,6,0,0
2611,0,0,579,0,84,92,-2,588,6,0,0
2615,0,0,580,0,84,93,-2,588,6,0,0
2619,0,0,580,0,85,93,-2,588,6,0,0
2623,0,0,580,0,86,94,-2,590,6,0,0
2627,0,0,580,0,87,95,-2,594,6,0,0
2631,0,0,580,0,87,95,-2,594,6,0,0
2635,0,0,582,0,88,96,-2,596,6,0,0
2639,0,0,581,0,89,96,-1,599,6,0,0
2643,0,0,581,0,89,97,-2,599,6,0,0
2647,0,0,581,0,90,98,-2,601,6,0,0
2651,0,0,581,0,91,98,-1,598,6,0,0
2655,0,0,582,0,91,99,-2,598,6,0,0
2659,0,0,582,0,92,99,-1,596,6,0,0
2663,0,0,582,0,93,100,-2,596,6,0,0
2667,0,0,582,0,93,101,-2,595,6,0,0
2671,0,0,583,0,94,101,-1,594,6,0,0
2675,0,0,583,0,94,102,-2,593,6,0,0
2679,0,0,584,0,95,103,-2,596,7,0,0
2683,0,0,585,0,96,103,-1,598,7,0,0
2687,0,0,586,0,96,104,-2,600,7,0,0
2691,0,0,586,0,96,104,-2,603,7,0,0
2695,0,0,586,0,97,105,-2,603,7,0,0
2699,0,0,587,0,98,106,-2,605,7,0,0
2703,0,0,587,0,98,106,-2,604,7,0,0
2707,0,0,587,0,99,107,-2,604,7,0,0
2711,0,0,588,0,99,107,-2,600,7,0,0
2715,0,0,588,0,100,108,-2,599,7,0,0
2719,0,0,588,0,100,109,-2,599,7,0,0
2723,0,0,588,0,100,109,-2,597,7,0,0
2727,0,0,587,0,101,110,-2,596,7,0,0
2731,0,0,587,0,102,111,-2,596,7,0,0
2735,0,0,587,0,102,111,-2,599,7,0,0
2739,0,0,587,0,102,112,-2,600,7,0,0
2743,0,0,586,0,103,112,-2,605,7,0,0
2747,0,0,586,0,103,113,-2,605,7,0,0
2751,0,0,586,0,103,113,-2,606,7,0,0
2755,0,0,585,0,104,114,-2,609,7,0,0
2759,0,0,585,0,104,114,-2,610,7,0,0
2763,0,0,585,0,104,115,-2,608,7,0,0
2767,0,0,584,0,105,115,-2,607,7,0,0
2771,0,0,585,0,105,116,-2,605,7,0,0
2775,0,0,585,0,106,117,-2,603,7,0,0
2779,0,0,586,0,106,117,-2,602,7,0,0
2783,0,0,586,0,106,118,-3,601,7,0,0
2787,0,0,586,0,107,118,-2,601,7,0,0
2791,0,0,587,0,107,119,-3,603,8,0,0
2795,0,0,587,0,107,119,-3,603,8,0,0
2799,0,0,588,0,108,120,-3,605,8,0,0
2803,0,0,589,0,108,120,-3,606,8,0,0
2807,0,0,588,0,108,121,-3,608,8,0,0
2811,0,0,587,0,108,121,-3,609,8,0,0
2815,0,0,587,0,109,122,-3,610,8,0,0
2819,0,0,587,0,109,123,-3,611,8,0,0
2823,0,0,587,0,109,123,-3,610,8,0,0
2827,0,0,587,0,110,123,-3,609,8,0,0
2831,0,0,585,0,110,124,-3,608,8,0,0
2835,0,0,585,0,110,125,-3,608,8,0,0
2839,0,0,585,0,110,125,-3,607,8,0,0
2843,0,0,583,0,111,126,-3,608,8,0,0
2847,0,0,583,0,111,126,-3,607,8,0,0
2851,0,0,582,0,111,127,-4,606,8,0,0
2855,0,0,582,0,112,127,-3,607,8,0,0
2859,0,0,581,0,112,128,-4,607,8,0,0
2863,0,0,580,0,112,128,-4,607,8,0,0
2867,0,0,580,0,113,129,-4,608,8,0,0
2871,0,0,580,0,113,129,-4,607,8,0,0
2875,0,0,580,0,113,130,-4,605,8,0,0
2879,0,0,581,0,114,131,-4,605,8,0,0
2883,0,0,580,0,114,131,-4,605,8,0,0
2887,0,0,580,0,114,132,-4,604,8,0,0
2891,0,0,580,0,115,132,-4,603,8,0,0
2895,0,0,582,0,115,133,-4,603,8,0,0
2899,0,0,582,0,116,133,-4,602,8,0,0
2903,0,0,582,0,116,134,-4,604,8,0,0
2907,0,0,582,0,116,134,-4,604,8,0,0
2911,0,0,582,0,117,135,-4,604,8,0,0
2915,0,0,581,0,117,136,-4,604,8,0,0
2919,0,0,582,0,118,136,-4,604,9,0,0
2923,0,0,582,0,118,137,-4,602,9,0,0
2927,0,0,581,0,118,137,-4,602,9,0,0
2931,0,0,581,0,119,138,-4,601,9,0,0
2935,0,0,581,0,119,139,-5,603,9,0,0
2939,0,0,581,0,120,139,-4,600,9,0,0
2943,0,0,581,0,120,140,-5,599,9,0,0
2947,0,0,579,0,121,140,-4,595,9,0,0
2951,0,0,579,0,121,141,-5,598,9,0,0
2955,0,0,579,0,122,141,-4,598,9,0,0
2959,0,0,577,0,122,142,-5,599,9,0,0
2963,0,0,577,0,122,143,-5,599,9,0,0
2967,0,0,576,0,123,143,-5,600,9,0,0
2971,0,0,576,0,124,144,-5,600,9,0,0
2975,0,0,575,0,124,144,-5,600,9,0,0
2979,0,0,575,0,124,145,-5,599,9,0,0
2983,0,0,574,0,125,145,-5,599,9,0,0
2987,0,0,574,0,126,146,-5,597,9,0,0
2991,0,0,575,0,126,147,-5,598,9,0,0
2995,0,0,576,0,126,147,-5,598,9,0,0
2999,0,0,575,0,127,148,-5,596,9,0,0
3003,0,0,576,0,128,148,-5,596,9,0,0
3007,0,0,575,0,128,149,-5,596,9,0,0
3011,0,0,575,0,129,149,-5,597,9,0,0
3015,0,0,575,0,129,150,-5,596,9,0,0
3019,0,0,575,0,130,151,-5,597,9,0,0
3023,0,0,575,0,130,151,-5,598,9,0,0
3027,0,0,573,0,131,152,-5,598,10,0,0
3031,0,0,574,0,131,152,-5,599,10,0,0
3035,0,0,574,0,132,153,-5,599,10,0,0
3039,0,0,573,0,132,153,-5,599,10,0,0
3043,0,0,572,0,133,154,-5,597,10,0,0
3047,0,0,572,0,134,154,-5,597,10,0,0
3051,0,0,572,0,134,155,-5,597,10,0,0
3055,0,0,571,0,135,155,-5,596,10,0,0
3059,0,0,570,0,135,156,-5,596,10,0,0
3063,0,0,571,0,136,157,-5,595,10,0,0
3067,0,0,571,0,136,157,-5,595,10,0,0
3071,0,0,571,0,137,157,-5,595,10,0,0
3075,0,0,571,0,138,158,-5,595,10,0,0
3079,0,0,571,0,138,158,-5,596,10,0,0
3083,0,0,571,0,139,159,-5,597,10,0,0
3087,0,0,570,0,139,159,-5,600,10,0,0
3091,0,0,570,0,140,160,-5,600,10,0,0
3095,0,0,570,0,140,160,-5,603,10,0,0
3099,0,0,571,0,141,161,-4,604,10,0,0
3103,0,0,573,0,142,161,-4,603,10,0,0
3107,0,0,571,0,142,161,-4,603,10,0,0
3111,0,0,571,0,143,162,-4,602,10,0,0
3115,0,0,572,0,144,162,-4,599,10,0,0
3119,0,0,573,0,144,163,-4,598,10,0,0
3123,0,0,573,0,145,163,-4,597,10,0,0
3127,0,0,572,0,145,163,-4,597,10,0,0
3131,0,0,573,0,146,164,-4,597,11,0,0
3135,0,0,573,0,146,164,-4,598,11,0,0
3139,0,0,573,0,147,165,-4,601,11,0,0
3143,0,0,572,0,148,165,-4,602,11,0,0
3147,0,0,572,0,148,165,-4,602,11,0,0
3151,0,0,572,0,149,166,-4,603,11,0,0
3155,0,0,572,0,150,166,-4,605,11,0,0
3159,0,0,573,0,150,167,-4,604,11,0,0
3163,0,0,572,0,151,167,-4,602,11,0,0
3167,0,0,572,0,152,167,-4,600,11,0,0
3171,0,0,572,0,152,168,-4,596,11,0,0
3175,0,0,572,0,153,168,-3,595,11,0,0
3179,0,0,573,0,153,169,-4,593,11,0,0
3183,0,0,572,0,154,169,-3,590,11,0,0
3187,0,0,572,0,155,170,-3,589,11,0,0
3191,0,0,572,0,155,170,-3,591,11,0,0
3195,0,0,573,0,156,171,-3,593,11,0,0
3199,0,0,574,0,156,171,-3,595,11,0,0
3203,0,0,573,0,157,171,-3,598,11,0,0
3207,0,0,573,0,158,172,-3,600,11,0,0
3211,0,0,573,0,158,172,-3,602,11,0,0
3215,0,0,574,0,159,172,-3,606,11,0,0
3219,0,0,575,0,159,173,-3,606,11,0,0
3223,0,0,575,0,160,173,-3,605,11,0,0
3227,0,0,576,0,160,173,-3,604,11,0,0
3231,0,0,576,0,161,174,-3,604,11,0,0
3235,0,0,577,0,162,174,-3,599,11,0,0
3239,0,0,577,0,162,175,-3,596,11,0,0
3243,0,0,577,0,162,175,-3,594,11,0,0
3247,0,0,577,0,163,175,-3,593,12,0,0
3251,0,0,578,0,164,176,-3,594,12,0,0
3255,0,0,578,0,164,176,-3,596,12,0,0
3259,0,0,579,0,164,177,-3,597,12,0,0
3263,0,0,579,0,165,177,-3,600,12,0,0
3267,0,0,579,0,166,177,-2,603,12,0,0
3271,0,0,579,0,166,177,-2,605,12,0,0
3275,0,0,578,0,166,178,-3,607,12,0,0
3279,0,0,579,0,167,178,-2,609,12,0,0
3283,0,0,579,0,167,178,-2,609,12,0,0
3287,0,0,579,0,168,179,-2,610,12,0,0
3291,0,0,579,0,168,179,-2,610,12,0,0
3295,0,0,579,0,169,179,-2,607,12,0,0
3299,0,0,579,0,169,180,-2,605,12,0,0
3303,0,0,579,0,170,180,-2,604,12,0,0
3307,0,0,579,0,170,180,-2,602,12,0,0
3311,0,0,579,0,170,181,-2,600,12,0,0
3315,0,0,579,0,171,181,-2,601,12,0,0
3319,0,0,580,0,171,181,-2,601,12,0,0
3323,0,0,580,0,172,182,-2,601,12,0,0
3327,0,0,580,0,172,182,-2,601,12,0,0
3331,0,0,580,0,173,182,-2,603,12,0,0
3335,0,0,580,0,173,183,-2,605,12,0,0
3339,0,0,580,0,174,183,-2,605,12,0,0
3343,0,0,580,0,174,183,-2,605,12,0,0
3347,0,0,580,0,174,184,-2,605,12,0,0
3351,0,0,580,0,175,184,-2,606,12,0,0
3355,0,0,581,0,175,184,-2,605,12,0,0
3359,0,0,582,0,176,185,-2,604,12,0,0
3363,0,0,582,0,176,185,-2,605,12,0,0
3367,0,0,581,0,176,185,-2,604,12,0,0
3371,0,0,581,0,177,186,-2,604,12,0,0
3375,0,0,582,0,177,186,-2,602,12,0,0
3379,0,0,582,0,178,186,-2,604,12,0,0
3383,0,0,583,0,178,187,-2,603,12,0,0
3387,0,0,582,0,178,187,-2,603,12,0,0
3391,0,0,581,0,179,187,-2,603,13,0,0
3395,0,0,582,0,179,188,-2,604,13,0,0
3399,0,0,583,0,180,188,-2,604,13,0,0
3403,0,0,583,0,180,189,-2,602,13,0,0
3407,0,0,583,0,180,189,-2,602,13,0,0
3411,0,0,583,0,181,189,-2,603,13,0,0
3415,0,0,583,0,181,190,-2,602,13,0,0
3419,0,0,583,0,182,190,-2,601,13,0,0
3423,0,0,584,0,182,190,-2,601,13,0,0
3427,0,0,584,0,182,191,-2,603,13,0,0
3431,0,0,584,0,183,191,-2,604,13,0,0
3435,0,0,584,0,183,191,-2,604,13,0,0
3439,0,0,584,0,183,192,-2,604,13,0,0
3443,0,0,584,0,184,192,-2,604,13,0,0
3447,0,0,585,0,184,193,-2,604,13,0,0
3451,0,0,584,0,184,193,-2,604,13,0,0
3455,0,0,583,0,185,193,-2,604,13,0,0
3459,0,0,584,0,185,194,-2,605,13,0,0
3463,0,0,584,0,186,194,-2,605,13,0,0
3467,0,0,585,0,186,195,-2,606,13,0,0
3471,0,0,584,0,186,195,-2,604,13,0,0
3475,0,0,584,0,187,195,-2,604,13,0,0
3479,0,0,584,0,187,196,-2,602,13,0,0
3483,0,0,584,0,187,196,-2,602,13,0,0
3487,0,0,584,0,188,197,-2,599,13,0,0
3491,0,0,584,0,188,197,-2,598,13,0,0
3495,0,0,584,0,188,198,-2,598,13,0,0
3499,0,0,584,0,189,198,-2,600,13,0,0
3503,0,0,585,0,189,199,-2,601,13,0,0
3507,0,0,586,0,190,199,-2,602,13,0,0
3511,0,0,585,0,190,199,-2,604,13,0,0
3515,0,0,585,0,190,200,-2,604,13,0,0
3519,0,0,584,0,191,200,-2,605,13,0,0
3523,0,0,586,0,191,201,-2,605,13,0,0
3527,0,0,585,0,192,201,-2,605,13,0,0
3531,0,0,586,0,192,202,-2,605,14,0,0
3535,0,0,585,0,192,202,-2,603,14,0,0
3539,0,0,586,0,193,203,-2,602,14,0,0
3543,0,0,587,0,193,203,-2,599,14,0,0
3547,0,0,586,0,194,204,-2,598,14,0,0
3551,0,0,586,0,194,204,-2,598,14,0,0
3555,0,0,587,0,194,205,-2,597,14,0,0
3559,0,0,587,0,195,205,-2,596,14,0,0
3563,0,0,587,0,196,206,-2,596,14,0,0
3567,0,0,588,0,196,206,-2,597,14,0,0
3571,0,0,588,0,196,207,-2,598,14,0,0
3575,0,0,588,0,197,207,-2,599,14,0,0
3579,0,0,588,0,197,208,-2,599,14,0,0
3583,0,0,588,0,198,208,-2,601,14,0,0
3587,0,0,589,0,198,209,-2,603,14,0,0
3591,0,0,588,0,198,209,-2,603,14,0,0
3595,0,0,588,0,199,210,-2,603,14,0,0
3599,0,0,588,0,199,210,-2,603,14,0,0
3603,0,0,589,0,200,211,-2,603,14,0,0
3607,0,0,588,0,200,211,-2,599,14,0,0
3611,0,0,588,0,200,212,-3,597,14,0,0
3615,0,0,587,0,201,212,-2,596,14,0,0
3619,0,0,588,0,202,213,-2,595,14,0,0
3623,0,0,588,0,202,213,-2,594,14,0,0
3627,0,0,587,0,202,214,-3,595,14,0,0
3631,0,0,587,0,203,215,-2,597,14,0,0
3635,0,0,588,0,203,215,-3,598,14,0,0
3639,0,0,588,0,204,215,-2,601,14,0,0
3643,0,0,588,0,204,216,-3,602,14,0,0
3647,0,0,587,0,204,217,-3,603,14,0,0
3651,0,0,587,0,205,217,-3,605,15,0,0
3655,0,0,587,0,205,218,-3,606,15,0,0
3659,0,0,587,0,206,218,-3,606,15,0,0
3663,0,0,588,0,206,219,-3,604,15,0,0
3667,0,0,587,0,207,220,-3,602,15,0,0
3671,0,0,588,0,207,220,-3,599,15,0,0
3675,0,0,589,0,208,221,-3,596,15,0,0
3679,0,0,589,0,208,222,-3,594,15,0,0
3683,0,0,589,0,209,222,-3,592,15,0,0
3687,0,0,589,0,209,223,-3,590,15,0,0
3691,0,0,589,0,210,224,-3,590,15,0,0
3695,0,0,590,0,210,224,-3,589,15,0,0
3699,0,0,590,0,211,225,-3,591,15,0,0
3703,0,0,590,0,211,226,-3,594,15,0,0
3707,0,0,591,0,212,226,-3,594,15,0,0
3711,0,0,591,0,212,227,-3,596,15,0,0
3715,0,0,590,0,213,228,-3,598,15,0,0
3719,0,0,590,0,213,229,-4,599,15,0,0
3723,0,0,591,0,214,229,-3,599,15,0,0
3727,0,0,589,0,214,230,-4,599,15,0,0
3731,0,0,590,0,215,231,-4,597,15,0,0
3735,0,0,589,0,215,231,-4,592,15,0,0
3739,0,0,589,0,216,232,-4,591,15,0,0
3743,0,0,589,0,216,233,-4,591,15,0,0
3747,0,0,588,0,217,234,-4,587,16,0,0
3751,0,0,587,0,218,234,-4,586,16,0,0
3755,0,0,587,0,218,235,-4,585,16,0,0
3759,0,0,587,0,218,236,-4,587,16,0,0
3763,0,0,587,0,219,237,-4,589,16,0,0
3767,0,0,587,0,220,237,-4,591,16,0,0
3771,0,0,588,0,220,238,-4,593,16,0,0
3775,0,0,588,0,220,239,-4,595,16,0,0
3779,0,0,588,0,221,239,-4,599,16,0,0
3783,0,0,588,0,221,240,-4,602,16,0,0
3787,0,0,589,0,222,240,-4,603,16,0,0
3791,0,0,589,0,222,241,-4,603,16,0,0
3795,0,0,588,0,222,242,-5,604,16,0,0
3799,0,0,588,0,223,242,-4,602,16,0,0
3803,0,0,588,0,224,243,-4,599,16,0,0
3807,0,0,588,0,224,244,-5,597,16,0,0
3811,0,0,587,0,224,244,-5,592,16,0,0
3815,0,0,587,0,225,245,-5,592,16,0,0
3819,0,0,586,0,226,246,-5,592,16,0,0
3823,0,0,586,0,226,247,-5,591,16,0,0
3827,0,0,585,0,226,247,-5,592,16,0,0
3831,0,0,585,0,227,248,-5,593,16,-1,0
3835,0,0,584,0,227,248,-5,595,16,-1,0
3839,0,0,584,0,228,249,-5,596,16,-1,0
3843,0,0,582,0,228,250,-5,600,16,-1,0
3847,0,0,581,0,228,250,-5,601,17,-1,0
3851,0,0,581,0,229,251,-5,603,17,-1,0
3855,0,0,581,0,229,251,-5,605,17,-1,0
3859,0,0,581,0,230,252,-5,606,17,-1,0
3863,0,0,581,0,230,252,-5,604,17,-1,0
3867,0,0,580,0,230,253,-5,603,17,-1,0
3871,0,0,580,0,231,253,-5,602,17,-1,0
3875,0,0,580,0,232,254,-5,600,17,-1,0
3879,0,0,580,0,232,255,-5,600,17,-1,0
3883,0,0,580,0,232,255,-5,599,17,-1,0
3887,0,0,579,0,233,256,-5,599,17,-1,0
3891,0,0,579,0,233,256,-5,600,17,-1,0
3895,0,0,580,0,234,257,-5,600,17,-1,0
3899,0,0,580,0,234,257,-5,601,17,-1,0
3903,0,0,579,0,234,258,-6,601,17,-1,0
3907,0,0,578,0,235,258,-5,603,17,-1,0
3911,0,0,580,0,235,259,-6,603,17,-1,0
3915,0,0,578,0,236,259,-5,603,17,-1,0
3919,0,0,577,0,236,260,-6,602,17,-1,0
3923,0,0,578,0,237,260,-5,602,17,-1,0
3927,0,0,576,0,237,261,-6,601,17,-1,0
3931,0,0,575,0,238,261,-5,601,17,-1,0
3935,0,0,574,0,238,262,-6,600,17,-1,0
3939,0,0,572,0,238,262,-6,600,17,-1,0
3943,0,0,572,0,239,263,-6,600,17,-1,0
3947,0,0,572,0,240,263,-5,601,17,-1,0
3951,0,0,571,0,240,263,-5,602,17,-1,0
3955,0,0,570,0,240,264,-6,601,17,-1,0
3959,0,0,570,0,241,264,-5,600,17,-1,0
3963,0,0,570,0,241,265,-6,602,18,-1,0
3967,0,0,570,0,242,265,-5,601,18,-1,0
3971,0,0,570,0,242,265,-5,601,18,-1,0
3975,0,0,569,0,243,266,-5,601,18,-1,0
3979,0,0,571,0,243,266,-5,603,18,-1,0
3983,0,0,573,0,244,266,-5,604,18,-1,0
3987,0,0,573,0,244,267,-5,604,18,-1,0
3991,0,0,574,0,245,267,-5,606,18,-1,0
3995,0,0,575,0,245,267,-5,607,18,-1,0
3999,0,0,576,0,246,268,-5,609,18,-1,0
4003,0,0,577,0,246,268,-5,609,18,-1,0
4007,0,0,578,0,246,268,-5,608,18,-1,0
4011,0,0,579,0,247,269,-5,606,18,-1,0
4015,0,0,581,0,247,269,-5,606,18,-1,0
4019,0,0,583,0,248,269,-5,605,18,-1,0
4023,0,0,584,0,248,270,-5,604,18,-1,0
4027,0,0,585,0,249,270,-5,603,18,-1,0
4031,0,0,586,0,249,270,-5,602,18,-1,0
4035,0,0,589,0,250,271,-5,602,18,-1,0
4039,0,0,590,0,250,271,-5,603,18,-1,0
4043,0,0,591,0,250,271,-5,602,18,-1,0
4047,0,0,592,0,251,272,-5,603,18,-1,0
4051,0,0,593,0,251,272,-5,603,18,-1,0
4055,0,0,596,0,252,273,-5,607,18,-1,0
4059,0,0,598,0,252,273,-5,609,18,-1,0
4063,0,0,597,0,252,274,-5,609,18,-1,0
4067,0,0,598,0,252,274,-5,607,18,-1,0
4071,0,0,601,0,253,275,-5,608,18,-1,0
4075,0,0,602,0,253,275,-5,607,18,-1,0
4079,0,0,602,0,254,276,-5,604,18,-1,0
4083,0,0,605,0,254,276,-5,603,18,-1,0
4087,0,0,606,0,254,277,-5,600,18,-1,0
4091,0,0,606,0,254,277,-5,601,18,-1,0
4095,0,0,607,0,254,278,-6,601,18,-1,0
4099,0,0,609,0,255,279,-6,601,18,-1,0
4103,0,0,610,0,255,279,-6,602,18,-1,0
4107,0,0,611,0,255,280,-6,603,19,-1,0
4111,0,0,612,0,255,281,-6,604,19,-1,0
4115,0,0,612,0,256,281,-6,605,19,-1,0
4119,0,0,613,0,256,282,-6,607,19,-1,0
4123,0,0,613,0,256,283,-6,607,19,-1,0
4127,0,0,613,0,256,283,-6,608,19,-1,0
4131,0,0,614,0,256,284,-7,606,19,-1,0
4135,0,0,614,0,256,285,-7,603,19,-1,0
4139,0,0,615,0,256,286,-7,602,19,-1,0
4143,0,0,615,0,256,287,-7,602,19,-1,0
4147,0,0,615,0,256,287,-7,600,19,-1,0
4151,0,0,615,0,256,288,-8,597,19,-1,0
4155,0,0,615,0,257,289,-8,597,19,-1,0
4159,0,0,614,0,257,290,-8,599,19,-1,0
4163,0,0,615,0,257,291,-8,599,19,-1,0
4167,0,0,614,0,257,292,-8,600,19,-1,0
4171,0,0,614,0,257,293,-9,605,19,-1,0
4175,0,0,613,0,257,293,-9,608,19,-1,0
4179,0,0,612,0,257,294,-9,608,19,-1,0
4183,0,0,613,0,257,295,-9,603,19,-1,0
4187,0,0,612,0,257,296,-9,601,19,-1,0
4191,0,0,612,0,257,297,-10,600,19,-1,0
4195,0,0,611,0,257,298,-10,598,19,-1,0
4199,0,0,611,0,257,299,-10,597,19,-1,0
4203,0,0,611,0,257,300,-10,597,19,-1,0
4207,0,0,610,0,257,301,-11,598,19,-1,0
4211,0,0,609,0,257,302,-11,601,19,-1,0
4215,0,0,608,0,257,303,-11,602,19,-1,0
4219,0,0,607,0,257,304,-11,601,19,-1,0
4223,0,0,607,0,257,305,-12,601,19,-1,0
4227,0,0,606,0,257,306,-12,602,20,-1,0
4231,0,0,606,0,257,307,-12,603,20,-1,0
4235,0,0,605,0,257,308,-12,604,20,-1,0
4239,0,0,604,0,257,309,-13,602,20,-1,0
4243,0,0,603,0,257,310,-13,600,20,-1,0
4247,0,0,602,0,257,312,-13,598,20,-1,0
4251,0,0,601,0,257,313,-14,597,20,-1,0
4255,0,0,600,0,257,314,-14,594,20,-1,0
4259,0,0,598,0,257,315,-14,591,20,-1,0
4263,0,0,597,0,258,316,-14,588,20,-1,0
4267,0,0,595,0,258,317,-14,585,20,-1,0
4271,0,0,593,0,258,318,-15,582,20,-1,0
4275,0,0,591,0,258,319,-15,579,20,-1,0
4279,0,0,588,0,258,321,-15,577,20,-1,0
4283,0,0,586,0,258,322,-16,574,20,-1,0
4287,0,0,583,0,258,323,-16,571,20,-1,0
4291,0,0,581,0,258,324,-16,588,20,-1,0
4295,0,0,579,0,259,325,-16,599,20,-1,0
4299,0,0,578,0,259,326,-16,607,20,-1,0
4303,0,0,575,0,259,327,-17,606,20,-1,0
4307,0,0,573,0,259,328,-17,601,20,-1,0
4311,0,0,570,0,259,329,-17,593,20,-1,0
4315,0,0,568,0,260,330,-17,595,20,-1,0
4319,0,0,567,0,260,331,-17,606,20,-1,0
4323,0,0,565,0,260,332,-17,620,20,-1,0
4327,0,0,563,0,260,333,-18,625,21,-1,0
4331,0,0,563,0,261,334,-18,629,21,-1,0
4335,0,0,562,0,261,335,-18,634,21,-1,0
4339,0,0,561,0,262,336,-18,639,21,-1,0
4343,0,0,559,0,262,337,-18,642,21,-1,0
4347,0,0,558,0,263,338,-18,641,21,-1,0
4351,0,0,558,0,264,340,-19,640,21,-1,0
4355,0,0,556,0,265,341,-19,639,21,-1,0
4359,0,0,553,0,266,343,-19,638,21,-1,0
4363,0,0,553,0,267,345,-19,630,21,-1,0
4368,0,0,549,0,269,347,-19,628,21,-1,0
4371,0,0,548,0,270,348,-19,623,21,-1,0
4375,0,0,545,0,271,351,-19,622,22,-1,0
4379,0,0,544,0,273,353,-19,626,22,-2,0
4383,0,0,544,0,274,355,-20,621,22,-2,0
4387,0,0,545,0,276,357,-20,621,22,-2,0
4391,0,0,546,0,278,359,-20,638,22,-2,0
4395,0,0,548,0,280,361,-20,655,22,-2,0
4399,0,0,552,0,282,363,-20,640,22,-2,0
4403,0,0,554,0,284,365,-20,615,22,-2,0
4407,0,0,555,0,286,368,-20,546,23,-2,0
4411,0,0,555,0,289,370,-20,528,23,-2,0
4415,0,0,554,0,291,372,-20,512,23,-2,0
4419,0,0,552,0,294,375,-20,483,23,-2,0
4423,0,0,551,0,296,377,-20,463,23,-2,0
4427,0,0,548,0,298,379,-20,463,23,-2,0
4431,0,0,546,0,301,381,-20,467,24,-2,0
4435,0,0,545,0,303,384,-20,471,24,-2,0
4439,0,0,543,0,306,386,-19,483,24,-2,0
4443,0,0,543,0,308,388,-20,491,24,-2,0
4447,0,0,542,0,310,390,-20,504,24,-2,0
4451,0,0,541,0,312,392,-20,510,24,-3,0
4455,0,0,541,0,314,394,-20,509,24,-3,0
4459,0,0,539,0,316,396,-20,505,25,-3,0
4463,0,0,538,0,318,398,-20,510,25,-3,0
4467,0,0,537,0,320,400,-20,516,25,-3,0
4471,0,0,536,0,322,401,-19,516,25,-3,0
4475,0,0,534,0,324,403,-19,517,25,-3,0
4479,0,0,533,0,326,405,-19,533,25,-3,0
4483,0,0,531,0,328,407,-19,542,25,-3,0
4487,0,0,529,0,329,408,-19,549,25,-3,0
4491,0,0,526,0,331,410,-19,547,26,-3,0
4495,0,0,524,0,332,411,-19,549,26,-3,0
4499,0,0,522,0,334,413,-19,554,26,-3,0
4503,0,0,518,0,335,414,-19,571,26,-3,0
4507,0,0,517,0,337,415,-19,573,26,-3,0
4511,0,0,515,0,338,417,-19,566,26,-3,0
4515,0,0,511,0,340,418,-19,560,26,-3,0
4519,0,0,509,0,341,419,-19,557,26,-3,0
4523,0,0,507,0,342,421,-19,561,26,-3,0
4527,0,0,502,0,344,422,-19,563,26,-3,0
4531,0,0,501,0,345,423,-19,563,26,-3,0
4535,0,0,497,0,346,424,-19,557,27,-3,0
4539,0,0,490,0,347,425,-19,553,27,-3,0
4543,0,0,487,0,348,426,-19,549,27,-3,0
4547,0,0,477,0,349,427,-19,549,27,-3,0
4551,0,0,473,0,350,428,-19,549,27,-3,0
4555,0,0,468,0,350,428,-19,517,27,-3,0
4559,0,0,459,0,351,429,-19,498,27,-3,0
4563,0,0,456,0,352,429,-19,500,27,-3,0
4567,0,0,455,0,352,430,-19,554,27,-3,0
4571,0,0,457,0,352,430,-19,574,27,-3,0
4575,0,0,459,0,352,429,-19,588,27,-3,0
4579,0,0,468,0,352,429,-19,629,27,-3,0
4583,0,0,473,0,352,429,-19,656,27,-3,0
4587,0,0,478,0,352,428,-19,695,27,-3,0
4591,0,0,484,0,352,428,-19,701,27,-3,0
4595,0,0,486,0,351,427,-19,698,27,-3,0
4599,0,0,487,0,351,427,-19,691,27,-3,0
4603,0,0,487,0,351,427,-19,695,27,-3,0
4607,0,0,487,0,351,426,-18,696,27,-3,0
4611,0,0,486,0,351,426,-18,682,27,-3,0
4615,0,0,485,0,351,426,-18,669,27,-3,0
4619,0,0,485,0,351,426,-18,667,27,-3,0
4623,0,0,483,0,351,425,-18,658,27,-3,0
4627,0,0,483,0,351,425,-18,649,27,-3,0
4631,0,0,482,0,352,425,-18,628,27,-3,0
4635,0,0,479,0,352,425,-18,620,27,-3,0
4639,0,0,478,0,352,425,-18,619,27,-3,0
4643,0,0,475,0,352,425,-18,624,27,-3,0
4647,0,0,473,0,352,425,-18,620,27,-3,0
4651,0,0,472,0,352,425,-18,613,27,-3,0
4655,0,0,469,0,352,425,-18,610,27,-3,0
4659,0,0,468,0,352,425,-18,611,27,-3,0
4663,0,0,467,0,352,425,-18,617,27,-3,0
4667,0,0,464,0,352,425,-18,619,27,-3,0
4671,0,0,463,0,352,425,-18,623,27,-3,0
4675,0,0,461,0,352,425,-18,623,27,-3,0
4679,0,0,460,0,352,425,-18,620,27,-3,0
4683,0,0,461,0,352,424,-18,618,27,-3,0
4687,0,0,461,0,352,424,-18,609,27,-3,0
4691,0,0,462,0,351,424,-18,608,27,-3,0
4695,0,0,462,0,351,424,-18,612,27,-3,0
4699,0,0,464,0,351,423,-18,620,27,-3,0
4703,0,0,465,0,350,423,-18,619,27,-3,0
4707,0,0,465,0,350,423,-18,617,27,-3,0
4711,0,0,466,0,350,422,-18,612,27,-3,0
4715,0,0,467,0,350,422,-18,609,27,-3,0
4719,0,0,469,0,349,422,-18,616,27,-3,0
4723,0,0,469,0,349,421,-18,626,27,-3,0
4727,0,0,467,0,348,421,-18,644,26,-3,0
4731,0,0,466,0,348,421,-18,646,26,-3,0
4735,0,0,466,0,347,420,-18,653,26,-3,0
4739,0,0,465,0,347,420,-18,665,26,-3,0
4743,0,0,464,0,346,419,-18,669,26,-3,0
4747,0,0,463,0,346,419,-18,674,26,-3,0
4751,0,0,461,0,346,419,-18,674,26,-3,0
4755,0,0,460,0,345,419,-18,667,26,-3,0
4759,0,0,460,0,345,419,-18,658,26,-3,0
4763,0,0,461,0,345,419,-18,654,26,-3,0
4767,0,0,460,0,345,419,-18,650,26,-3,0
4771,0,0,461,0,345,419,-18,644,26,-3,0
4775,0,0,461,0,345,419,-18,638,26,-3,0
4779,0,0,461,0,346,419,-18,626,26,-3,0
4783,0,0,462,0,346,420,-18,623,26,-3,0
4787,0,0,462,0,346,420,-18,623,26,-3,0
4791,0,0,462,0,346,420,-18,616,26,-3,0
4795,0,0,462,0,347,421,-18,615,26,-3,0
4799,0,0,461,0,348,421,-18,615,26,-3,0
4803,0,0,461,0,348,422,-18,618,27,-3,0
4807,0,0,460,0,348,423,-18,618,27,-3,0
4811,0,0,460,0,349,423,-18,614,27,-3,0
4815,0,0,460,0,350,424,-18,609,27,-3,0
4819,0,0,460,0,351,425,-18,601,27,-3,0
4823,0,0,460,0,352,425,-18,594,27,-3,0
4827,0,0,459,0,352,426,-18,590,27,-3,0
4831,0,0,459,0,353,427,-18,583,27,-3,0
4835,0,0,459,0,354,428,-18,564,27,-3,0
4839,0,0,459,0,355,429,-18,555,27,-4,0
4843,0,0,459,0,356,430,-18,542,27,-4,0
4847,0,0,459,0,357,431,-18,537,27,-4,0
4851,0,0,460,0,358,432,-18,537,27,-4,0
4855,0,0,461,0,358,433,-18,531,27,-4,0
4859,0,0,461,0,359,433,-18,529,27,-4,0
4863,0,0,461,0,360,434,-18,530,27,-4,0
4867,0,0,462,0,360,435,-18,535,27,-4,0
4871,0,0,461,0,361,436,-18,539,27,-4,0
4875,0,0,462,0,362,436,-18,542,27,-4,0
4879,0,0,462,0,362,437,-18,549,27,-4,0
4883,0,0,462,0,362,437,-18,553,27,-4,0
4887,0,0,461,0,363,438,-19,560,28,-4,0
4891,0,0,462,0,363,438,-18,562,28,-4,0
4895,0,0,462,0,363,438,-18,563,28,-4,0
4899,0,0,462,0,363,438,-18,565,28,-4,0
4903,0,0,462,0,363,438,-18,570,28,-4,0
4907,0,0,462,0,363,438,-18,581,28,-4,0
4911,0,0,461,0,363,438,-18,599,28,-4,0
4915,0,0,461,0,363,438,-18,607,28,-4,0
4919,0,0,461,0,363,438,-18,626,28,-4,0
4923,0,0,461,0,362,438,-19,635,28,-4,0
4927,0,0,461,0,362,438,-19,643,28,-4,0
4931,0,0,460,0,362,438,-19,649,28,-4,0
4935,0,0,460,0,362,438,-19,651,28,-4,0
4939,0,0,460,0,362,438,-19,651,28,-4,0
4943,0,0,460,0,362,438,-19,647,28,-4,0
4947,0,0,460,0,362,438,-19,640,28,-4,0
4951,0,0,460,0,362,438,-19,632,28,-4,0
4955,0,0,460,0,363,438,-18,629,28,-4,0
4959,0,0,460,0,363,438,-18,626,28,-4,0
4963,0,0,460,0,363,438,-18,617,28,-4,0
4967,0,0,460,0,364,438,-18,613,28,-4,0
4971,0,0,460,0,364,439,-18,609,28,-4,0
4975,0,0,459,0,364,439,-18,600,28,-4,0
4979,0,0,458,0,365,439,-18,600,28,-4,0
4983,0,0,459,0,365,440,-18,601,28,-4,0
4987,0,0,459,0,366,440,-18,602,28,-4,0
4991,0,0,460,0,366,441,-18,605,28,-4,0
4995,0,0,459,0,367,441,-18,609,28,-4,0
4999,0,0,458,0,367,441,-18,610,28,-4,0
5003,0,0,460,0,368,442,-18,611,28,-4,0
5007,0,0,458,0,368,442,-18,614,28,-4,0
5011,0,0,458,0,369,443,-18,611,28,-4,0
5015,0,0,458,0,370,443,-18,597,28,-4,0
5019,0,0,458,0,370,444,-18,584,28,-4,0
5023,0,0,458,0,371,445,-18,567,28,-4,0
5027,0,0,458,0,371,445,-18,550,28,-4,0
5031,0,0,458,0,372,446,-18,542,28,-4,0
5035,0,0,459,0,372,446,-18,533,28,-4,0
5039,0,0,459,0,373,447,-18,531,28,-4,0
5043,0,0,459,0,373,447,-18,534,28,-4,0
5047,0,0,460,0,374,448,-18,537,28,-4,0
5051,0,0,461,0,374,448,-18,537,28,-4,0
5055,0,0,461,0,374,448,-18,541,28,-4,0
5059,0,0,461,0,374,448,-18,548,28,-4,0
5063,0,0,462,0,374,448,-18,550,28,-4,0
5067,0,0,463,0,374,448,-18,551,28,-4,0
5071,0,0,463,0,374,448,-18,557,28,-4,0
5075,0,0,463,0,373,447,-18,558,28,-4,0
5079,0,0,464,0,373,447,-18,565,28,-4,0
5083,0,0,464,0,372,447,-18,576,28,-4,0
5087,0,0,463,0,371,446,-18,590,28,-4,0
5091,0,0,464,0,371,445,-18,626,28,-4,0
5095,0,0,463,0,370,445,-18,638,28,-4,0
5099,0,0,462,0,369,444,-18,654,28,-4,0
5103,0,0,461,0,368,443,-18,682,28,-4,0
5107,0,0,460,0,368,443,-18,690,28,-4,0
5111,0,0,459,0,367,442,-18,697,28,-4,0
5115,0,0,459,0,366,441,-18,693,28,-4,0
5119,0,0,458,0,366,441,-18,686,28,-4,0
5123,0,0,458,0,365,440,-18,666,28,-4,0
5127,0,0,459,0,364,440,-19,655,28,-4,0
5131,0,0,458,0,364,439,-18,647,28,-4,0
5135,0,0,459,0,364,439,-18,640,28,-4,0
5139,0,0,459,0,364,439,-18,637,28,-4,0
5143,0,0,457,0,363,439,-19,633,28,-4,0
5147,0,0,459,0,363,438,-18,618,28,-4,0
5151,0,0,459,0,363,438,-18,612,28,-4,0
5155,0,0,460,0,363,438,-18,602,28,-4,0
5159,0,0,459,0,363,438,-18,598,28,-4,0
5163,0,0,460,0,362,438,-19,593,28,-4,0
5167,0,0,459,0,362,438,-19,585,28,-4,0
5171,0,0,458,0,362,438,-19,582,28,-4,0
5175,0,0,458,0,362,438,-19,579,28,-4,0
5179,0,0,458,0,362,437,-18,580,27,-4,0
5183,0,0,458,0,362,437,-18,584,27,-4,0
5187,0,0,458,0,361,437,-19,590,27,-4,0
5191,0,0,458,0,361,437,-19,590,27,-4,0
5195,0,0,458,0,361,436,-18,590,27,-4,0
5199,0,0,459,0,360,436,-19,592,27,-4,0
5203,0,0,459,0,360,435,-18,596,27,-4,0
5207,0,0,458,0,360,435,-18,604,27,-4,0
5211,0,0,459,0,359,434,-18,607,27,-4,0
5215,0,0,460,0,359,434,-18,609,27,-4,0
5219,0,0,459,0,358,433,-18,609,27,-4,0
5223,0,0,459,0,358,433,-18,610,27,-4,0
5227,0,0,458,0,357,432,-18,616,27,-4,0
5231,0,0,460,0,357,432,-18,627,27,-4,0
5235,0,0,460,0,356,431,-18,633,27,-4,0
5239,0,0,459,0,356,431,-18,636,27,-4,0
5243,0,0,460,0,356,430,-18,637,27,-4,0
5247,0,0,460,0,355,430,-18,639,27,-4,0
5251,0,0,460,0,355,429,-18,640,27,-4,0
5255,0,0,459,0,354,429,-18,637,27,-3,0
5259,0,0,458,0,354,429,-18,632,27,-3,0
5263,0,0,459,0,354,428,-18,618,27,-3,0
5267,0,0,460,0,354,428,-18,612,27,-3,0
5271,0,0,460,0,353,428,-18,601,27,-3,0
5275,0,0,461,0,353,428,-18,595,27,-3,0
5279,0,0,461,0,353,427,-18,592,27,-3,0
5283,0,0,460,0,353,427,-18,589,27,-3,0
5287,0,0,459,0,353,427,-18,588,27,-3,0
5291,0,0,459,0,353,427,-18,587,27,-3,0
5295,0,0,459,0,352,427,-18,587,27,-3,0
5299,0,0,458,0,352,427,-18,590,27,-3,0
5303,0,0,459,0,352,426,-18,599,27,-3,0
5307,0,0,459,0,352,426,-18,605,27,-3,0
5311,0,0,460,0,352,426,-18,609,27,-3,0
5315,0,0,459,0,352,426,-18,615,27,-3,0
5319,0,0,459,0,352,425,-18,618,27,-3,0
5323,0,0,459,0,352,425,-18,620,27,-3,0
5327,0,0,458,0,352,425,-18,621,27,-3,0
5331,0,0,458,0,352,425,-18,618,27,-3,0
5335,0,0,458,0,352,425,-18,611,27,-3,0
5339,0,0,459,0,352,425,-18,605,27,-3,0
5343,0,0,458,0,352,425,-18,599,27,-3,0
5347,0,0,458,0,352,425,-18,589,27,-3,0
5351,0,0,458,0,352,425,-18,584,27,-3,0
5355,0,0,459,0,352,425,-18,582,27,-3,0
5359,0,0,459,0,352,425,-18,584,27,-3,0
5363,0,0,459,0,352,425,-18,586,27,-3,0
5367,0,0,459,0,352,425,-18,592,27,-3,0
5371,0,0,458,0,352,425,-18,596,27,-3,0
5375,0,0,459,0,352,425,-18,598,27,-3,0
5379,0,0,458,0,352,425,-18,602,27,-3,0
5383,0,0,458,0,352,425,-18,604,27,-3,0
5387,0,0,458,0,352,425,-18,604,27,-3,0
5391,0,0,458,0,352,425,-18,602,27,-3,0
5395,0,0,458,0,352,425,-18,599,27,-3,0
5399,0,0,459,0,352,425,-18,594,27,-3,0
5403,0,0,459,0,352,425,-18,593,27,-3,0
5407,0,0,459,0,352,425,-18,591,27,-3,0
5411,0,0,458,0,352,425,-18,592,27,-3,0
5415,0,0,458,0,352,425,-18,593,27,-3,0
5419,0,0,458,0,352,425,-18,595,27,-3,0
5423,0,0,459,0,352,425,-18,597,27,-3,0
5427,0,0,458,0,352,425,-18,598,27,-3,0
5431,0,0,459,0,352,425,-18,602,27,-3,0
5435,0,0,459,0,353,425,-18,601,27,-3,0
5439,0,0,459,0,353,425,-18,602,27,-3,0
5443,0,0,459,0,353,425,-18,600,27,-3,0
5447,0,0,459,0,353,425,-18,599,27,-3,0
5451,0,0,458,0,353,425,-18,598,27,-3,0
5455,0,0,459,0,353,425,-18,597,27,-3,0
5459,0,0,459,0,353,425,-18,597,27,-3,0
5463,0,0,460,0,353,425,-18,598,27,-3,0
5467,0,0,459,0,353,425,-18,599,27,-3,0
5471,0,0,461,0,353,425,-18,599,27,-3,0
5475,0,0,459,0,354,425,-17,601,27,-3,0
5479,0,0,459,0,354,425,-17,601,27,-3,0
5483,0,0,459,0,354,426,-18,602,27,-3,0
5487,0,0,460,0,354,426,-18,601,27,-3,0
5491,0,0,459,0,354,426,-18,601,27,-3,0
5495,0,0,459,0,354,426,-18,600,27,-3,0
5499,0,0,460,0,354,426,-18,600,27,-3,0
5503,0,0,460,0,355,426,-17,600,27,-3,0
5507,0,0,460,0,355,426,-17,600,27,-3,0
5511,0,0,460,0,355,426,-17,600,27,-3,0
5515,0,0,461,0,355,427,-18,600,27,-3,0
5519,0,0,460,0,356,427,-17,601,27,-3,0
5523,0,0,460,0,356,427,-17,601,27,-3,0
5527,0,0,459,0,356,427,-17,602,27,-3,0
5531,0,0,459,0,356,427,-17,602,27,-3,0
5535,0,0,459,0,357,428,-17,602,27,-4,0
5539,0,0,460,0,357,428,-17,601,27,-4,0
5543,0,0,460,0,358,429,-17,602,27,-4,0
5547,0,0,459,0,358,429,-17,601,27,-4,0
5551,0,0,459,0,358,429,-17,597,27,-4,0
5555,0,0,459,0,359,430,-17,593,27,-4,0
5559,0,0,459,0,359,431,-17,586,27,-4,0
5563,0,0,461,0,360,431,-17,584,27,-4,0
5567,0,0,460,0,360,432,-17,582,27,-4,0
5571,0,0,461,0,360,432,-18,576,27,-4,0
5575,0,0,460,0,361,433,-18,572,27,-4,0
5579,0,0,461,0,361,433,-18,567,27,-4,0
5583,0,0,461,0,362,434,-18,560,27,-4,0
5587,0,0,461,0,362,434,-18,558,27,-4,0
5591,0,0,461,0,363,435,-18,557,27,-4,0
5595,0,0,462,0,363,435,-18,556,27,-4,0
5599,0,0,461,0,363,435,-18,556,27,-4,0
5603,0,0,462,0,364,436,-18,559,28,-4,0
5607,0,0,462,0,364,436,-18,562,28,-4,0
5611,0,0,462,0,364,436,-18,566,28,-4,0
5615,0,0,463,0,364,436,-18,575,28,-4,0
5619,0,0,462,0,364,436,-18,578,28,-4,0
5623,0,0,463,0,364,436,-18,581,28,-4,0
5627,0,0,463,0,364,436,-18,583,28,-4,0
5631,0,0,463,0,364,436,-18,586,28,-4,0
5635,0,0,463,0,364,436,-18,592,28,-4,0
5639,0,0,463,0,364,436,-18,594,28,-4,0
5643,0,0,463,0,364,436,-18,594,28,-4,0
5647,0,0,463,0,364,436,-18,595,28,-4,0
5651,0,0,463,0,364,436,-18,594,28,-4,0
5655,0,0,463,0,363,436,-18,589,27,-4,0
5659,0,0,463,0,363,435,-18,588,27,-4,0
5663,0,0,464,0,363,435,-18,586,27,-4,0
5667,0,0,463,0,362,435,-18,582,27,-4,0
5671,0,0,463,0,362,435,-18,579,27,-4,0
5675,0,0,462,0,362,434,-18,579,27,-4,0
5679,0,0,463,0,361,434,-18,589,27,-4,0
5683,0,0,464,0,361,433,-18,597,27,-4,0
5687,0,0,463,0,360,433,-18,609,27,-4,0
5691,0,0,463,0,359,432,-18,614,27,-4,0
5695,0,0,463,0,359,432,-18,618,27,-4,0
5699,0,0,463,0,358,431,-18,621,27,-4,0
5703,0,0,463,0,357,431,-18,622,27,-4,0
5707,0,0,463,0,356,430,-18,625,27,-4,0
5711,0,0,463,0,356,429,-18,634,27,-4,0
5715,0,0,463,0,355,428,-18,640,27,-3,0
5719,0,0,464,0,354,428,-18,646,27,-3,0
5723,0,0,463,0,354,427,-18,646,27,-3,0
5727,0,0,463,0,353,426,-18,647,27,-3,0
5731,0,0,463,0,353,426,-18,645,27,-3,0
5735,0,0,463,0,352,425,-18,644,27,-3,0
5739,0,0,462,0,352,424,-18,640,27,-3,0
5743,0,0,462,0,351,424,-18,633,27,-3,0
5747,0,0,462,0,351,423,-18,627,27,-3,0
5751,0,0,461,0,350,423,-18,622,27,-3,0
5755,0,0,460,0,350,422,-18,615,27,-3,0
5759,0,0,460,0,350,422,-18,612,27,-3,0
5763,0,0,461,0,349,421,-18,608,27,-3,0
5767,0,0,461,0,349,421,-18,607,27,-3,0
5771,0,0,461,0,348,421,-18,606,26,-3,0
5775,0,0,460,0,348,420,-18,608,26,-3,0
5779,0,0,461,0,348,420,-18,610,26,-3,0
5783,0,0,461,0,347,419,-18,613,26,-3,0
5787,0,0,461,0,347,419,-18,617,26,-3,0
5791,0,0,461,0,346,419,-18,619,26,-3,0
5795,0,0,461,0,346,418,-18,621,26,-3,0
5799,0,0,462,0,346,418,-18,621,26,-3,0
5803,0,0,462,0,345,418,-18,619,26,-3,0
5807,0,0,462,0,345,417,-18,615,26,-3,0
5811,0,0,462,0,345,417,-18,612,26,-3,0
5815,0,0,462,0,345,417,-18,609,26,-3,0
5819,0,0,462,0,344,416,-18,606,26,-3,0
5823,0,0,463,0,344,416,-18,604,26,-3,0
5827,0,0,462,0,344,416,-18,599,26,-3,0
5831,0,0,462,0,344,416,-18,598,26,-3,0
5835,0,0,461,0,344,416,-18,597,26,-3,0
5839,0,0,461,0,344,415,-17,598,26,-3,0
5843,0,0,461,0,344,415,-17,598,26,-3,0
5847,0,0,461,0,344,415,-17,599,26,-3,0
5851,0,0,461,0,344,415,-17,602,26,-3,0
5855,0,0,461,0,344,415,-17,603,26,-3,0
5859,0,0,462,0,344,415,-17,605,26,-3,0
5863,0,0,462,0,344,415,-17,605,26,-3,0
5867,0,0,462,0,344,415,-17,604,26,-3,0
5871,0,0,463,0,344,415,-17,602,26,-3,0
5875,0,0,462,0,344,415,-17,600,26,-3,0
5879,0,0,463,0,344,415,-17,593,26,-3,0
5883,0,0,463,0,344,415,-17,590,26,-3,0
5887,0,0,463,0,344,415,-17,588,26,-3,0
5891,0,0,463,0,344,415,-17,586,26,-3,0
5895,0,0,462,0,344,415,-17,585,26,-3,0
5899,0,0,462,0,344,415,-17,586,26,-3,0
5903,0,0,462,0,344,415,-17,587,26,-3,0
5907,0,0,462,0,344,415,-17,590,26,-3,0
5911,0,0,462,0,344,415,-17,596,26,-3,0
5915,0,0,462,0,344,415,-17,598,26,-3,0
5919,0,0,461,0,344,415,-17,597,26,-3,0
5923,0,0,462,0,344,415,-17,600,26,-3,0
5927,0,0,462,0,344,415,-17,602,26,-3,0
5931,0,0,462,0,344,415,-17,601,26,-3,0
5935,0,0,462,0,344,415,-17,599,26,-3,0
5939,0,0,462,0,344,415,-17,599,26,-3,0
5943,0,0,462,0,344,415,-17,599,26,-3,0
5947,0,0,462,0,344,415,-17,598,26,-3,0
5951,0,0,461,0,344,415,-17,599,26,-3,0
5955,0,0,462,0,344,415,-17,600,26,-3,0
5959,0,0,461,0,344,415,-17,600,26,-3,0
5963,0,0,461,0,344,415,-17,601,26,-3,0
5967,0,0,461,0,344,415,-17,602,26,-3,0
5971,0,0,462,0,344,415,-17,603,26,-3,0
5975,0,0,461,0,344,415,-17,604,26,-3,0
5979,0,0,462,0,344,415,-17,603,26,-3,0
5983,0,0,461,0,345,415,-17,604,26,-3,0
5987,0,0,461,0,345,415,-17,604,26,-3,0
5991,0,0,461,0,345,415,-17,604,26,-3,0
5995,0,0,461,0,345,415,-17,604,26,-3,0
5999,0,0,461,0,345,415,-17,599,26,-3,0
6003,0,0,460,0,345,415,-17,597,26,-3,0
6007,0,0,461,0,345,415,-17,585,26,-3,0
6011,0,0,461,0,345,415,-17,585,26,-3,0
6015,0,0,461,0,346,416,-17,594,26,-3,0
6019,0,0,460,0,346,416,-17,596,26,-3,0
6023,0,0,459,0,346,416,-17,596,26,-3,0
6027,0,0,459,0,346,416,-17,593,26,-3,0
6031,0,0,459,0,346,416,-17,592,26,-3,0
6035,0,0,459,0,346,416,-17,591,26,-3,0
6039,0,0,459,0,346,416,-17,590,26,-3,0
6043,0,0,459,0,346,416,-17,590,26,-3,0
6047,0,0,459,0,347,416,-17,592,26,-3,0
6051,0,0,459,0,347,416,-17,593,26,-3,0
6055,0,0,459,0,347,416,-17,593,26,-3,0
6059,0,0,459,0,347,417,-17,594,26,-3,0
6063,0,0,459,0,347,417,-17,594,26,-3,0
6067,0,0,459,0,347,417,-17,595,26,-3,0
6071,0,0,459,0,347,417,-17,601,26,-3,0
6075,0,0,458,0,347,417,-17,605,26,-3,0
6079,0,0,459,0,348,417,-17,603,26,-3,0
6083,0,0,458,0,348,417,-17,603,26,-3,0
6087,0,0,457,0,348,417,-17,601,26,-3,0
6091,0,0,457,0,348,417,-17,594,26,-3,0
6095,0,0,457,0,348,417,-17,590,26,-3,0
6099,0,0,458,0,348,417,-17,585,26,-3,0
6103,0,0,457,0,348,417,-17,576,26,-3,0
6107,0,0,458,0,348,418,-17,575,26,-3,0
6111,0,0,458,0,348,418,-17,572,26,-3,0
6115,0,0,458,0,348,418,-17,566,26,-3,0
6119,0,0,458,0,348,418,-17,567,26,-3,0
6123,0,0,459,0,348,418,-17,568,26,-3,0
6127,0,0,458,0,348,418,-17,567,26,-3,0
6131,0,0,458,0,348,418,-17,568,26,-3,0
6135,0,0,459,0,348,417,-17,567,26,-3,0
6139,0,0,459,0,348,417,-17,566,26,-3,0
6143,0,0,458,0,347,417,-17,567,26,-3,0
6147,0,0,459,0,347,416,-17,567,26,-3,0
6151,0,0,459,0,346,416,-17,569,26,-3,0
6155,0,0,460,0,346,415,-17,573,26,-3,0
6159,0,0,458,0,346,415,-17,575,26,-3,0
6163,0,0,459,0,345,414,-17,579,26,-3,0
6167,0,0,459,0,345,413,-17,593,26,-3,0
6171,0,0,459,0,344,412,-17,598,26,-3,0
6175,0,0,459,0,344,411,-16,603,26,-3,0
6179,0,0,457,0,343,410,-17,630,26,-3,0
6183,0,0,458,0,342,410,-17,642,26,-3,0
6187,0,0,458,0,342,409,-16,659,26,-3,0
6191,0,0,458,0,341,408,-16,659,26,-3,0
6195,0,0,458,0,341,407,-16,660,26,-3,0
6199,0,0,458,0,340,406,-16,659,26,-3,0
6203,0,0,457,0,340,406,-16,651,26,-3,0
6207,0,0,456,0,340,405,-16,646,26,-3,0
6211,0,0,456,0,339,405,-16,633,26,-3,0
6215,0,0,456,0,339,404,-16,628,26,-3,0
6219,0,0,456,0,339,404,-16,619,26,-3,0
6223,0,0,455,0,338,403,-16,616,26,-3,0
6227,0,0,455,0,338,403,-16,616,26,-3,0
6231,0,0,454,0,338,403,-16,617,26,-3,0
6235,0,0,453,0,338,403,-16,620,26,-3,0
6239,0,0,454,0,338,403,-16,623,26,-3,0
6243,0,0,453,0,338,402,-16,624,25,-3,0
6247,0,0,453,0,338,402,-16,626,25,-3,0
6251,0,0,453,0,338,402,-16,626,25,-3,0
6255,0,0,453,0,339,402,-15,622,26,-3,0
6259,0,0,452,0,339,402,-15,620,26,-3,0
6263,0,0,453,0,339,403,-16,614,26,-3,0
6267,0,0,453,0,339,403,-16,611,26,-3,0
6271,0,0,453,0,340,403,-15,608,26,-3,0
6275,0,0,451,0,340,403,-15,604,26,-3,0
6279,0,0,451,0,340,404,-16,603,26,-3,0
6283,0,0,450,0,341,404,-15,597,26,-3,0
6287,0,0,451,0,341,404,-15,596,26,-3,0
6291,0,0,452,0,342,405,-15,595,26,-3,0
6295,0,0,452,0,342,405,-15,595,26,-3,0
6299,0,0,450,0,342,406,-16,595,26,-3,0
6303,0,0,450,0,343,406,-15,595,26,-3,0
6307,0,0,451,0,344,407,-15,598,26,-3,0
6311,0,0,451,0,344,407,-15,599,26,-3,0
6315,0,0,450,0,345,408,-15,599,26,-3,0
6319,0,0,451,0,345,408,-15,599,26,-3,0
6323,0,0,451,0,346,409,-15,600,26,-3,0
6327,0,0,450,0,347,410,-15,599,26,-3,0
6331,0,0,450,0,348,411,-15,596,26,-3,0
6335,0,0,450,0,348,411,-15,595,26,-3,0
6339,0,0,450,0,349,412,-15,573,26,-3,0
6343,0,0,451,0,350,413,-15,559,26,-3,0
6347,0,0,451,0,351,414,-16,534,26,-3,0
6351,0,0,451,0,351,414,-15,531,26,-3,0
6355,0,0,451,0,352,415,-15,525,26,-3,0
6359,0,0,452,0,353,416,-15,523,26,-3,0
6363,0,0,452,0,354,416,-15,531,26,-3,0
6367,0,0,453,0,354,417,-15,540,27,-3,0
6371,0,0,452,0,354,417,-15,557,27,-3,0
6375,0,0,452,0,355,418,-15,566,27,-3,0
6379,0,0,453,0,355,418,-15,580,27,-3,0
6383,0,0,453,0,355,418,-15,588,27,-3,0
6387,0,0,454,0,356,419,-15,596,27,-3,0
6391,0,0,452,0,356,419,-15,606,27,-3,0
6395,0,0,451,0,356,419,-15,608,27,-3,0
6399,0,0,450,0,356,419,-15,612,27,-3,0
6403,0,0,450,0,356,419,-15,611,27,-3,0
6407,0,0,450,0,357,420,-15,611,27,-3,0
6411,0,0,450,0,357,420,-15,604,27,-3,0
6415,0,0,450,0,357,420,-15,601,27,-3,0
6419,0,0,451,0,357,420,-15,596,27,-3,0
6423,0,0,451,0,358,421,-15,591,27,-3,0
6427,0,0,451,0,358,421,-15,589,27,-3,0
6431,0,0,452,0,358,421,-15,587,27,-3,0
6435,0,0,450,0,358,421,-15,587,27,-3,0
6439,0,0,450,0,358,421,-15,588,27,-3,0
6443,0,0,450,0,358,421,-15,592,27,-3,0
6447,0,0,450,0,358,421,-15,593,27,-3,0
6451,0,0,450,0,358,421,-15,595,27,-3,0
6455,0,0,449,0,358,421,-15,604,27,-3,0
6459,0,0,449,0,358,421,-15,608,27,-3,0
6463,0,0,449,0,358,421,-15,610,27,-3,0
,,,,,,,,,,,
