0,0,0,511,0,-1,0,0,600,0,0,0
2,0,0,510,0,-1,0,0,600,0,0,0
6,0,0,511,0,-1,0,0,600,0,0,0
10,0,0,511,0,-1,-1,0,600,0,0,0
14,0,0,511,0,-1,-1,0,600,0,0,0
18,0,0,510,0,-1,-1,0,599,0,0,0
22,0,0,510,0,-1,-1,0,601,0,0,0
26,0,0,510,0,-1,-1,0,599,0,0,0
30,0,0,511,0,-1,-1,0,602,0,0,0
34,0,0,511,0,0,-2,0,600,0,0,0
38,0,0,511,0,0,-2,0,603,0,0,0
42,0,0,511,0,0,-3,0,602,0,0,0
46,0,0,510,0,0,-3,0,601,0,0,0
50,0,0,510,0,0,-4,1,602,0,0,0
54,0,0,511,0,1,-5,1,601,0,0,0
58,0,0,511,0,1,-5,1,600,0,0,0
62,0,0,511,0,2,-6,2,600,0,0,0
66,0,0,511,0,2,-7,2,601,0,0,0
70,0,0,511,0,2,-7,2,601,0,0,0
74,0,0,510,0,2,-8,2,599,0,0,0
78,0,0,510,0,3,-9,3,603,0,0,0
82,0,0,509,0,3,-9,3,621,0,0,0
86,0,0,509,0,4,-10,3,628,0,0,0
90,0,0,509,0,4,-11,3,631,0,0,0
94,0,0,508,0,4,-11,3,630,0,0,0
98,0,0,507,0,4,-11,3,630,0,0,0
102,0,0,507,0,4,-11,3,629,0,0,0
106,0,0,506,0,4,-11,3,624,0,0,0
110,0,0,507,0,4,-11,3,619,0,0,0
114,0,0,504,0,3,-11,3,608,0,0,0
118,0,0,503,0,3,-11,3,605,0,0,0
122,0,0,502,0,3,-10,3,606,0,0,0
126,0,0,502,0,3,-10,3,614,0,0,0
130,0,0,502,0,3,-9,3,619,0,0,0
134,0,0,502,0,3,-9,3,619,0,0,0
138,0,0,501,0,2,-8,2,617,0,0,0
142,0,0,501,0,2,-8,2,615,0,0,0
146,0,0,501,0,2,-7,2,600,0,0,0
150,0,0,501,0,2,-6,2,587,0,0,0
154,0,0,500,0,2,-6,2,578,0,0,0
158,0,0,501,0,2,-5,1,559,0,0,0
162,0,0,501,0,2,-4,1,555,0,0,0
166,0,0,502,0,2,-4,1,556,0,0,0
170,0,0,504,0,1,-3,1,554,0,0,0
174,0,0,506,0,1,-2,0,552,0,0,0
178,0,0,508,0,0,-2,0,560,0,0,0
182,0,0,508,0,0,-1,0,567,0,0,0
186,0,0,509,0,0,-1,0,574,0,0,0
190,0,0,510,0,-1,0,0,581,0,0,0
194,0,0,511,0,-2,0,0,582,0,0,0
198,0,0,512,0,-2,1,0,575,0,0,0
202,0,0,512,0,-3,1,-1,572,0,0,0
206,0,0,512,0,-4,2,-1,570,0,0,0
210,0,0,513,0,-5,2,-1,581,0,0,0
214,0,0,513,0,-6,2,-2,589,0,0,0
218,0,0,514,0,-7,2,-2,598,0,0,0
222,0,0,515,0,-8,2,-2,616,0,0,0
226,0,0,514,0,-9,3,-3,626,0,0,0
230,0,0,514,0,-10,3,-3,650,0,0,0
234,0,0,513,0,-11,3,-3,657,0,0,0
238,0,0,513,0,-12,3,-3,659,0,0,0
242,0,0,513,0,-13,3,-4,653,0,0,0
246,0,0,513,0,-14,3,-4,649,0,0,0
250,0,0,512,0,-14,4,-4,648,0,0,0
254,0,0,514,0,-15,4,-4,639,0,0,0
258,0,0,514,0,-16,5,-5,632,0,0,0
262,0,0,514,0,-17,5,-5,621,0,0,0
266,0,0,515,0,-17,6,-5,617,0,0,0
270,0,0,515,0,-18,6,-6,616,0,0,0
274,0,0,515,0,-18,7,-6,613,0,0,0
278,0,0,515,0,-19,8,-6,611,0,0,0
282,0,0,516,0,-20,9,-7,613,0,0,0
286,0,0,516,0,-20,9,-7,616,0,0,0
290,0,0,516,0,-20,10,-7,612,0,0,0
294,0,0,516,0,-21,11,-8,598,0,0,0
298,0,0,517,0,-21,12,-8,588,0,0,0
302,0,0,517,0,-22,13,-8,582,0,0,0
306,0,0,519,0,-22,13,-8,570,0,0,0
310,0,0,520,0,-22,14,-9,567,0,0,0
314,0,0,522,0,-22,15,-9,566,0,0,0
318,0,0,525,0,-23,16,-9,566,0,0,0
322,0,0,527,0,-23,16,-9,569,0,0,0
326,0,0,529,0,-24,17,-10,579,0,0,0
330,0,0,530,0,-24,18,-10,584,0,0,0
334,0,0,530,0,-24,18,-10,589,0,0,0
338,0,0,532,0,-25,19,-11,596,0,0,0
342,0,0,534,0,-25,19,-11,598,0,0,0
346,0,0,534,0,-26,20,-11,599,0,0,0
350,0,0,534,0,-26,21,-11,599,0,0,0
354,0,0,535,0,-27,21,-12,597,0,0,0
358,0,0,535,0,-27,22,-12,596,0,0,0
362,0,0,537,0,-28,23,-12,596,0,0,0
366,0,0,537,0,-28,23,-12,597,0,0,0
370,0,0,537,0,-29,24,-13,598,0,0,0
374,0,0,539,0,-29,25,-13,601,0,0,0
378,0,0,540,0,-30,26,-14,606,0,0,0
382,0,0,538,0,-30,26,-14,612,0,0,0
386,0,0,539,0,-31,27,-14,615,0,0,0
390,0,0,539,0,-31,28,-14,617,0,0,0
394,0,0,540,0,-32,29,-15,614,0,0,0
398,0,0,541,0,-32,29,-15,610,0,0,0
402,0,0,540,0,-32,30,-15,597,0,0,0
406,0,0,543,0,-33,31,-16,587,0,0,0
410,0,0,546,0,-33,32,-16,581,0,0,0
414,0,0,549,0,-33,32,-16,571,0,0,0
418,0,0,551,0,-34,33,-16,568,0,0,0
422,0,0,552,0,-34,34,-17,566,0,0,0
426,0,0,557,0,-34,35,-17,573,0,0,0
430,0,0,559,0,-35,35,-17,576,0,0,0
434,0,0,561,0,-35,36,-17,582,0,0,0
438,0,0,565,0,-36,36,-18,585,0,0,0
442,0,0,566,0,-36,37,-18,587,0,0,0
446,0,0,569,0,-36,37,-18,591,0,0,0
450,0,0,569,0,-37,37,-18,592,0,0,0
454,0,0,570,0,-37,38,-18,594,0,0,0
458,0,0,572,0,-38,38,-19,597,0,0,0
462,0,0,573,0,-38,38,-19,599,0,0,0
466,0,0,574,0,-38,39,-19,601,0,0,0
470,0,0,575,0,-39,39,-19,602,0,0,0
474,0,0,575,0,-40,39,-19,603,0,0,0
478,0,0,575,0,-40,39,-19,607,0,0,0
482,0,0,575,0,-40,39,-19,608,0,0,0
486,0,0,575,0,-41,39,-20,610,0,0,0
490,0,0,576,0,-41,40,-20,611,0,0,0
494,0,0,577,0,-42,40,-20,612,0,0,0
498,0,0,576,0,-42,40,-20,615,0,0,0
502,0,0,576,0,-42,40,-20,616,0,0,0
506,0,0,575,0,-42,40,-20,617,0,0,0
510,0,0,575,0,-43,40,-21,618,0,0,0
514,0,0,575,0,-43,40,-21,618,0,0,0
518,0,0,575,0,-43,40,-21,616,0,0,0
522,0,0,574,0,-44,40,-21,614,0,0,0
526,0,0,573,0,-44,40,-21,612,0,0,0
530,0,0,574,0,-44,41,-21,609,0,0,0
534,0,0,574,0,-44,41,-21,607,0,0,0
538,0,0,574,0,-44,41,-21,606,0,0,0
542,0,0,574,0,-44,41,-21,607,0,0,0
546,0,0,574,0,-44,41,-21,608,0,0,0
550,0,0,575,0,-45,41,-21,608,0,0,0
554,0,0,574,0,-45,41,-21,608,0,0,0
558,0,0,573,0,-45,42,-22,609,0,0,0
562,0,0,573,0,-45,42,-22,608,0,0,0
566,0,0,574,0,-45,42,-22,607,0,0,0
570,0,0,574,0,-45,42,-22,606,0,0,0
574,0,0,573,0,-45,43,-22,606,0,0,0
578,0,0,573,0,-45,43,-22,604,0,0,0
582,0,0,573,0,-45,43,-22,604,0,0,0
586,0,0,572,0,-45,44,-22,603,0,0,0
590,0,0,572,0,-45,44,-22,604,0,0,0
594,0,0,573,0,-45,44,-22,605,0,0,0
598,0,0,573,0,-45,45,-22,605,0,0,0
602,0,0,573,0,-45,45,-22,605,0,0,0
606,0,0,573,0,-45,45,-22,600,0,0,0
610,0,0,573,0,-45,46,-23,597,0,0,0
614,0,0,574,0,-45,46,-23,594,0,0,0
618,0,0,576,0,-45,47,-23,591,0,0,0
622,0,0,577,0,-45,47,-23,588,0,0,0
626,0,0,579,0,-45,47,-23,586,0,0,0
630,0,0,581,0,-45,47,-23,585,0,0,0
634,0,0,583,0,-45,48,-23,586,0,0,0
638,0,0,585,0,-45,48,-23,588,0,0,0
642,0,0,589,0,-45,48,-23,589,0,0,0
646,0,0,590,0,-45,49,-23,590,0,0,0
650,0,0,592,0,-45,49,-23,593,0,0,0
654,0,0,593,0,-45,49,-23,593,0,0,0
658,0,0,594,0,-45,49,-23,592,0,0,0
662,0,0,595,0,-45,49,-23,593,0,0,0
666,0,0,595,0,-45,49,-23,595,0,0,0
670,0,0,596,0,-45,49,-23,599,0,0,0
674,0,0,596,0,-45,49,-23,601,0,0,0
678,0,0,596,0,-45,49,-23,602,0,0,0
682,0,0,596,0,-45,49,-23,605,0,0,0
686,0,0,596,0,-45,49,-23,607,0,0,0
690,0,0,596,0,-45,49,-23,608,0,0,0
694,0,0,595,0,-45,49,-23,609,0,0,0
698,0,0,595,0,-45,49,-23,608,0,0,0
702,0,0,595,0,-45,49,-23,606,0,0,0
706,0,0,594,0,-45,49,-23,605,0,0,0
710,0,0,594,0,-45,49,-23,605,0,0,0
714,0,0,594,0,-45,49,-23,606,0,0,0
718,0,0,593,0,-45,49,-23,606,0,0,0
722,0,0,593,0,-45,49,-23,607,0,0,0
726,0,0,594,0,-45,49,-23,607,0,0,0
730,0,0,594,0,-45,49,-23,606,0,0,0
734,0,0,595,0,-45,49,-23,606,0,0,0
738,0,0,595,0,-45,49,-23,605,0,0,0
742,0,0,595,0,-45,49,-23,606,0,0,0
746,0,0,595,0,-45,49,-23,606,0,0,0
750,0,0,595,0,-45,49,-23,606,0,0,0
754,0,0,595,0,-45,49,-23,608,0,0,0
758,0,0,595,0,-45,49,-23,609,0,0,0
762,0,0,595,0,-45,49,-23,610,0,0,0
766,0,0,595,0,-45,49,-23,608,0,0,0
770,0,0,595,0,-45,49,-23,608,0,0,0
774,0,0,595,0,-45,49,-23,608,0,0,0
778,0,0,595,0,-45,49,-23,607,0,0,0
782,0,0,595,0,-45,49,-23,607,0,0,0
786,0,0,595,0,-45,49,-23,607,0,0,0
790,0,0,595,0,-45,49,-23,606,0,0,0
794,0,0,595,0,-45,49,-23,608,0,0,0
798,0,0,595,0,-45,49,-23,609,0,0,0
802,0,0,595,0,-44,49,-23,609,0,0,0
806,0,0,593,0,-44,49,-23,609,0,0,0
810,0,0,594,0,-44,49,-23,609,0,0,0
814,0,0,594,0,-44,50,-23,609,0,0,0
818,0,0,593,0,-44,50,-23,608,0,0,0
822,0,0,594,0,-44,50,-23,609,0,0,0
826,0,0,594,0,-44,50,-23,609,0,0,0
830,0,0,594,0,-44,50,-23,610,0,0,0
834,0,0,594,0,-44,50,-23,609,0,0,0
838,0,0,594,0,-43,50,-23,610,0,0,0
842,0,0,594,0,-43,51,-23,610,0,0,0
846,0,0,594,0,-43,51,-23,610,0,0,0
850,0,0,594,0,-43,51,-23,610,0,0,0
854,0,0,594,0,-42,51,-23,610,0,0,0
858,0,0,594,0,-42,52,-23,611,0,0,0
862,0,0,594,0,-42,52,-23,607,0,0,0
866,0,0,596,0,-41,52,-23,605,0,0,0
870,0,0,597,0,-41,53,-23,604,0,0,0
874,0,0,598,0,-40,53,-23,600,0,0,0
878,0,0,599,0,-40,53,-23,599,0,0,0
882,0,0,600,0,-39,53,-23,597,0,0,0
886,0,0,602,0,-38,54,-23,595,0,0,0
890,0,0,604,0,-38,54,-23,597,0,0,0
894,0,0,604,0,-38,55,-23,589,0,0,0
898,0,0,607,0,-37,55,-23,584,0,0,0
902,0,0,610,0,-36,55,-23,579,0,0,0
906,0,0,614,0,-36,56,-23,575,0,0,0
910,0,0,615,0,-35,56,-23,572,0,0,0
914,0,0,617,0,-35,57,-23,570,0,0,0
918,0,0,622,0,-34,57,-23,567,0,0,0
922,0,0,623,0,-34,57,-23,569,0,0,0
926,0,0,624,0,-33,57,-23,575,0,0,0
930,0,0,626,0,-33,58,-23,579,0,0,0
934,0,0,628,0,-32,58,-22,582,0,0,0
938,0,0,629,0,-32,58,-22,593,0,0,0
942,0,0,629,0,-32,58,-22,599,0,0,0
946,0,0,628,0,-31,58,-22,603,0,0,0
950,0,0,630,0,-30,58,-22,611,0,0,0
954,0,0,630,0,-30,58,-22,612,0,0,0
958,0,0,630,0,-30,58,-22,610,0,0,0
962,0,0,629,0,-29,58,-22,607,0,0,0
966,0,0,629,0,-28,58,-21,601,0,0,0
970,0,0,631,0,-28,58,-21,593,0,0,0
974,0,0,631,0,-27,58,-21,590,1,0,0
978,0,0,632,0,-27,58,-21,588,1,0,0
982,0,0,634,0,-26,58,-21,586,1,0,0
986,0,0,634,0,-25,58,-21,586,1,0,0
990,0,0,635,0,-25,58,-21,588,1,0,0
994,0,0,636,0,-24,58,-20,589,1,0,0
998,0,0,635,0,-24,58,-20,592,1,0,0
1002,0,0,636,0,-23,58,-20,597,1,0,0
1006,0,0,636,0,-22,58,-20,598,1,0,0
1010,0,0,636,0,-22,57,-19,599,1,0,0
1014,0,0,636,0,-21,57,-19,599,1,0,0
1018,0,0,636,0,-20,57,-19,597,1,0,0
1022,0,0,637,0,-20,57,-19,593,1,0,0
1026,0,0,639,0,-19,56,-18,592,1,0,0
1030,0,0,639,0,-19,56,-18,591,1,0,0
1034,0,0,640,0,-18,56,-18,590,1,0,0
1038,0,0,641,0,-18,55,-18,589,1,0,0
1042,0,0,641,0,-17,55,-18,589,1,0,0
1046,0,0,641,0,-16,55,-18,590,1,0,0
1050,0,0,642,0,-16,54,-17,591,1,0,0
1054,0,0,642,0,-16,53,-17,594,1,0,0
1058,0,0,641,0,-15,53,-17,597,1,0,0
1062,0,0,641,0,-15,52,-16,598,1,0,0
1066,0,0,642,0,-14,52,-16,598,1,0,0
1070,0,0,641,0,-14,51,-16,602,1,0,0
1074,0,0,640,0,-14,50,-16,612,1,0,0
1078,0,0,639,0,-13,49,-15,628,1,0,0
1082,0,0,637,0,-13,49,-15,633,1,0,0
1086,0,0,636,0,-13,48,-15,636,1,0,0
1090,0,0,633,0,-12,47,-14,644,1,0,0
1094,0,0,631,0,-12,47,-14,644,1,0,0
1098,0,0,629,0,-12,46,-14,638,1,0,0
1102,0,0,624,0,-12,45,-14,635,1,0,0
1106,0,0,622,0,-11,45,-14,632,1,0,0
1110,0,0,620,0,-11,44,-13,620,1,0,0
1114,0,0,616,0,-10,44,-13,613,1,0,0
1118,0,0,615,0,-10,43,-13,608,1,0,0
1122,0,0,613,0,-9,43,-13,603,1,0,0
1126,0,0,613,0,-9,42,-13,602,1,0,0
1130,0,0,613,0,-8,42,-12,602,1,0,0
1134,0,0,613,0,-8,42,-12,601,1,0,0
1138,0,0,613,0,-7,41,-12,602,1,0,0
1142,0,0,614,0,-7,41,-12,609,1,0,0
1146,0,0,614,0,-6,41,-11,612,1,0,0
1150,0,0,613,0,-6,40,-11,615,1,0,0
1154,0,0,612,0,-6,40,-11,619,1,0,0
1158,0,0,610,0,-5,40,-11,620,1,0,0
1162,0,0,610,0,-5,39,-11,621,1,0,0
1166,0,0,608,0,-4,39,-10,619,1,0,0
1170,0,0,607,0,-4,39,-10,616,1,0,0
1174,0,0,607,0,-3,39,-10,607,1,0,0
1178,0,0,607,0,-3,39,-10,603,1,0,0
1182,0,0,607,0,-2,39,-10,601,1,0,0
1186,0,0,608,0,-2,39,-10,597,1,0,0
1190,0,0,607,0,-1,39,-10,594,1,0,0
1194,0,0,607,0,-1,39,-10,594,1,0,0
1198,0,0,607,0,0,39,-9,594,1,0,0
1202,0,0,607,0,0,39,-9,596,1,0,0
1206,0,0,607,0,1,39,-9,599,1,0,0
1210,0,0,608,0,2,39,-9,603,1,0,0
1214,0,0,607,0,2,39,-9,605,1,0,0
1218,0,0,607,0,3,39,-9,610,1,0,0
1222,0,0,607,0,3,39,-9,610,1,0,0
1226,0,0,607,0,4,40,-9,610,1,0,0
1230,0,0,607,0,4,40,-9,607,1,0,0
1234,0,0,606,0,5,40,-8,604,1,0,0
1238,0,0,607,0,6,40,-8,602,1,0,0
1242,0,0,607,0,6,40,-8,597,1,0,0
1246,0,0,607,0,7,40,-8,594,1,0,0
1250,0,0,607,0,8,41,-8,591,1,0,0
1254,0,0,607,0,9,41,-8,592,1,0,0
1258,0,0,606,0,9,41,-8,591,1,0,0
1262,0,0,606,0,10,41,-7,592,1,0,0
1266,0,0,605,0,11,42,-7,594,1,0,0
1270,0,0,605,0,12,42,-7,595,1,0,0
1274,0,0,605,0,12,42,-7,598,1,0,0
1278,0,0,605,0,13,43,-7,600,1,0,0
1282,0,0,605,0,14,43,-7,601,1,0,0
1286,0,0,604,0,15,43,-7,601,1,0,0
1290,0,0,603,0,16,44,-6,598,1,0,0
1294,0,0,603,0,17,44,-6,597,2,0,0
1298,0,0,603,0,18,44,-6,595,2,0,0
1302,0,0,604,0,19,45,-6,594,2,0,0
1306,0,0,603,0,20,45,-6,592,2,0,0
1310,0,0,603,0,21,46,-6,592,2,0,0
1314,0,0,603,0,22,46,-6,588,2,0,0
1318,0,0,604,0,23,47,-6,583,2,0,0
1322,0,0,602,0,24,47,-5,577,2,0,0
1326,0,0,603,0,25,48,-5,569,2,0,0
1330,0,0,603,0,26,49,-5,566,2,0,0
1334,0,0,604,0,27,49,-5,563,2,0,0
1338,0,0,604,0,28,49,-5,559,2,0,0
1342,0,0,605,0,29,50,-5,559,2,0,0
1346,0,0,606,0,30,50,-5,565,2,0,0
1350,0,0,607,0,31,51,-5,568,2,0,0
1354,0,0,608,0,32,51,-4,572,2,0,0
1358,0,0,609,0,33,51,-4,580,2,0,0
1362,0,0,609,0,34,51,-4,581,2,0,0
1366,0,0,608,0,35,52,-4,583,2,0,0
1370,0,0,609,0,36,52,-4,585,3,0,0
1374,0,0,610,0,37,52,-3,586,3,0,0
1378,0,0,610,0,38,52,-3,586,3,0,0
1382,0,0,611,0,38,52,-3,585,3,0,0
1386,0,0,611,0,39,52,-3,583,3,0,0
1390,0,0,611,0,40,52,-3,584,3,0,0
1394,0,0,611,0,41,52,-2,585,3,0,0
1398,0,0,612,0,42,52,-2,585,3,0,0
1402,0,0,610,0,42,52,-2,588,3,0,0
1406,0,0,610,0,43,52,-2,591,3,0,0
1410,0,0,610,0,44,52,-2,593,3,0,0
1414,0,0,608,0,44,52,-2,597,3,0,0
1418,0,0,608,0,45,52,-1,600,3,0,0
1422,0,0,608,0,46,52,-1,605,3,0,0
1426,0,0,607,0,46,52,-1,606,3,0,0
1430,0,0,607,0,47,51,-1,606,3,0,0
1434,0,0,607,0,48,51,0,606,3,0,0
1438,0,0,605,0,48,51,0,605,3,0,0
1442,0,0,605,0,49,51,0,603,3,0,0
1446,0,0,605,0,50,51,0,600,3,0,0
1450,0,0,605,0,50,51,0,599,3,0,0
1454,0,0,604,0,51,50,0,599,3,0,0
1458,0,0,605,0,51,50,0,599,3,0,0
1462,0,0,605,0,52,50,0,598,3,0,0
1466,0,0,604,0,52,50,0,601,3,0,0
1470,0,0,602,0,53,49,1,602,3,0,0
1474,0,0,601,0,53,49,1,604,3,0,0
1478,0,0,600,0,54,49,1,610,3,0,0
1482,0,0,600,0,54,49,1,614,3,0,0
1486,0,0,599,0,54,48,1,619,3,0,0
1490,0,0,598,0,54,48,1,621,3,0,0
1494,0,0,597,0,55,48,1,624,3,0,0
1498,0,0,597,0,55,48,1,626,3,0,0
1502,0,0,596,0,56,47,2,623,3,0,0
1506,0,0,595,0,56,47,2,621,3,0,0
1510,0,0,593,0,56,47,2,614,3,0,0
1514,0,0,592,0,57,47,2,611,3,0,0
1518,0,0,592,0,57,47,2,608,3,0,0
1522,0,0,592,0,58,47,2,605,3,0,0
1526,0,0,591,0,58,47,2,602,3,0,0
1530,0,0,591,0,58,47,2,601,3,0,0
1534,0,0,591,0,59,47,3,603,3,0,0
1538,0,0,590,0,59,47,3,604,3,0,0
1542,0,0,590,0,59,47,3,607,3,0,0
1546,0,0,589,0,60,47,3,608,3,0,0
1550,0,0,589,0,60,47,3,610,3,0,0
1554,0,0,588,0,60,47,3,610,3,0,0
1558,0,0,588,0,60,47,3,611,3,0,0
1562,0,0,587,0,61,47,3,610,3,0,0
1566,0,0,587,0,61,47,3,609,3,0,0
1570,0,0,587,0,62,47,3,608,3,0,0
1574,0,0,586,0,62,47,3,606,3,0,0
1578,0,0,586,0,62,47,3,606,3,0,0
1582,0,0,586,0,62,47,3,606,3,0,0
1586,0,0,585,0,63,47,4,607,3,0,0
1590,0,0,585,0,63,47,4,607,3,0,0
1594,0,0,585,0,63,47,4,610,3,0,0
1598,0,0,584,0,64,47,4,609,3,0,0
1602,0,0,585,0,64,47,4,610,3,0,0
1606,0,0,583,0,64,47,4,610,3,0,0
1610,0,0,582,0,64,47,4,610,3,0,0
1614,0,0,582,0,65,47,4,610,3,0,0
1618,0,0,582,0,65,47,4,609,3,0,0
1622,0,0,582,0,65,47,4,610,3,0,0
1626,0,0,582,0,66,47,4,608,3,0,0
1630,0,0,581,0,66,47,4,608,3,0,0
1634,0,0,581,0,66,48,4,609,3,0,0
1638,0,0,580,0,66,48,4,608,3,0,0
1642,0,0,579,0,67,48,4,610,3,0,0
1646,0,0,579,0,67,48,4,611,3,0,0
1650,0,0,579,0,67,48,4,609,3,0,0
1654,0,0,579,0,68,48,5,610,4,0,0
1658,0,0,578,0,68,49,4,609,4,0,0
1662,0,0,577,0,68,49,4,608,4,0,0
1666,0,0,577,0,69,49,5,608,4,0,0
1670,0,0,576,0,69,49,5,607,4,0,0
1674,0,0,576,0,70,50,5,607,4,0,0
1678,0,0,575,0,70,50,5,606,4,0,0
1682,0,0,574,0,70,50,5,607,4,0,0
1686,0,0,574,0,71,51,5,606,4,0,0
1690,0,0,574,0,71,51,5,607,4,0,0
1694,0,0,573,0,72,51,5,606,4,0,0
1698,0,0,573,0,72,52,5,606,4,0,0
1702,0,0,572,0,72,53,5,605,4,0,0
1706,0,0,571,0,73,53,5,604,4,0,0
1710,0,0,571,0,74,53,5,604,4,0,0
1714,0,0,570,0,74,54,5,603,4,0,0
1718,0,0,570,0,74,55,5,596,4,0,0
1722,0,0,569,0,75,55,5,584,4,0,0
1726,0,0,568,0,76,56,5,580,4,0,0
1730,0,0,568,0,76,56,5,578,4,0,0
1734,0,0,567,0,77,57,5,572,4,0,0
1738,0,0,567,0,77,57,5,568,4,0,0
1742,0,0,567,0,78,57,5,566,4,0,0
1746,0,0,566,0,78,58,5,574,4,0,0
1750,0,0,566,0,79,58,5,578,4,0,0
1754,0,0,567,0,79,59,5,587,4,0,0
1758,0,0,567,0,80,59,5,589,4,0,0
1762,0,0,566,0,80,59,5,592,4,0,0
1766,0,0,567,0,80,60,5,597,4,0,0
1770,0,0,566,0,80,60,5,599,4,0,0
1774,0,0,566,0,80,61,4,601,4,0,0
1778,0,0,566,0,81,61,5,604,4,0,0
1782,0,0,566,0,81,61,5,606,4,0,0
1786,0,0,566,0,81,62,4,606,4,0,0
1790,0,0,567,0,81,62,4,611,4,0,0
1794,0,0,567,0,82,63,4,613,5,0,0
1798,0,0,567,0,82,63,4,612,5,0,0
1802,0,0,565,0,82,63,4,608,5,0,0
1806,0,0,565,0,82,64,4,604,5,0,0
1810,0,0,564,0,83,64,4,599,5,0,0
1814,0,0,564,0,83,65,4,597,5,0,0
1818,0,0,564,0,83,65,4,594,5,0,0
1822,0,0,564,0,84,65,4,589,5,0,0
1826,0,0,563,0,84,66,4,587,5,0,0
1830,0,0,564,0,84,66,4,588,5,0,0
1834,0,0,564,0,84,67,4,590,5,0,0
1838,0,0,564,0,84,67,4,590,5,0,0
1842,0,0,563,0,85,68,4,594,5,0,0
1846,0,0,563,0,85,68,4,596,5,0,0
1850,0,0,563,0,85,68,4,602,5,0,0
1854,0,0,563,0,85,69,4,605,5,0,0
1858,0,0,564,0,85,69,4,607,5,0,0
1862,0,0,563,0,85,69,4,612,5,0,0
1866,0,0,563,0,85,70,3,614,5,0,0
1870,0,0,563,0,86,70,4,614,5,0,0
1874,0,0,563,0,86,71,3,611,5,0,0
1878,0,0,563,0,86,71,3,609,5,0,0
1882,0,0,562,0,86,71,3,608,5,0,0
1886,0,0,562,0,86,72,3,605,5,0,0
1890,0,0,562,0,86,72,3,603,5,0,0
1894,0,0,562,0,86,73,3,600,5,0,0
1898,0,0,562,0,86,73,3,596,5,0,0
1902,0,0,564,0,86,74,3,595,5,0,0
1906,0,0,563,0,87,74,3,593,5,0,0
1910,0,0,564,0,87,74,3,595,5,0,0
1914,0,0,564,0,87,75,3,595,5,0,0
1918,0,0,564,0,87,75,3,598,5,0,0
1922,0,0,564,0,87,75,3,600,5,0,0
1926,0,0,564,0,87,76,2,606,5,0,0
1930,0,0,566,0,87,76,2,609,5,0,0
1934,0,0,566,0,87,77,2,610,5,0,0
1938,0,0,566,0,87,77,2,612,5,0,0
1942,0,0,566,0,87,77,2,614,5,0,0
1946,0,0,565,0,87,78,2,613,5,0,0
1950,0,0,566,0,87,78,2,613,5,0,0
1954,0,0,568,0,87,78,2,612,5,0,0
1958,0,0,566,0,87,79,2,608,5,0,0
1962,0,0,566,0,87,79,2,608,5,0,0
1966,0,0,565,0,88,79,2,606,5,0,0
1970,0,0,565,0,88,80,2,601,5,0,0
1974,0,0,565,0,88,80,2,600,5,0,0
1978,0,0,565,0,88,80,2,600,5,0,0
1982,0,0,566,0,88,81,1,601,5,0,0
1986,0,0,566,0,88,81,1,601,5,0,0
1990,0,0,565,0,88,81,1,602,5,0,0
1994,0,0,565,0,88,82,1,604,5,0,0
1998,0,0,565,0,88,82,1,604,5,0,0
2002,0,0,566,0,88,83,1,606,5,0,0
2006,0,0,566,0,88,83,1,607,5,0,0
2010,0,0,564,0,88,83,1,608,5,0,0
2014,0,0,565,0,88,83,1,608,5,0,0
2018,0,0,565,0,88,84,1,610,6,0,0
2022,0,0,566,0,88,84,1,609,6,0,0
2026,0,0,567,0,89,84,1,608,6,0,0
2030,0,0,567,0,89,85,1,608,6,0,0
2034,0,0,567,0,89,85,1,608,6,0,0
2038,0,0,566,0,89,85,1,607,6,0,0
2042,0,0,567,0,89,86,0,607,6,0,0
2046,0,0,567,0,89,86,0,606,6,0,0
2050,0,0,568,0,89,87,0,605,6,0,0
2054,0,0,568,0,89,87,0,604,6,0,0
2058,0,0,569,0,90,87,0,605,6,0,0
2062,0,0,569,0,90,88,0,604,6,0,0
2066,0,0,569,0,90,88,0,605,6,0,0
2070,0,0,569,0,90,89,0,605,6,0,0
2074,0,0,569,0,90,89,0,604,6,0,0
2078,0,0,569,0,90,89,0,604,6,0,0
2082,0,0,569,0,90,90,0,604,6,0,0
2086,0,0,570,0,90,90,0,602,6,0,0
2090,0,0,570,0,91,91,0,602,6,0,0
2094,0,0,570,0,91,91,0,602,6,0,0
2098,0,0,571,0,91,91,0,602,6,0,0
2102,0,0,571,0,91,92,0,601,6,0,0
2106,0,0,570,0,92,92,0,603,6,0,0
2110,0,0,571,0,92,93,0,604,6,0,0
2114,0,0,571,0,92,93,0,605,6,0,0
2118,0,0,571,0,92,93,0,603,6,0,0
2122,0,0,570,0,92,94,0,604,6,0,0
2126,0,0,570,0,93,94,0,604,6,0,0
2130,0,0,571,0,93,95,0,602,6,0,0
2134,0,0,571,0,93,95,0,600,6,0,0
2138,0,0,571,0,93,96,0,598,6,0,0
2142,0,0,571,0,94,96,0,599,6,0,0
2146,0,0,571,0,94,97,0,598,6,0,0
2150,0,0,571,0,94,97,0,598,6,0,0
2154,0,0,570,0,94,98,-1,598,6,0,0
2158,0,0,570,0,95,98,0,598,6,0,0
2162,0,0,571,0,95,99,-1,599,6,0,0
2166,0,0,571,0,96,99,0,598,6,0,0
2170,0,0,572,0,96,100,-1,598,6,0,0
2174,0,0,572,0,96,100,-1,597,6,0,0
2178,0,0,572,0,96,101,-1,598,6,0,0
2182,0,0,572,0,97,102,-1,596,6,0,0
2186,0,0,572,0,97,102,-1,596,6,0,0
2190,0,0,573,0,98,103,-1,594,7,0,0
2194,0,0,573,0,98,103,-1,595,7,0,0
2198,0,0,573,0,98,104,-1,595,7,0,0
2202,0,0,573,0,98,104,-1,594,7,0,0
2206,0,0,574,0,99,105,-1,595,7,0,0
2210,0,0,575,0,99,105,-1,594,7,0,0
2214,0,0,575,0,100,106,-1,594,7,0,0
2218,0,0,576,0,100,107,-1,595,7,0,0
2222,0,0,576,0,100,107,-1,594,7,0,0
2226,0,0,575,0,101,108,-1,594,7,0,0
2230,0,0,576,0,101,108,-1,593,7,0,0
2234,0,0,577,0,102,109,-1,594,7,0,0
2238,0,0,577,0,102,109,-1,594,7,0,0
2242,0,0,577,0,102,110,-2,593,7,0,0
2246,0,0,577,0,103,110,-1,593,7,0,0
2250,0,0,578,0,103,111,-2,592,7,0,0
2254,0,0,578,0,104,111,-1,593,7,0,0
2258,0,0,578,0,104,112,-2,593,7,0,0
2262,0,0,578,0,104,112,-2,593,7,0,0
2266,0,0,578,0,104,113,-2,594,7,0,0
2270,0,0,578,0,105,113,-2,596,7,0,0
2274,0,0,578,0,105,114,-2,597,7,0,0
2278,0,0,578,0,106,114,-2,599,7,0,0
2282,0,0,578,0,106,115,-2,600,7,0,0
2286,0,0,578,0,106,115,-2,601,7,0,0
2290,0,0,578,0,107,116,-2,601,7,0,0
2294,0,0,578,0,107,116,-2,603,7,0,0
2298,0,0,579,0,108,117,-2,603,7,0,0
2302,0,0,580,0,108,117,-2,602,7,0,0
2306,0,0,579,0,108,118,-2,601,7,0,0
2310,0,0,579,0,109,118,-2,599,7,0,0
2314,0,0,580,0,109,119,-2,598,8,0,0
2318,0,0,581,0,110,119,-2,597,8,0,0
2322,0,0,582,0,110,119,-2,597,8,0,0
2326,0,0,582,0,110,120,-2,596,8,0,0
2330,0,0,582,0,111,121,-2,595,8,0,0
2334,0,0,582,0,111,121,-2,593,8,0,0
2338,0,0,583,0,112,121,-2,594,8,0,0
2342,0,0,584,0,112,122,-2,594,8,0,0
2346,0,0,583,0,112,122,-2,593,8,0,0
2350,0,0,584,0,113,123,-2,594,8,0,0
2354,0,0,583,0,113,123,-2,597,8,0,0
2358,0,0,584,0,114,123,-2,599,8,0,0
2362,0,0,584,0,114,124,-2,601,8,0,0
2366,0,0,584,0,114,124,-2,602,8,0,0
2370,0,0,584,0,115,125,-2,604,8,0,0
2374,0,0,585,0,115,125,-2,605,8,0,0
2378,0,0,584,0,116,125,-2,605,8,0,0
2382,0,0,584,0,116,126,-2,605,8,0,0
2386,0,0,584,0,116,126,-2,605,8,0,0
2390,0,0,584,0,117,126,-2,605,8,0,0
2394,0,0,584,0,117,127,-2,602,8,0,0
2398,0,0,584,0,118,127,-2,601,8,0,0
2402,0,0,583,0,118,127,-2,599,8,0,0
2406,0,0,584,0,119,128,-2,598,8,0,0
2410,0,0,583,0,119,128,-2,597,8,0,0
2414,0,0,584,0,120,129,-2,596,8,0,0
2418,0,0,584,0,120,129,-2,596,8,0,0
2422,0,0,584,0,120,129,-2,599,8,0,0
2426,0,0,583,0,121,130,-2,598,8,0,0
2430,0,0,584,0,122,130,-2,599,8,0,0
2434,0,0,584,0,122,130,-2,602,8,0,0
2438,0,0,585,0,122,131,-2,604,8,0,0
2442,0,0,585,0,123,131,-2,605,8,0,0
2446,0,0,585,0,123,131,-2,604,8,0,0
2450,0,0,584,0,124,131,-1,606,8,0,0
2454,0,0,585,0,124,132,-2,608,9,0,0
2458,0,0,585,0,125,132,-1,607,9,0,0
2462,0,0,584,0,125,133,-2,606,9,0,0
2466,0,0,585,0,126,133,-1,603,9,0,0
2470,0,0,585,0,126,133,-1,602,9,0,0
2474,0,0,584,0,127,134,-1,600,9,0,0
2478,0,0,584,0,127,134,-1,599,9,0,0
2483,0,0,586,0,128,134,-1,597,9,0,0
2486,0,0,584,0,128,135,-1,596,9,0,0
2490,0,0,583,0,129,135,-1,596,9,0,0
2494,0,0,583,0,129,135,-1,596,9,0,0
2498,0,0,583,0,130,136,-1,597,9,0,0
2502,0,0,583,0,130,136,-1,598,9,0,0
2506,0,0,582,0,131,136,-1,600,9,0,0
2510,0,0,582,0,131,137,-1,602,9,0,0
2514,0,0,582,0,132,137,-1,603,9,0,0
2518,0,0,581,0,132,137,-1,603,9,0,0
2522,0,0,581,0,133,138,-1,605,9,0,0
2526,0,0,580,0,133,138,-1,604,9,0,0
2530,0,0,581,0,134,138,-1,604,9,0,0
2534,0,0,581,0,134,139,-1,603,9,0,0
2538,0,0,580,0,134,139,-1,602,9,0,0
2542,0,0,580,0,135,139,-1,601,9,0,0
2546,0,0,580,0,136,140,-1,600,9,0,0
2550,0,0,580,0,136,140,-1,598,9,0,0
2554,0,0,579,0,136,141,-1,597,9,0,0
2558,0,0,580,0,137,141,-1,597,9,0,0
2562,0,0,580,0,138,141,0,598,9,0,0
2566,0,0,580,0,138,142,-1,599,9,0,0
2570,0,0,580,0,138,142,-1,602,9,0,0
2574,0,0,580,0,139,142,0,603,9,0,0
2578,0,0,580,0,139,143,-1,603,9,0,0
2582,0,0,580,0,140,143,0,602,9,0,0
2586,0,0,580,0,140,143,0,603,9,0,0
2590,0,0,579,0,141,144,0,603,10,0,0
2594,0,0,579,0,141,144,0,603,10,0,0
2598,0,0,580,0,142,145,0,603,10,0,0
2602,0,0,580,0,142,145,0,602,10,0,0
2606,0,0,579,0,142,145,0,602,10,0,0
2610,0,0,578,0,143,146,0,602,10,0,0
2614,0,0,579,0,143,146,0,602,10,0,0
2618,0,0,579,0,144,147,0,602,10,0,0
2622,0,0,579,0,144,147,0,602,10,0,0
2626,0,0,578,0,145,147,0,602,10,0,0
2630,0,0,578,0,145,148,0,602,10,0,0
2634,0,0,578,0,146,148,0,604,10,0,0
2638,0,0,579,0,146,149,0,604,10,0,0
2642,0,0,579,0,146,149,0,604,10,0,0
2646,0,0,578,0,147,149,0,604,10,0,0
2650,0,0,578,0,148,150,0,603,10,0,0
2654,0,0,579,0,148,150,0,602,10,0,0
2658,0,0,579,0,148,151,0,601,10,0,0
2662,0,0,578,0,149,151,0,600,10,0,0
2666,0,0,578,0,149,151,0,598,10,0,0
2670,0,0,579,0,150,152,0,597,10,0,0
2674,0,0,579,0,150,152,0,597,10,0,0
2678,0,0,578,0,151,153,0,599,10,0,0
2682,0,0,578,0,151,153,0,599,10,0,0
2686,0,0,578,0,152,154,0,599,10,0,0
2690,0,0,578,0,152,154,0,602,10,0,0
2694,0,0,578,0,152,155,0,604,10,0,0
2698,0,0,578,0,153,155,0,604,10,0,0
2702,0,0,578,0,153,155,0,603,10,0,0
2706,0,0,578,0,154,156,0,603,10,0,0
2710,0,0,578,0,154,156,0,603,10,0,0
2714,0,0,578,0,155,157,0,601,11,0,0
2718,0,0,577,0,155,157,0,601,11,0,0
2722,0,0,577,0,156,158,0,600,11,0,0
2726,0,0,577,0,156,158,0,600,11,0,0
2730,0,0,577,0,157,159,0,599,11,0,0
2734,0,0,577,0,157,159,0,598,11,0,0
2738,0,0,577,0,158,160,0,598,11,0,0
2742,0,0,576,0,158,160,0,598,11,0,0
2746,0,0,576,0,158,161,0,599,11,0,0
2750,0,0,576,0,159,161,0,599,11,0,0
2754,0,0,576,0,160,162,0,599,11,0,0
2758,0,0,576,0,160,162,0,599,11,0,0
2762,0,0,577,0,160,163,0,599,11,0,0
2766,0,0,576,0,161,163,0,602,11,0,0
2770,0,0,576,0,161,164,0,601,11,0,0
2774,0,0,576,0,162,164,0,600,11,0,0
2778,0,0,577,0,162,165,0,600,11,0,0
2782,0,0,577,0,163,165,0,601,11,0,0
2786,0,0,577,0,163,166,0,599,11,0,0
2790,0,0,577,0,164,166,0,599,11,0,0
2794,0,0,578,0,164,167,0,600,11,0,0
2798,0,0,578,0,164,167,0,600,11,0,0
2802,0,0,577,0,165,167,0,598,11,0,0
2806,0,0,577,0,165,168,0,599,11,0,0
2810,0,0,578,0,166,169,0,601,11,0,0
2814,0,0,578,0,166,169,0,602,11,0,0
2818,0,0,578,0,166,169,0,604,11,0,0
2822,0,0,578,0,167,170,0,604,11,0,0
2826,0,0,578,0,167,171,0,605,11,0,0
2830,0,0,579,0,168,171,0,605,11,0,0
2834,0,0,578,0,168,171,0,604,11,0,0
2838,0,0,577,0,169,172,-1,604,12,0,0
2842,0,0,578,0,169,172,0,604,12,0,0
2846,0,0,578,0,170,173,0,603,12,0,0
2850,0,0,578,0,170,173,0,602,12,0,0
2854,0,0,577,0,170,174,-1,601,12,0,0
2858,0,0,577,0,171,174,0,601,12,0,0
2862,0,0,577,0,171,175,-1,601,12,0,0
2866,0,0,577,0,172,175,0,601,12,0,0
2870,0,0,577,0,172,176,-1,602,12,0,0
2874,0,0,577,0,173,176,0,602,12,0,0
2878,0,0,577,0,173,177,-1,603,12,0,0
2882,0,0,577,0,174,177,0,603,12,0,0
2886,0,0,577,0,174,178,-1,605,12,0,0
2890,0,0,577,0,174,179,-1,605,12,0,0
2894,0,0,577,0,175,179,-1,603,12,0,0
2898,0,0,578,0,176,180,-1,601,12,0,0
2902,0,0,579,0,176,180,-1,601,12,0,0
2906,0,0,578,0,176,181,-1,596,12,0,0
2910,0,0,578,0,177,181,-1,596,12,0,0
2914,0,0,579,0,178,182,-1,596,12,0,0
2918,0,0,579,0,178,183,-1,596,12,0,0
2922,0,0,578,0,179,183,-1,597,12,0,0
2926,0,0,578,0,179,184,-1,597,12,0,0
2930,0,0,579,0,180,184,-1,599,12,0,0
2934,0,0,579,0,180,185,-1,600,12,0,0
2938,0,0,579,0,180,185,-1,603,12,0,0
2942,0,0,579,0,181,186,-1,604,12,0,0
2946,0,0,579,0,182,187,-1,604,13,0,0
2950,0,0,580,0,182,187,-1,605,13,0,0
2954,0,0,579,0,183,188,-1,604,13,0,0
2958,0,0,579,0,183,188,-1,603,13,0,0
2962,0,0,579,0,184,189,-1,599,13,0,0
2966,0,0,578,0,184,190,-1,598,13,0,0
2970,0,0,578,0,185,190,-1,596,13,0,0
2974,0,0,579,0,186,191,-1,593,13,0,0
2978,0,0,579,0,186,192,-1,591,13,0,0
2982,0,0,579,0,187,192,-1,590,13,0,0
2986,0,0,579,0,187,193,-1,589,13,0,0
2990,0,0,579,0,188,194,-1,592,13,0,0
2994,0,0,579,0,188,194,-1,595,13,0,0
2998,0,0,579,0,189,195,-1,595,13,0,0
3002,0,0,580,0,190,195,-1,598,13,0,0
3006,0,0,580,0,190,196,-1,600,13,0,0
3010,0,0,580,0,191,197,-1,601,13,0,0
3014,0,0,581,0,191,197,-1,602,13,0,0
3018,0,0,581,0,192,198,-1,601,13,0,0
3022,0,0,582,0,192,199,-1,601,13,0,0
3026,0,0,582,0,193,199,-1,597,13,0,0
3030,0,0,582,0,194,200,-1,595,13,0,0
3034,0,0,583,0,194,201,-1,593,13,0,0
3038,0,0,583,0,195,201,-1,591,14,0,0
3042,0,0,584,0,196,202,-1,589,14,0,0
3046,0,0,585,0,196,203,-1,589,14,0,0
3050,0,0,584,0,197,203,-1,590,14,0,0
3054,0,0,584,0,197,204,-1,592,14,0,0
3058,0,0,584,0,198,205,-1,594,14,0,0
3062,0,0,584,0,198,205,-1,596,14,0,0
3066,0,0,584,0,199,206,-1,598,14,0,0
3070,0,0,584,0,200,206,-1,601,14,0,0
3074,0,0,584,0,200,207,-1,602,14,0,0
3078,0,0,584,0,201,208,-1,602,14,0,0
3082,0,0,584,0,201,208,-1,601,14,0,0
3086,0,0,585,0,202,209,-1,600,14,0,0
3090,0,0,585,0,202,209,-1,598,14,0,0
3094,0,0,584,0,203,210,-1,597,14,0,0
3098,0,0,585,0,204,210,-1,595,14,0,0
3102,0,0,586,0,204,211,-1,593,14,0,0
3106,0,0,585,0,205,211,-1,595,14,0,0
3110,0,0,584,0,205,212,-1,595,14,0,0
3114,0,0,586,0,206,213,-1,597,14,0,0
3118,0,0,586,0,206,213,-1,599,14,0,0
3122,0,0,587,0,207,214,-1,602,14,0,0
3126,0,0,587,0,208,214,-1,604,14,0,0
3130,0,0,588,0,208,215,-1,605,14,0,0
3134,0,0,587,0,209,215,-1,606,15,0,0
3138,0,0,587,0,209,216,-1,605,15,0,0
3142,0,0,588,0,210,216,-1,605,15,0,0
3146,0,0,588,0,210,217,-1,605,15,0,0
3150,0,0,588,0,211,217,-1,602,15,0,0
3154,0,0,588,0,212,218,-1,598,15,0,0
3158,0,0,588,0,212,218,-1,598,15,0,0
3162,0,0,589,0,213,219,-1,598,15,0,0
3166,0,0,588,0,214,219,-1,597,15,0,0
3170,0,0,587,0,214,219,-1,598,15,0,0
3174,0,0,587,0,215,220,-1,599,15,0,0
3178,0,0,587,0,216,220,-1,600,15,0,0
3182,0,0,588,0,216,221,-1,601,15,0,0
3186,0,0,587,0,217,221,-1,603,15,0,0
3190,0,0,586,0,217,222,-1,603,15,0,0
3194,0,0,587,0,218,222,-1,604,15,0,0
3198,0,0,586,0,218,223,-1,607,15,0,0
3202,0,0,586,0,219,223,-1,608,15,0,0
3206,0,0,586,0,220,224,0,607,15,0,0
3210,0,0,586,0,220,224,-1,603,15,0,0
3214,0,0,586,0,221,225,0,602,15,0,0
3218,0,0,587,0,222,225,0,600,15,0,0
3222,0,0,586,0,222,225,0,598,15,0,0
3226,0,0,585,0,223,226,0,597,15,0,0
3230,0,0,587,0,223,226,0,595,15,0,0
3234,0,0,588,0,224,227,0,595,16,0,0
3238,0,0,587,0,225,227,0,595,16,0,0
3242,0,0,587,0,225,228,0,596,16,0,0
3246,0,0,587,0,226,228,0,598,16,0,0
3250,0,0,588,0,226,229,0,600,16,0,0
3254,0,0,587,0,227,229,0,603,16,0,0
3258,0,0,587,0,228,229,0,604,16,0,0
3262,0,0,587,0,228,230,0,607,16,0,0
3266,0,0,587,0,229,230,0,607,16,0,0
3270,0,0,587,0,229,231,0,606,16,0,0
3274,0,0,588,0,230,231,0,604,16,0,0
3278,0,0,587,0,230,232,0,603,16,0,0
3282,0,0,588,0,231,232,0,601,16,0,0
3286,0,0,587,0,232,233,0,598,16,0,0
3290,0,0,586,0,232,233,0,597,16,0,0
3294,0,0,586,0,233,233,0,596,16,0,0
3298,0,0,585,0,234,234,0,596,16,0,0
3302,0,0,585,0,234,234,0,597,16,0,0
3306,0,0,585,0,235,235,0,600,16,0,0
3310,0,0,585,0,235,235,0,602,16,0,0
3314,0,0,585,0,236,236,0,603,16,0,0
3318,0,0,584,0,236,236,0,607,16,0,0
3322,0,0,584,0,237,236,0,607,16,0,0
3326,0,0,584,0,238,237,0,607,16,0,0
3330,0,0,584,0,238,237,0,605,16,0,0
3334,0,0,583,0,239,238,0,605,16,0,0
3338,0,0,583,0,240,238,0,602,16,0,0
3342,0,0,583,0,240,239,0,600,17,0,0
3346,0,0,583,0,240,239,0,600,17,0,0
3350,0,0,583,0,241,239,0,599,17,0,0
3354,0,0,583,0,242,240,0,598,17,0,0
3358,0,0,583,0,242,241,0,598,17,0,0
3362,0,0,582,0,243,241,0,603,17,0,0
3366,0,0,582,0,244,241,0,602,17,0,0
3370,0,0,583,0,244,242,0,604,17,0,0
3374,0,0,582,0,245,242,0,604,17,0,0
3378,0,0,583,0,245,243,0,605,17,0,0
3382,0,0,583,0,246,243,0,605,17,0,0
3386,0,0,582,0,246,244,0,604,17,0,0
3390,0,0,582,0,247,244,0,602,17,0,0
3394,0,0,583,0,248,245,0,598,17,0,0
3398,0,0,583,0,248,245,0,596,17,0,0
3402,0,0,582,0,249,246,0,594,17,0,0
3406,0,0,582,0,250,246,0,594,17,0,0
3410,0,0,582,0,250,247,0,594,17,0,0
3414,0,0,581,0,251,247,0,595,17,0,0
3418,0,0,580,0,251,248,0,596,17,0,0
3422,0,0,580,0,252,248,1,598,17,0,0
3426,0,0,580,0,252,249,0,602,17,0,0
3430,0,0,579,0,253,249,1,603,17,0,0
3434,0,0,579,0,253,249,1,605,17,0,0
3438,0,0,578,0,254,250,1,607,17,0,0
3442,0,0,578,0,254,250,1,608,17,0,0
3446,0,0,577,0,255,251,1,607,17,0,0
3450,0,0,577,0,256,251,1,604,18,0,0
3454,0,0,577,0,256,252,1,603,18,0,0
3458,0,0,575,0,257,252,1,600,18,0,0
3462,0,0,576,0,257,253,1,598,18,0,0
3466,0,0,576,0,258,253,1,598,18,0,0
3470,0,0,575,0,258,254,1,597,18,0,0
3474,0,0,575,0,259,254,1,597,18,0,0
3478,0,0,575,0,260,255,1,600,18,0,0
3482,0,0,575,0,260,255,1,600,18,0,0
3486,0,0,574,0,261,256,1,602,18,0,0
3490,0,0,574,0,261,256,1,604,18,0,0
3494,0,0,575,0,262,257,1,605,18,0,0
3498,0,0,575,0,262,257,1,605,18,0,0
3502,0,0,574,0,263,258,1,604,18,0,0
3506,0,0,574,0,263,258,1,603,18,0,0
3510,0,0,575,0,264,259,1,602,18,0,0
3514,0,0,574,0,264,259,1,603,18,0,0
3518,0,0,574,0,265,260,1,603,18,0,0
3522,0,0,574,0,266,260,1,601,18,0,0
3526,0,0,574,0,266,261,1,599,18,0,0
3530,0,0,575,0,266,261,1,598,18,0,0
3534,0,0,572,0,267,262,1,598,18,0,0
3538,0,0,573,0,268,262,1,598,18,0,0
3542,0,0,573,0,268,263,1,598,18,0,0
3546,0,0,571,0,268,263,1,599,18,0,0
3550,0,0,570,0,269,264,1,599,18,0,0
3554,0,0,570,0,270,265,1,600,19,0,0
3558,0,0,569,0,270,265,1,601,19,0,0
3562,0,0,568,0,270,266,1,603,19,0,0
3566,0,0,567,0,271,266,1,605,19,0,0
3570,0,0,567,0,271,267,1,605,19,0,0
3574,0,0,567,0,272,267,1,607,19,0,0
3578,0,0,566,0,272,268,1,606,19,0,0
3582,0,0,566,0,273,269,1,606,19,0,0
3586,0,0,566,0,273,269,1,603,19,0,0
3590,0,0,567,0,274,270,1,602,19,0,0
3594,0,0,567,0,274,270,1,600,19,0,0
3598,0,0,568,0,275,271,0,598,19,0,0
3602,0,0,569,0,275,272,1,597,19,0,0
3606,0,0,571,0,276,272,1,597,19,0,0
3610,0,0,574,0,276,273,0,598,19,0,0
3614,0,0,575,0,276,273,0,600,19,0,0
3618,0,0,577,0,277,274,0,602,19,0,0
3622,0,0,579,0,277,275,0,603,19,0,0
3626,0,0,581,0,278,275,0,604,19,0,0
3630,0,0,583,0,278,276,0,606,19,0,0
3634,0,0,585,0,279,276,0,607,19,0,0
3638,0,0,586,0,279,277,0,607,19,0,0
3642,0,0,591,0,280,278,0,606,19,0,0
3646,0,0,592,0,280,278,0,603,19,0,0
3650,0,0,596,0,281,279,0,600,19,0,0
3654,0,0,597,0,282,279,0,598,19,0,0
3658,0,0,600,0,282,280,0,597,19,0,0
3662,0,0,602,0,283,280,0,596,20,0,0
3666,0,0,604,0,284,281,0,594,20,0,0
3670,0,0,606,0,284,281,0,597,20,0,0
3674,0,0,608,0,285,282,0,597,20,0,0
3678,0,0,610,0,286,282,1,598,20,0,0
3682,0,0,612,0,286,283,0,599,20,0,0
3686,0,0,614,0,287,283,1,600,20,0,0
3690,0,0,615,0,288,284,1,600,20,0,0
3694,0,0,616,0,289,284,1,599,20,0,0
3698,0,0,617,0,290,284,1,599,20,0,0
3702,0,0,619,0,291,285,1,599,20,0,0
3706,0,0,620,0,292,285,1,599,20,0,0
3710,0,0,622,0,292,285,1,598,20,0,0
3714,0,0,621,0,293,285,2,599,20,0,0
3718,0,0,622,0,294,286,2,598,20,0,0
3722,0,0,622,0,295,286,2,596,20,0,0
3726,0,0,623,0,296,286,2,594,20,0,0
3730,0,0,623,0,297,286,2,594,20,0,0
3734,0,0,623,0,298,286,3,594,20,0,0
3738,0,0,623,0,300,286,3,594,20,0,0
3742,0,0,623,0,300,287,3,595,20,0,0
3746,0,0,622,0,302,287,3,598,20,0,0
3750,0,0,622,0,303,287,4,599,20,0,0
3754,0,0,623,0,304,287,4,599,21,0,0
3758,0,0,621,0,305,287,4,602,21,0,0
3762,0,0,621,0,306,287,4,602,21,0,0
3766,0,0,620,0,308,287,5,602,21,0,0
3770,0,0,619,0,309,287,5,601,21,0,0
3774,0,0,618,0,310,287,5,599,21,0,0
3778,0,0,618,0,311,287,6,597,21,0,0
3782,0,0,617,0,313,287,6,595,21,0,0
3786,0,0,617,0,314,287,6,595,21,0,0
3790,0,0,616,0,315,287,7,592,21,0,0
3794,0,0,615,0,317,287,7,592,21,0,0
3798,0,0,613,0,318,287,7,592,21,0,0
3802,0,0,613,0,320,287,8,592,21,0,0
3806,0,0,612,0,321,287,8,593,21,0,0
3810,0,0,612,0,322,287,8,594,21,0,0
3814,0,0,609,0,324,287,9,592,21,0,0
3818,0,0,609,0,325,287,9,591,21,0,0
3822,0,0,608,0,326,287,9,589,21,0,0
3826,0,0,606,0,328,287,10,587,21,0,0
3830,0,0,605,0,329,287,10,584,21,0,0
3834,0,0,602,0,331,287,10,578,21,0,0
3838,0,0,600,0,332,287,11,574,21,0,0
3842,0,0,599,0,334,287,11,571,22,0,0
3846,0,0,596,0,335,287,12,578,22,0,0
3850,0,0,595,0,336,287,12,587,22,0,0
3854,0,0,593,0,338,287,12,608,22,0,0
3858,0,0,590,0,339,287,13,611,22,0,0
3862,0,0,588,0,340,287,13,610,22,0,0
3866,0,0,584,0,341,287,13,590,22,0,0
3870,0,0,582,0,342,287,13,587,22,0,0
3874,0,0,580,0,344,287,14,593,22,0,0
3878,0,0,577,0,345,288,14,609,22,0,0
3882,0,0,575,0,346,288,14,616,22,0,0
3886,0,0,574,0,348,288,15,626,22,0,0
3890,0,0,572,0,349,288,15,632,22,0,0
3894,0,0,570,0,350,289,15,649,22,0,0
3898,0,0,566,0,352,289,15,633,22,0,0
3902,0,0,564,0,353,290,16,623,22,0,0
3906,0,0,561,0,355,290,16,585,22,0,0
3910,0,0,556,0,356,291,16,561,22,0,0
3914,0,0,555,0,358,292,16,560,23,0,0
3918,0,0,552,0,359,292,16,541,23,0,0
3922,0,0,553,0,360,293,16,560,23,0,0
3926,0,0,554,0,361,294,16,587,23,0,0
3930,0,0,561,0,362,295,16,595,23,0,0
3934,0,0,564,0,363,296,17,592,23,0,0
3938,0,0,569,0,364,296,17,579,23,0,0
3942,0,0,576,0,365,297,17,576,23,0,0
3946,0,0,578,0,366,298,17,578,23,0,0
3950,0,0,579,0,366,299,16,570,23,0,0
3954,0,0,579,0,367,300,16,556,23,0,0
3958,0,0,579,0,368,301,16,552,23,0,0
3962,0,0,578,0,369,301,17,575,23,0,0
3966,0,0,576,0,370,302,17,571,23,0,0
3970,0,0,575,0,371,303,17,569,23,0,0
3974,0,0,574,0,371,303,17,569,23,0,0
3978,0,0,573,0,372,304,17,571,23,0,0
3982,0,0,573,0,373,304,17,572,23,0,0
3986,0,0,572,0,373,305,17,573,24,0,0
3990,0,0,574,0,374,305,17,585,24,0,0
3994,0,0,573,0,374,305,17,611,24,0,0
3998,0,0,574,0,374,306,17,618,24,0,0
4002,0,0,575,0,375,306,17,621,24,0,0
4006,0,0,577,0,375,306,17,617,24,0,0
4010,0,0,578,0,376,306,17,607,24,0,0
4014,0,0,578,0,376,307,17,604,24,0,0
4018,0,0,577,0,376,307,17,608,24,0,0
4022,0,0,576,0,376,307,17,610,24,0,0
4026,0,0,574,0,377,307,17,604,24,0,0
4030,0,0,573,0,377,307,17,600,24,0,0
4034,0,0,572,0,377,308,17,597,24,0,0
4038,0,0,571,0,378,308,17,604,24,0,0
4042,0,0,570,0,378,308,17,602,24,0,0
4046,0,0,570,0,378,308,17,598,24,0,0
4050,0,0,570,0,378,308,17,597,24,0,0
4054,0,0,569,0,378,308,17,598,24,0,0
4058,0,0,569,0,378,308,17,601,24,0,0
4062,0,0,567,0,378,308,17,600,24,0,0
4066,0,0,567,0,378,308,17,596,24,0,0
4070,0,0,565,0,378,308,17,599,24,0,0
4074,0,0,563,0,377,308,17,601,24,0,0
4078,0,0,562,0,377,308,17,600,24,0,0
4082,0,0,559,0,377,307,17,600,24,0,0
4086,0,0,557,0,376,307,17,601,24,0,0
4090,0,0,553,0,376,307,17,604,24,0,0
4094,0,0,552,0,375,306,17,605,24,0,0
4098,0,0,551,0,374,306,17,602,24,0,0
4103,0,0,548,0,374,305,17,594,24,0,0
4106,0,0,546,0,373,305,17,598,24,0,0
4110,0,0,545,0,372,305,16,557,23,0,0
4114,0,0,542,0,371,304,16,565,23,0,0
4118,0,0,540,0,370,304,16,590,23,0,0
4122,0,0,538,0,369,303,16,636,23,0,0
4126,0,0,537,0,368,303,16,654,23,0,0
4130,0,0,536,0,366,303,16,668,23,0,0
4134,0,0,535,0,365,302,15,717,23,0,0
4138,0,0,535,0,364,302,15,731,23,0,0
4142,0,0,535,0,363,302,15,753,23,0,0
4146,0,0,536,0,362,302,15,752,23,0,0
4150,0,0,536,0,361,302,14,748,23,0,0
4154,0,0,536,0,360,302,14,738,23,0,0
4158,0,0,537,0,360,303,14,732,23,0,0
4162,0,0,537,0,359,303,14,722,23,0,0
4166,0,0,537,0,359,304,13,702,23,0,0
4170,0,0,538,0,359,305,13,697,23,0,0
4174,0,0,537,0,359,306,13,686,23,0,0
4178,0,0,536,0,360,307,13,675,23,0,0
4182,0,0,535,0,360,309,12,665,23,0,0
4186,0,0,534,0,361,310,12,638,23,0,0
4190,0,0,531,0,362,312,12,621,23,0,0
4194,0,0,529,0,362,314,12,608,23,0,0
4198,0,0,525,0,363,316,11,592,24,0,0
4202,0,0,524,0,364,318,11,586,24,0,0
4206,0,0,522,0,366,320,11,579,24,0,0
4210,0,0,520,0,367,322,11,569,24,0,0
4214,0,0,519,0,368,324,11,562,24,0,0
4218,0,0,518,0,369,326,10,542,24,0,0
4222,0,0,516,0,371,329,10,536,24,0,0
4226,0,0,515,0,372,331,10,537,24,0,0
4230,0,0,515,0,374,333,10,557,25,0,0
4234,0,0,511,0,376,336,10,558,25,0,0
4238,0,0,508,0,378,338,10,557,25,0,0
4242,0,0,501,0,380,341,9,546,25,0,0
4246,0,0,497,0,382,343,9,548,25,0,0
4250,0,0,493,0,384,346,9,553,25,0,0
4254,0,0,485,0,386,348,9,552,26,0,0
4258,0,0,481,0,388,351,9,546,26,0,0
4262,0,0,477,0,390,354,9,539,26,0,0
4266,0,0,471,0,392,356,9,531,26,0,0
4270,0,0,468,0,394,359,8,502,26,0,0
4274,0,0,465,0,397,362,8,499,26,0,0
4278,0,0,464,0,399,365,8,521,27,0,0
4282,0,0,465,0,401,367,8,540,27,0,0
4286,0,0,466,0,404,370,8,561,27,0,0
4290,0,0,468,0,406,373,8,567,27,0,0
4294,0,0,471,0,408,376,8,544,27,0,0
4298,0,0,477,0,411,378,8,542,27,0,0
4302,0,0,479,0,414,381,8,533,28,0,0
4306,0,0,481,0,416,384,8,534,28,0,0
4310,0,0,482,0,419,387,7,523,28,0,0
4314,0,0,482,0,422,389,8,509,28,0,0
4318,0,0,484,0,424,392,8,489,28,0,0
4322,0,0,485,0,427,395,8,479,29,0,0
4326,0,0,484,0,430,398,8,473,29,0,0
4330,0,0,483,0,432,400,8,472,29,0,0
4334,0,0,482,0,435,403,8,465,29,0,0
4338,0,0,480,0,438,406,8,466,29,0,0
4342,0,0,474,0,440,408,8,467,30,0,0
4346,0,0,472,0,443,411,8,468,30,0,0
4350,0,0,471,0,445,413,8,474,30,0,0
4354,0,0,470,0,448,415,8,474,30,0,0
4358,0,0,470,0,450,418,8,459,30,0,0
4362,0,0,468,0,452,420,8,454,30,1,0
4366,0,0,468,0,454,422,8,456,30,1,0
4370,0,0,468,0,456,423,8,459,31,1,0
4374,0,0,468,0,458,425,8,474,31,1,0
4378,0,0,470,0,460,427,8,495,31,1,0
4382,0,0,474,0,461,428,8,535,31,1,0
4386,0,0,475,0,462,429,8,562,31,1,0
4390,0,0,477,0,464,431,8,604,31,1,0
4394,0,0,479,0,464,432,8,618,31,1,0
4398,0,0,479,0,466,433,8,626,31,1,0
4402,0,0,479,0,467,434,8,646,31,1,0
4406,0,0,478,0,468,435,8,646,31,1,0
4410,0,0,477,0,469,436,8,643,32,1,0
4414,0,0,475,0,470,437,8,631,32,1,0
4418,0,0,473,0,471,438,8,627,32,1,0
4422,0,0,475,0,472,439,8,624,32,1,0
4426,0,0,473,0,474,440,8,616,32,1,0
4430,0,0,474,0,475,442,8,616,32,1,0
4434,0,0,473,0,476,443,8,614,32,1,0
4438,0,0,474,0,477,444,8,611,32,1,0
4442,0,0,474,0,478,445,8,607,32,1,0
4446,0,0,474,0,480,446,8,599,32,1,0
4450,0,0,475,0,481,447,8,592,32,1,0
4454,0,0,475,0,482,448,8,584,32,1,0
4458,0,0,475,0,483,449,8,565,33,1,0
4462,0,0,476,0,484,450,8,558,33,1,0
4466,0,0,476,0,485,451,8,551,33,1,0
4470,0,0,477,0,486,452,8,547,33,1,0
4474,0,0,477,0,487,453,8,545,33,1,0
4478,0,0,478,0,488,453,8,546,33,1,0
4482,0,0,478,0,488,454,8,544,33,1,0
4486,0,0,478,0,488,454,8,540,33,1,0
4490,0,0,479,0,489,454,8,535,33,1,0
4494,0,0,480,0,489,454,8,536,33,1,0
4498,0,0,481,0,489,454,8,523,33,1,0
4502,0,0,482,0,489,454,8,521,33,1,0
4506,0,0,482,0,488,454,8,538,33,1,0
4510,0,0,482,0,488,453,8,604,33,1,0
4514,0,0,480,0,488,453,8,632,33,1,0
4518,0,0,479,0,487,452,8,652,33,1,0
4522,0,0,479,0,486,451,8,686,33,1,0
4526,0,0,477,0,486,450,9,705,33,1,0
4530,0,0,477,0,485,449,9,723,33,1,0
4534,0,0,475,0,484,449,8,738,33,1,0
4538,0,0,475,0,483,447,8,735,32,1,0
4542,0,0,474,0,482,447,8,725,32,1,0
4546,0,0,472,0,482,446,9,715,32,1,0
4550,0,0,471,0,481,445,9,703,32,1,0
4554,0,0,471,0,480,445,8,681,32,1,0
4558,0,0,471,0,480,444,9,677,32,1,0
4562,0,0,471,0,479,443,9,673,32,1,0
4566,0,0,469,0,479,443,9,667,32,1,0
4570,0,0,469,0,478,442,9,659,32,1,0
4574,0,0,468,0,478,442,9,642,32,1,0
4578,0,0,467,0,477,441,9,637,32,1,0
4582,0,0,467,0,477,441,9,632,32,1,0
4586,0,0,466,0,476,440,9,623,32,1,0
4590,0,0,466,0,476,439,9,615,32,1,0
4594,0,0,466,0,475,439,9,608,32,1,0
4598,0,0,466,0,474,438,9,600,32,1,0
4602,0,0,466,0,474,437,9,601,32,1,0
4606,0,0,466,0,473,436,9,611,32,1,0
4610,0,0,466,0,472,435,9,617,32,1,0
4614,0,0,465,0,471,434,9,622,32,1,0
4618,0,0,465,0,470,433,9,632,31,1,0
4622,0,0,464,0,469,432,9,647,31,1,0
4626,0,0,463,0,468,431,9,686,31,1,0
4630,0,0,461,0,467,429,9,698,31,1,0
4634,0,0,460,0,466,428,9,706,31,1,0
4638,0,0,459,0,465,427,9,716,31,1,0
4642,0,0,457,0,464,426,9,718,31,1,0
4646,0,0,457,0,463,425,9,718,31,1,0
4650,0,0,456,0,462,424,9,698,31,1,0
4654,0,0,456,0,462,423,9,688,31,1,0
4658,0,0,454,0,461,423,9,683,31,1,0
4662,0,0,454,0,460,422,9,680,31,1,0
4666,0,0,453,0,460,422,9,676,31,1,0
4670,0,0,453,0,459,421,9,667,31,1,0
4674,0,0,453,0,459,421,9,661,31,1,0
4678,0,0,452,0,458,421,9,659,31,1,0
4682,0,0,453,0,458,420,9,649,31,1,0
4686,0,0,453,0,458,420,9,643,31,1,0
4690,0,0,454,0,458,420,9,637,31,1,0
4694,0,0,453,0,458,420,9,620,31,1,0
4698,0,0,453,0,458,420,9,615,31,1,0
4702,0,0,453,0,458,420,9,592,31,1,0
4706,0,0,453,0,458,421,9,577,31,1,0
4710,0,0,454,0,459,421,9,573,31,1,0
4714,0,0,453,0,459,421,9,574,31,1,0
4718,0,0,453,0,459,421,9,573,31,1,0
4722,0,0,452,0,459,421,9,569,31,1,0
4726,0,0,452,0,459,421,9,567,31,1,0
4730,0,0,452,0,460,421,9,572,31,1,0
4734,0,0,452,0,460,421,9,577,31,1,0
4738,0,0,452,0,460,421,9,583,31,1,0
4742,0,0,452,0,460,421,9,585,31,1,0
4746,0,0,452,0,460,421,9,584,31,1,0
4750,0,0,452,0,460,421,9,586,31,1,0
4754,0,0,452,0,460,421,9,588,31,1,0
4758,0,0,452,0,460,421,9,594,31,1,0
4762,0,0,452,0,460,421,9,596,31,1,0
4766,0,0,453,0,459,421,9,597,31,1,0
4770,0,0,453,0,459,420,9,598,31,1,0
4774,0,0,453,0,459,420,9,599,31,1,0
4778,0,0,453,0,459,420,9,601,31,1,0
4782,0,0,453,0,459,420,9,603,31,1,0
4786,0,0,453,0,459,420,9,602,31,1,0
4790,0,0,453,0,459,420,9,603,31,1,0
4794,0,0,453,0,459,420,9,603,31,1,0
4798,0,0,453,0,459,420,9,602,31,1,0
4802,0,0,453,0,459,420,9,602,31,1,0
4806,0,0,452,0,459,420,9,603,31,1,0
4810,0,0,453,0,459,420,9,603,31,1,0
4814,0,0,453,0,459,420,9,603,31,1,0
4818,0,0,452,0,459,420,9,604,31,1,0
4822,0,0,452,0,459,420,9,603,31,1,0
4826,0,0,452,0,459,420,9,604,31,1,0
4830,0,0,451,0,459,420,9,604,31,1,0
4834,0,0,452,0,459,420,9,603,31,1,0
4838,0,0,452,0,459,420,9,604,31,1,0
4842,0,0,452,0,459,420,9,603,31,1,0
4846,0,0,452,0,459,420,9,603,31,1,0
4850,0,0,453,0,459,420,9,604,31,1,0
4854,0,0,452,0,459,420,9,604,31,1,0
4858,0,0,452,0,460,420,10,604,31,1,0
4862,0,0,452,0,460,420,10,604,31,1,0
4866,0,0,452,0,460,421,9,606,31,1,0
4870,0,0,452,0,460,421,9,605,31,1,0
4874,0,0,451,0,460,421,9,606,31,1,0
4878,0,0,451,0,460,421,9,606,31,1,0
4882,0,0,451,0,461,421,10,606,31,1,0
4886,0,0,451,0,461,422,9,606,31,1,0
4890,0,0,452,0,461,422,9,606,31,1,0
4894,0,0,452,0,462,422,10,606,31,1,0
4898,0,0,451,0,462,423,9,606,31,1,0
4902,0,0,451,0,462,423,9,606,31,1,0
4906,0,0,450,0,463,424,9,600,31,1,0
4910,0,0,451,0,464,424,10,596,31,1,0
4914,0,0,452,0,464,425,9,591,31,1,0
4918,0,0,451,0,464,425,9,584,31,1,0
4922,0,0,451,0,465,426,9,578,31,1,0
4926,0,0,452,0,466,427,9,569,31,1,0
4930,0,0,452,0,466,427,9,549,31,1,0
4934,0,0,452,0,467,428,9,546,31,1,0
4938,0,0,452,0,467,429,9,544,31,1,0
4942,0,0,453,0,468,429,9,542,31,1,0
4946,0,0,453,0,468,430,9,543,31,1,0
4950,0,0,454,0,469,430,9,546,31,1,0
4954,0,0,455,0,469,431,9,550,31,1,0
4958,0,0,456,0,470,431,9,553,31,1,0
4962,0,0,456,0,470,431,9,563,31,1,0
4966,0,0,455,0,470,431,9,566,31,1,0
4970,0,0,455,0,470,431,9,566,31,1,0
4974,0,0,456,0,470,432,9,571,31,1,0
4978,0,0,456,0,470,432,9,573,31,1,0
4982,0,0,456,0,470,432,9,579,31,1,0
4986,0,0,457,0,470,432,9,581,31,1,0
4990,0,0,457,0,470,431,9,585,31,1,0
4994,0,0,457,0,470,431,9,586,31,1,0
4998,0,0,457,0,470,431,9,588,31,1,0
5002,0,0,456,0,470,431,9,591,31,1,0
5006,0,0,457,0,470,431,9,602,31,1,0
5010,0,0,457,0,469,430,9,608,31,1,0
5014,0,0,458,0,469,430,9,617,31,1,0
5018,0,0,458,0,469,429,10,619,31,1,0
5022,0,0,458,0,468,429,9,620,31,1,0
5026,0,0,457,0,468,429,9,623,31,1,0
5030,0,0,457,0,468,428,10,623,31,1,0
5034,0,0,457,0,468,428,10,623,31,1,0
5038,0,0,456,0,468,427,10,624,31,1,0
5042,0,0,456,0,467,427,10,623,31,1,0
5046,0,0,456,0,467,427,10,619,31,1,0
5050,0,0,456,0,467,427,10,619,31,1,0
5054,0,0,456,0,466,426,10,618,31,1,0
5058,0,0,456,0,466,426,10,616,31,1,0
5062,0,0,456,0,466,426,10,614,31,1,0
5066,0,0,455,0,466,426,10,612,31,1,0
5070,0,0,455,0,466,426,10,607,31,1,0
5074,0,0,455,0,466,425,10,607,31,1,0
5078,0,0,454,0,465,425,10,606,31,1,0
5082,0,0,454,0,465,425,10,605,31,1,0
5086,0,0,454,0,465,425,10,606,31,1,0
5090,0,0,455,0,465,425,10,607,31,1,0
5094,0,0,455,0,465,424,10,607,31,1,0
5098,0,0,455,0,465,424,10,607,31,1,0
5102,0,0,454,0,464,424,10,608,31,1,0
5106,0,0,454,0,464,424,10,608,31,1,0
5110,0,0,454,0,464,424,10,607,31,1,0
5114,0,0,454,0,464,423,10,606,31,1,0
5118,0,0,454,0,464,423,10,605,31,1,0
5122,0,0,454,0,464,423,10,600,31,1,0
5126,0,0,454,0,464,423,10,598,31,1,0
5130,0,0,454,0,464,423,10,597,31,1,0
5134,0,0,455,0,464,423,10,598,31,1,0
5138,0,0,454,0,464,423,10,600,31,1,0
5142,0,0,455,0,463,423,10,601,31,1,0
5146,0,0,454,0,463,422,10,604,31,1,0
5150,0,0,455,0,463,422,10,605,31,1,0
5154,0,0,455,0,463,422,10,607,31,1,0
5158,0,0,455,0,463,422,10,606,31,1,0
5162,0,0,455,0,463,422,10,606,31,1,0
5166,0,0,454,0,463,422,10,605,31,1,0
5170,0,0,454,0,463,422,10,604,31,1,0
5174,0,0,454,0,463,422,10,603,31,1,0
5178,0,0,454,0,462,422,10,600,31,1,0
5182,0,0,454,0,462,422,10,600,31,1,0
5186,0,0,454,0,462,421,10,597,31,1,0
5190,0,0,454,0,462,421,10,596,31,1,0
5194,0,0,454,0,462,421,10,594,31,1,0
5198,0,0,453,0,462,421,10,592,31,1,0
5202,0,0,453,0,462,421,10,590,31,1,0
5206,0,0,454,0,462,421,10,592,31,1,0
5210,0,0,454,0,462,421,10,592,31,1,0
5214,0,0,454,0,462,421,10,594,31,1,0
5218,0,0,453,0,462,421,10,595,31,1,0
5222,0,0,454,0,462,421,10,601,31,1,0
5226,0,0,454,0,462,421,10,603,31,1,0
5230,0,0,454,0,462,421,10,606,31,1,0
5234,0,0,454,0,462,421,10,606,31,1,0
5238,0,0,455,0,462,420,10,607,31,1,0
5242,0,0,455,0,462,420,10,606,31,1,0
5246,0,0,455,0,462,420,10,605,31,1,0
5250,0,0,455,0,461,420,10,602,31,1,0
5254,0,0,455,0,461,420,10,597,31,1,0
5258,0,0,455,0,461,420,10,595,31,1,0
5262,0,0,456,0,461,420,10,592,31,1,0
5266,0,0,455,0,461,420,10,590,31,1,0
5270,0,0,455,0,461,420,10,588,31,1,0
5274,0,0,456,0,461,420,10,589,31,1,0
5278,0,0,455,0,461,420,10,590,31,1,0
5282,0,0,454,0,461,420,10,592,31,1,0
5286,0,0,455,0,461,420,10,593,31,1,0
5290,0,0,455,0,461,420,10,594,31,1,0
5294,0,0,456,0,461,420,10,596,31,1,0
5298,0,0,455,0,461,420,10,598,31,1,0
5302,0,0,455,0,461,420,10,597,31,1,0
5306,0,0,455,0,461,420,10,598,31,1,0
5310,0,0,455,0,461,420,10,599,31,1,0
5314,0,0,455,0,460,420,10,599,31,1,0
5318,0,0,455,0,460,419,10,599,31,1,0
5322,0,0,454,0,460,419,10,599,31,1,0
5326,0,0,454,0,460,419,10,598,31,1,0
5330,0,0,454,0,460,419,10,599,31,1,0
5334,0,0,454,0,460,419,10,599,31,1,0
5338,0,0,454,0,460,419,10,599,31,1,0
5342,0,0,454,0,460,419,10,599,31,1,0
5346,0,0,454,0,460,419,10,600,31,1,0
5350,0,0,455,0,460,419,10,601,31,1,0
5354,0,0,455,0,460,419,10,601,31,1,0
5358,0,0,456,0,460,419,10,600,31,1,0
5362,0,0,456,0,459,419,10,599,31,1,0
5366,0,0,455,0,459,418,10,599,31,0,0
5370,0,0,457,0,459,418,10,598,31,0,0
5374,0,0,457,0,459,418,10,595,31,0,0
5378,0,0,456,0,459,418,10,593,31,0,0
5382,0,0,456,0,459,418,10,594,31,0,0
5386,0,0,456,0,459,418,10,594,31,0,0
5390,0,0,456,0,458,418,10,595,31,0,0
5394,0,0,455,0,458,417,10,598,31,0,0
5398,0,0,455,0,458,417,10,601,31,0,0
5402,0,0,455,0,458,417,10,603,31,0,0
5406,0,0,455,0,458,417,10,607,31,0,0
5410,0,0,455,0,458,417,10,608,31,0,0
5414,0,0,455,0,458,416,10,610,30,0,0
5418,0,0,457,0,457,416,10,610,30,0,0
5422,0,0,457,0,457,416,10,610,30,0,0
5426,0,0,456,0,457,416,10,609,30,0,0
5430,0,0,456,0,457,416,10,606,30,0,0
5434,0,0,456,0,456,415,10,604,30,0,0
5438,0,0,456,0,456,415,10,600,30,0,0
5442,0,0,455,0,456,415,10,599,30,0,0
5446,0,0,455,0,456,415,10,598,30,0,0
5450,0,0,456,0,456,415,10,597,30,0,0
5454,0,0,456,0,456,415,10,598,30,0,0
5458,0,0,456,0,456,414,10,600,30,0,0
5462,0,0,457,0,455,414,10,601,30,0,0
5466,0,0,457,0,455,414,10,603,30,0,0
5470,0,0,457,0,455,414,10,607,30,0,0
5474,0,0,457,0,455,413,10,607,30,0,0
5478,0,0,457,0,454,413,10,608,30,0,0
5482,0,0,456,0,454,413,10,607,30,0,0
5486,0,0,456,0,454,413,10,607,30,0,0
5490,0,0,456,0,454,413,10,607,30,0,0
5494,0,0,457,0,454,412,10,606,30,0,0
5498,0,0,458,0,454,412,10,604,30,0,0
5502,0,0,457,0,453,412,10,607,30,0,0
5506,0,0,457,0,453,412,10,606,30,0,0
5510,0,0,457,0,453,411,10,604,30,0,0
5514,0,0,457,0,453,411,10,604,30,0,0
5518,0,0,457,0,452,411,10,603,30,0,0
5522,0,0,457,0,452,411,10,601,30,0,0
5526,0,0,457,0,452,411,10,600,30,0,0
5530,0,0,457,0,452,410,10,602,30,0,0
5534,0,0,457,0,452,410,10,602,30,0,0
5538,0,0,458,0,452,410,10,601,30,0,0
5542,0,0,458,0,452,410,10,602,30,0,0
5546,0,0,458,0,451,409,10,606,30,0,0
5550,0,0,458,0,451,409,10,606,30,0,0
5554,0,0,457,0,451,409,10,605,30,0,0
5558,0,0,457,0,451,409,10,605,30,0,0
5562,0,0,457,0,450,409,10,605,30,0,0
5566,0,0,458,0,450,409,10,604,30,0,0
5570,0,0,458,0,450,408,10,602,30,0,0
5574,0,0,458,0,450,408,10,601,30,0,0
5578,0,0,458,0,450,408,10,599,30,0,0
5582,0,0,458,0,450,408,10,599,30,0,0
5586,0,0,457,0,450,407,10,600,30,0,0
5590,0,0,458,0,449,407,10,600,30,0,0
5594,0,0,458,0,449,407,10,601,30,0,0
5598,0,0,458,0,449,407,10,605,30,0,0
5602,0,0,458,0,449,407,10,606,30,0,0
5606,0,0,458,0,449,407,10,605,30,0,0
5610,0,0,458,0,448,406,10,603,30,0,0
5614,0,0,458,0,448,406,10,605,30,0,0
5618,0,0,458,0,448,406,10,607,30,0,0
5622,0,0,458,0,448,406,10,603,30,0,0
5626,0,0,458,0,448,406,10,600,30,0,0
5630,0,0,457,0,448,405,10,599,30,0,0
5634,0,0,458,0,448,405,10,601,30,0,0
5638,0,0,457,0,448,405,10,599,30,0,0
5642,0,0,457,0,447,405,10,597,30,0,0
5646,0,0,458,0,447,405,10,598,30,0,0
5650,0,0,457,0,447,405,10,600,30,0,0
5654,0,0,458,0,447,405,10,600,30,0,0
5658,0,0,458,0,447,404,10,599,30,0,0
5662,0,0,459,0,447,404,10,599,30,0,0
5666,0,0,458,0,447,404,10,601,30,0,0
5670,0,0,458,0,446,404,10,603,30,0,0
5674,0,0,458,0,446,404,10,601,30,0,0
5678,0,0,457,0,446,404,10,600,30,0,0
5682,0,0,458,0,446,403,10,600,30,0,0
5686,0,0,458,0,446,403,10,602,30,0,0
5690,0,0,457,0,446,403,10,602,30,0,0
5694,0,0,457,0,446,403,10,601,30,0,0
5698,0,0,457,0,446,403,10,599,30,0,0
5702,0,0,457,0,446,403,10,601,30,0,0
5706,0,0,458,0,446,403,10,602,30,0,0
5710,0,0,458,0,446,403,10,601,30,0,0
5714,0,0,457,0,445,402,10,600,30,0,0
5718,0,0,458,0,445,402,10,598,30,0,0
5722,0,0,459,0,445,402,10,596,30,0,0
5726,0,0,458,0,445,402,10,596,30,0,0
5730,0,0,459,0,445,402,10,594,30,0,0
5734,0,0,459,0,445,402,10,592,30,0,0
5738,0,0,457,0,445,402,10,592,30,0,0
5742,0,0,459,0,445,402,10,595,30,0,0
5746,0,0,458,0,445,402,10,597,30,0,0
5750,0,0,458,0,445,402,10,599,30,0,0
5754,0,0,458,0,445,401,11,601,29,0,0
5758,0,0,458,0,445,401,11,602,29,0,0
5762,0,0,458,0,445,401,11,602,29,0,0
5766,0,0,457,0,445,401,11,601,29,0,0
5770,0,0,458,0,444,401,10,597,29,0,0
5774,0,0,457,0,444,401,10,595,29,0,0
5778,0,0,457,0,444,401,10,594,29,0,0
5782,0,0,458,0,444,401,10,592,29,0,0
5786,0,0,457,0,444,401,10,592,29,0,0
5790,0,0,457,0,444,401,10,591,29,0,0
5794,0,0,458,0,444,401,10,596,29,0,0
5798,0,0,458,0,444,400,11,597,29,0,0
5802,0,0,458,0,444,400,11,602,29,0,0
5806,0,0,458,0,444,400,11,603,29,0,0
5810,0,0,457,0,444,400,11,605,29,0,0
5814,0,0,458,0,444,400,11,605,29,0,0
5818,0,0,459,0,444,400,11,604,29,0,0
5822,0,0,458,0,444,399,11,604,29,0,0
5826,0,0,458,0,444,399,11,601,29,0,0
5830,0,0,458,0,444,399,11,599,29,0,0
5834,0,0,458,0,444,399,11,595,29,0,0
5838,0,0,458,0,444,399,11,594,29,0,0
5842,0,0,458,0,444,399,11,593,29,0,0
5846,0,0,459,0,443,399,11,591,29,0,0
5850,0,0,458,0,443,399,11,591,29,0,0
5854,0,0,459,0,443,399,11,592,29,0,0
5858,0,0,458,0,443,399,11,594,29,0,0
5862,0,0,459,0,443,399,11,592,29,0,0
5866,0,0,459,0,443,399,11,595,29,0,0
5870,0,0,460,0,443,398,11,596,29,0,0
5874,0,0,461,0,443,398,11,598,29,0,0
5878,0,0,459,0,443,398,11,601,29,0,0
5882,0,0,459,0,442,398,11,604,29,0,0
5886,0,0,459,0,442,398,11,605,29,0,0
5890,0,0,459,0,442,397,11,606,29,0,0
5894,0,0,458,0,442,397,11,607,29,0,0
5898,0,0,458,0,442,397,11,608,29,0,0
5902,0,0,459,0,442,397,11,604,29,0,0
5906,0,0,459,0,442,397,11,602,29,0,0
5910,0,0,459,0,442,396,11,601,29,0,0
5914,0,0,459,0,441,396,11,603,29,0,0
5918,0,0,460,0,441,396,11,601,29,0,0
5922,0,0,460,0,441,396,11,598,29,0,0
5926,0,0,461,0,441,396,11,598,29,0,0
5930,0,0,460,0,441,396,11,601,29,0,0
5934,0,0,460,0,441,395,11,600,29,0,0
5938,0,0,459,0,440,395,11,598,29,0,0
5942,0,0,460,0,440,395,11,599,29,0,0
5946,0,0,459,0,440,395,11,605,29,0,0
5950,0,0,459,0,440,395,11,605,29,0,0
5954,0,0,460,0,440,394,11,604,29,0,0
5958,0,0,461,0,440,394,11,604,29,0,0
5962,0,0,461,0,439,394,11,606,29,0,0
5966,0,0,461,0,439,394,11,608,29,0,0
5970,0,0,461,0,439,393,11,607,29,0,0
5974,0,0,461,0,439,393,11,606,29,0,0
5978,0,0,460,0,438,393,11,605,29,0,0
5982,0,0,460,0,438,393,11,604,29,0,0
5986,0,0,461,0,438,393,11,602,29,0,0
5990,0,0,461,0,438,392,11,603,29,0,0
5994,0,0,462,0,438,392,11,603,29,0,0
5998,0,0,462,0,438,392,11,603,29,0,0
6002,0,0,462,0,438,392,11,603,29,0,0
6006,0,0,462,0,437,392,11,603,29,0,0
6010,0,0,462,0,437,391,11,603,29,0,0
6014,0,0,462,0,437,391,11,605,29,0,0
6018,0,0,462,0,437,391,11,606,29,0,0
6022,0,0,462,0,436,391,11,604,29,0,0
6026,0,0,463,0,436,391,11,601,29,0,0
6030,0,0,463,0,436,391,11,602,29,0,0
6034,0,0,463,0,436,390,11,603,29,0,0
6038,0,0,463,0,436,390,11,603,29,0,0
6042,0,0,464,0,436,390,11,601,29,0,0
6046,0,0,464,0,436,390,11,602,29,0,0
6050,0,0,464,0,435,390,11,604,29,0,0
6054,0,0,464,0,435,389,11,602,29,0,0
6058,0,0,465,0,435,389,11,600,29,0,0
6062,0,0,465,0,435,389,11,602,29,0,0
6066,0,0,464,0,435,389,11,604,29,0,0
6070,0,0,464,0,434,389,11,604,29,0,0
6074,0,0,465,0,434,389,11,601,29,0,0
6078,0,0,465,0,434,389,11,600,29,0,0
6082,0,0,465,0,434,388,11,603,29,0,0
6086,0,0,465,0,434,388,11,603,29,0,0
6090,0,0,466,0,434,388,11,602,29,0,0
6094,0,0,466,0,434,388,11,601,29,0,0
6098,0,0,466,0,433,388,11,601,29,0,0
6102,0,0,466,0,433,388,11,602,29,0,0
6106,0,0,466,0,433,388,11,602,29,0,0
6110,0,0,466,0,433,387,11,602,29,0,0
6114,0,0,466,0,433,387,11,599,29,0,0
6118,0,0,466,0,433,387,11,599,29,0,0
6122,0,0,466,0,432,387,11,599,29,0,0
6126,0,0,466,0,432,387,11,599,29,0,0
6130,0,0,466,0,432,387,11,598,29,0,0
6134,0,0,465,0,432,387,11,598,29,0,0
6138,0,0,466,0,432,387,11,600,29,0,0
6142,0,0,467,0,432,386,11,601,29,0,0
6146,0,0,467,0,432,386,11,601,29,0,0
6150,0,0,468,0,432,386,11,602,29,0,0
6154,0,0,467,0,431,386,11,602,28,0,0
6158,0,0,468,0,431,386,11,602,28,0,0
6162,0,0,468,0,431,386,11,601,28,0,0
6166,0,0,467,0,431,386,11,600,28,0,0
6170,0,0,468,0,431,386,11,599,28,0,0
6174,0,0,468,0,431,385,11,599,28,0,0
6178,0,0,468,0,431,385,11,599,28,0,0
6182,0,0,467,0,430,385,11,599,28,0,0
6186,0,0,467,0,430,385,11,599,28,0,0
6190,0,0,467,0,430,385,11,598,28,0,0
6194,0,0,467,0,430,385,11,598,28,0,0
6198,0,0,467,0,430,385,11,598,28,0,0
6202,0,0,468,0,430,385,11,599,28,0,0
6206,0,0,468,0,430,385,11,599,28,0,0
6210,0,0,469,0,430,384,11,601,28,0,0
6214,0,0,469,0,429,384,11,601,28,0,0
6218,0,0,469,0,429,384,11,601,28,0,0
6222,0,0,469,0,429,384,11,601,28,0,0
6226,0,0,470,0,429,384,11,601,28,0,0
6230,0,0,470,0,429,384,11,601,28,0,0
6234,0,0,469,0,429,384,11,598,28,0,0
6238,0,0,468,0,428,384,11,598,28,0,0
6242,0,0,469,0,428,383,11,598,28,0,0
6246,0,0,468,0,428,383,11,600,28,0,0
6250,0,0,468,0,428,383,11,600,28,0,0
6254,0,0,468,0,428,383,11,600,28,0,0
6258,0,0,468,0,428,383,11,600,28,0,0
6262,0,0,468,0,428,383,11,601,28,0,0
6266,0,0,469,0,428,383,11,602,28,0,0
6270,0,0,469,0,427,383,11,603,28,0,0
6274,0,0,468,0,427,382,11,605,28,0,0
6278,0,0,470,0,427,382,11,604,28,0,0
6282,0,0,470,0,427,382,11,604,28,0,0
6286,0,0,470,0,427,382,11,601,28,0,0
6290,0,0,470,0,427,382,11,600,28,0,0
6294,0,0,469,0,426,382,11,600,28,0,0
6298,0,0,469,0,426,382,11,597,28,0,0
6302,0,0,469,0,426,381,11,597,28,0,0
6306,0,0,468,0,426,381,11,598,28,0,0
6310,0,0,469,0,426,381,11,597,28,0,0
6314,0,0,468,0,426,381,11,598,28,0,0
6318,0,0,468,0,426,381,11,599,28,0,0
6322,0,0,469,0,426,381,11,601,28,0,0
6326,0,0,469,0,426,380,11,603,28,0,0
6330,0,0,469,0,425,380,11,604,28,0,0
6334,0,0,471,0,425,380,11,606,28,0,0
6338,0,0,471,0,425,380,11,606,28,0,0
6342,0,0,470,0,425,380,11,606,28,0,0
6346,0,0,470,0,425,380,11,603,28,0,0
6350,0,0,469,0,424,380,11,601,28,0,0
6354,0,0,469,0,424,379,11,598,28,0,0
6358,0,0,469,0,424,379,11,598,28,0,0
6362,0,0,469,0,424,379,11,597,28,0,0
6366,0,0,469,0,424,379,11,595,28,0,0
6370,0,0,468,0,424,379,11,595,28,0,0
6374,0,0,469,0,424,379,11,598,28,0,0
6378,0,0,469,0,424,379,11,599,28,0,0
6382,0,0,469,0,423,378,11,601,28,0,0
6386,0,0,470,0,423,378,11,605,28,0,0
6390,0,0,471,0,423,378,11,606,28,0,0
6394,0,0,471,0,423,378,11,607,28,0,0
6398,0,0,470,0,423,378,11,608,28,0,0
6402,0,0,469,0,422,377,11,607,28,0,0
6406,0,0,470,0,422,377,11,603,28,0,0
6410,0,0,470,0,422,377,11,601,28,0,0
6414,0,0,470,0,422,377,11,601,28,0,0
6418,0,0,469,0,422,377,11,601,28,0,0
6422,0,0,469,0,422,377,11,599,28,0,0
6426,0,0,470,0,422,377,11,597,28,0,0
6430,0,0,470,0,422,377,11,599,28,0,0
6434,0,0,470,0,421,376,11,601,28,0,0
6438,0,0,471,0,421,376,11,604,28,0,0
6442,0,0,471,0,421,376,11,603,28,0,0
6446,0,0,470,0,421,376,11,602,28,0,0
6450,0,0,471,0,421,376,11,603,28,0,0
6454,0,0,471,0,420,376,11,603,28,0,0
6458,0,0,470,0,420,375,11,604,28,0,0
6462,0,0,470,0,420,375,11,602,28,0,0
6466,0,0,470,0,420,375,11,601,28,0,0
6470,0,0,470,0,420,375,11,602,28,0,0
6474,0,0,470,0,420,375,11,602,28,0,0
6478,0,0,471,0,420,375,11,602,28,0,0
6482,0,0,471,0,419,375,11,601,28,0,0
6486,0,0,471,0,419,374,11,602,28,0,0
6490,0,0,471,0,419,374,11,602,28,0,0
6494,0,0,471,0,419,374,11,604,28,0,0
6498,0,0,471,0,419,374,11,603,28,0,0
6502,0,0,471,0,418,374,11,603,28,0,0
6506,0,0,471,0,418,374,11,602,28,0,0
6510,0,0,470,0,418,374,11,602,28,0,0
6514,0,0,470,0,418,374,11,602,28,0,0
6518,0,0,470,0,418,373,11,601,28,0,0
6522,0,0,470,0,418,373,11,601,28,0,0
6526,0,0,470,0,418,373,11,601,28,0,0
6530,0,0,470,0,418,373,11,601,28,0,0
6534,0,0,470,0,417,373,11,600,28,0,0
6538,0,0,470,0,417,373,11,600,28,0,0
6542,0,0,470,0,417,373,11,601,28,0,0
6546,0,0,470,0,417,373,11,603,28,0,0
6550,0,0,470,0,417,373,11,603,28,0,0
6554,0,0,470,0,417,373,11,602,28,0,0
6558,0,0,470,0,416,373,11,601,28,0,0
6562,0,0,471,0,416,373,10,599,27,0,0
6566,0,0,470,0,416,373,10,599,27,0,0
6570,0,0,471,0,416,373,10,597,27,0,0
6574,0,0,470,0,416,372,11,596,27,0,0
6578,0,0,469,0,416,372,11,596,27,0,0
6582,0,0,470,0,416,372,11,596,27,0,0
6586,0,0,470,0,416,372,11,596,27,0,0
6590,0,0,471,0,416,372,11,596,27,0,0
6594,0,0,471,0,416,372,11,598,27,0,0
6598,0,0,471,0,416,372,11,600,27,0,0
6602,0,0,471,0,415,372,10,603,27,0,0
6606,0,0,471,0,415,372,10,604,27,0,0
6610,0,0,471,0,415,372,10,604,27,0,0
6614,0,0,471,0,415,372,10,604,27,0,0
6618,0,0,471,0,415,372,10,604,27,0,0
6622,0,0,471,0,415,372,10,601,27,0,0
6626,0,0,471,0,415,372,10,600,27,0,0
6630,0,0,470,0,414,372,10,597,27,0,0
6634,0,0,471,0,414,372,10,595,27,0,0
6638,0,0,471,0,414,372,10,593,27,0,0
6642,0,0,470,0,414,372,10,592,27,0,0
6646,0,0,470,0,414,372,10,593,27,0,0
6650,0,0,470,0,414,372,10,594,27,0,0
6654,0,0,470,0,414,371,10,596,27,0,0
6658,0,0,470,0,414,371,10,598,27,0,0
6662,0,0,470,0,414,371,10,599,27,0,0
6666,0,0,470,0,414,371,10,600,27,0,0
6670,0,0,470,0,414,371,10,601,27,0,0
6674,0,0,471,0,413,371,10,603,27,0,0
6678,0,0,470,0,413,371,10,604,27,0,0
6682,0,0,471,0,413,371,10,604,27,0,0
6686,0,0,471,0,413,371,10,603,27,0,0
6690,0,0,471,0,413,371,10,604,27,0,0
6694,0,0,471,0,413,371,10,602,27,0,0
6698,0,0,471,0,413,371,10,601,27,0,0
6702,0,0,471,0,412,371,10,601,27,0,0
6706,0,0,471,0,412,371,10,602,27,0,0
6710,0,0,470,0,412,371,10,600,27,0,0
6714,0,0,470,0,412,370,10,599,27,0,0
6718,0,0,472,0,412,370,10,598,27,0,0
6722,0,0,471,0,412,370,10,597,27,0,0
6726,0,0,471,0,412,370,10,597,27,0,0
6730,0,0,472,0,412,370,10,596,27,0,0
6734,0,0,472,0,412,370,10,597,27,0,0
6738,0,0,473,0,411,370,10,597,27,0,0
6742,0,0,473,0,411,370,10,599,27,0,0
6746,0,0,473,0,411,370,10,600,27,0,0
6750,0,0,473,0,411,370,10,602,27,0,0
6754,0,0,472,0,411,370,10,604,27,0,0
6758,0,0,472,0,410,370,10,604,27,0,0
6762,0,0,472,0,410,370,10,603,27,0,0
6766,0,0,472,0,410,370,10,603,27,0,0
6770,0,0,473,0,410,370,10,603,27,0,0
6774,0,0,472,0,410,370,10,601,27,0,0
6778,0,0,472,0,410,369,10,599,27,0,0
6782,0,0,472,0,410,369,10,599,27,0,0
6786,0,0,472,0,410,369,10,601,27,0,0
6790,0,0,472,0,409,369,10,602,27,0,0
6794,0,0,472,0,409,369,10,602,27,0,0
6798,0,0,473,0,409,369,10,600,27,0,0
6802,0,0,472,0,409,369,10,601,27,0,0
6806,0,0,472,0,409,369,10,601,27,0,0
6810,0,0,473,0,408,369,9,601,27,0,0
6814,0,0,472,0,408,369,9,601,27,0,0
6818,0,0,472,0,408,369,9,601,27,0,0
6822,0,0,472,0,408,369,9,602,27,0,0
6826,0,0,471,0,408,369,9,602,27,0,0
6830,0,0,472,0,408,369,9,600,27,0,0
6834,0,0,473,0,408,369,9,600,27,0,0
6838,0,0,473,0,408,369,9,601,27,0,0
6842,0,0,473,0,407,369,9,601,27,0,0
6846,0,0,474,0,407,368,9,599,27,0,0
6850,0,0,474,0,407,368,9,601,27,0,0
6854,0,0,474,0,407,368,9,601,27,0,0
6858,0,0,473,0,407,368,9,599,27,0,0
6862,0,0,474,0,407,368,9,598,27,0,0
6866,0,0,473,0,406,368,9,599,27,0,0
6870,0,0,474,0,406,368,9,597,27,0,0
6874,0,0,473,0,406,368,9,601,27,0,0
6878,0,0,473,0,406,368,9,602,27,0,0
6882,0,0,473,0,406,367,9,601,27,0,0
6886,0,0,473,0,406,367,9,602,27,0,0
6890,0,0,473,0,406,367,9,605,27,0,0
6894,0,0,473,0,405,367,9,603,27,0,0
6898,0,0,473,0,405,367,9,602,27,0,0
6902,0,0,473,0,405,367,9,604,27,0,0
6906,0,0,473,0,405,367,9,607,27,0,0
6910,0,0,473,0,404,367,9,606,27,0,0
6914,0,0,474,0,404,367,9,609,27,0,0
6918,0,0,473,0,404,366,9,611,27,0,0
6922,0,0,475,0,404,366,9,609,27,0,0
6926,0,0,474,0,404,366,9,610,27,0,0
6930,0,0,473,0,404,366,9,609,27,0,0
6934,0,0,475,0,404,366,9,609,27,0,0
6938,0,0,474,0,404,366,9,611,27,0,0
6942,0,0,473,0,404,366,9,608,27,0,0
6946,0,0,473,0,403,366,9,610,27,0,0
6950,0,0,473,0,403,366,9,611,27,0,0
6954,0,0,474,0,403,366,9,609,27,0,0
6958,0,0,473,0,403,366,9,609,27,0,0
6962,0,0,473,0,403,366,9,608,27,0,0
6966,0,0,474,0,403,366,9,607,27,0,0
6970,0,0,472,0,403,366,9,610,27,0,0
6974,0,0,472,0,404,366,9,609,27,0,0
6978,0,0,472,0,404,366,9,611,27,0,0
6982,0,0,472,0,404,366,9,610,27,0,0
6986,0,0,472,0,404,366,9,608,27,0,0
6990,0,0,472,0,404,366,9,610,27,0,0
6994,0,0,471,0,404,366,9,608,27,0,0
6998,0,0,473,0,404,366,9,606,27,0,0
7002,0,0,471,0,404,366,9,605,27,0,0
7006,0,0,471,0,404,366,9,604,27,0,0
7010,0,0,471,0,405,366,9,604,27,0,0
7014,0,0,472,0,405,367,9,604,27,0,0
7018,0,0,471,0,405,367,9,603,27,0,0
7022,0,0,471,0,405,367,9,604,27,0,0
7026,0,0,471,0,406,367,9,605,27,0,0
7030,0,0,471,0,406,367,9,605,27,0,0
7034,0,0,470,0,406,368,9,606,27,0,0
7038,0,0,470,0,406,368,9,605,27,0,0
7042,0,0,470,0,407,368,9,606,27,0,0
7046,0,0,470,0,407,368,9,601,27,0,0
7050,0,0,470,0,407,369,9,600,27,0,0
7054,0,0,470,0,408,369,9,601,27,0,0
7058,0,0,469,0,408,369,9,601,27,0,0
7062,0,0,468,0,408,370,9,604,27,0,0
7066,0,0,469,0,409,370,9,612,27,0,0
7070,0,0,469,0,410,371,9,615,27,0,0
7074,0,0,468,0,410,371,9,612,27,0,0
7078,0,0,468,0,410,372,9,610,27,0,0
7082,0,0,468,0,411,373,9,605,27,0,0
7086,0,0,468,0,412,373,9,586,27,0,0
7090,0,0,468,0,412,374,9,577,27,0,0
7094,0,0,468,0,413,375,9,569,27,0,0
7098,0,0,469,0,413,375,9,550,27,0,0
7102,0,0,469,0,414,376,9,537,28,0,0
7106,0,0,469,0,414,377,9,526,28,0,0
7110,0,0,469,0,415,377,9,520,28,0,0
7114,0,0,468,0,415,378,9,524,28,0,0
7118,0,0,469,0,416,378,9,535,28,0,0
7122,0,0,469,0,416,378,9,521,28,0,0
7126,0,0,470,0,416,378,9,513,28,0,0
7130,0,0,470,0,416,379,9,546,28,0,0
7134,0,0,469,0,416,378,9,554,28,0,0
7138,0,0,470,0,416,378,9,552,28,0,0
7142,0,0,470,0,416,378,9,561,28,0,0
7146,0,0,470,0,416,377,9,573,28,0,0
7150,0,0,471,0,415,377,9,581,28,0,0
7154,0,0,470,0,414,376,9,587,28,0,0
7158,0,0,469,0,414,376,9,595,28,0,0
7162,0,0,469,0,413,375,9,607,27,0,0
7166,0,0,469,0,412,374,9,608,27,0,0
7170,0,0,469,0,412,373,9,610,27,0,0
7174,0,0,468,0,411,373,9,616,27,0,0
7178,0,0,468,0,410,372,9,621,27,0,0
7182,0,0,466,0,409,371,9,638,27,0,0
7186,0,0,466,0,408,370,9,679,27,0,0
7190,0,0,466,0,407,369,9,697,27,0,0
7194,0,0,465,0,406,369,9,711,27,0,0
7198,0,0,465,0,406,368,9,712,27,0,0
7202,0,0,465,0,405,367,9,710,27,0,0
7206,0,0,464,0,404,367,9,694,27,0,0
7210,0,0,463,0,404,367,9,687,27,0,0
7214,0,0,463,0,403,367,9,673,27,0,0
7218,0,0,463,0,403,367,9,651,27,0,0
7222,0,0,463,0,403,367,9,634,27,0,0
7226,0,0,463,0,403,367,9,610,27,0,0
7230,0,0,462,0,403,367,9,601,27,0,0
7234,0,0,461,0,403,367,9,595,27,0,0
7238,0,0,461,0,403,368,8,589,27,0,0
7242,0,0,460,0,403,368,8,590,27,0,0
7246,0,0,461,0,403,368,8,591,27,0,0
7250,0,0,460,0,403,368,8,598,27,0,0
7254,0,0,460,0,403,369,8,599,27,0,0
7258,0,0,459,0,403,369,8,598,27,0,0
7262,0,0,458,0,403,369,8,602,27,0,0
7266,0,0,458,0,403,369,8,603,27,0,0
7270,0,0,458,0,403,369,8,605,27,0,0
,,,,,,,,,,,
