0	0	0	583	0	0	0	0	625	0	0	0
2	0	0	583	0	0	0	0	624	0	0	0
6	0	0	584	0	0	0	0	623	0	0	0
10	0	0	584	0	0	0	0	623	0	0	0
14	0	0	584	0	0	0	0	620	0	0	0
18	0	0	583	0	0	0	0	618	0	0	0
22	0	0	584	0	0	-1	0	619	0	0	0
26	0	0	584	0	1	-1	0	620	0	0	0
30	0	0	584	0	1	-1	0	620	0	0	0
34	0	0	584	0	1	-1	0	620	0	0	0
38	0	0	584	0	1	-1	0	620	0	0	0
42	0	0	584	0	1	-2	0	618	0	0	0
46	0	0	585	0	2	-2	1	617	0	0	0
50	0	0	585	0	2	-2	1	614	0	0	0
54	0	0	583	0	2	-3	1	612	0	0	0
58	0	0	584	0	2	-3	1	612	0	0	0
62	0	0	583	0	2	-3	1	611	0	0	0
66	0	0	584	0	2	-4	1	610	0	0	0
70	0	0	585	0	2	-5	1	611	0	0	0
74	0	0	585	0	3	-5	2	610	0	0	0
78	0	0	585	0	3	-6	2	612	0	0	0
82	0	0	586	0	3	-7	2	614	0	0	0
86	0	0	586	0	3	-7	2	614	0	0	0
90	0	0	587	0	2	-8	2	617	0	0	0
94	0	0	588	0	2	-8	2	625	0	0	0
98	0	0	589	0	2	-9	2	643	0	0	0
102	0	0	590	0	1	-9	2	649	0	0	0
106	0	0	591	0	1	-9	2	653	0	0	0
110	0	0	591	0	0	-10	2	655	0	0	0
114	0	0	592	0	-1	-10	2	659	0	0	0
118	0	0	592	0	-1	-10	2	659	0	0	0
122	0	0	592	0	-2	-10	2	660	0	0	0
126	0	0	593	0	-2	-10	2	659	0	0	0
130	0	0	593	0	-3	-10	1	654	0	0	0
134	0	0	594	0	-3	-10	1	644	0	0	0
138	0	0	596	0	-4	-10	1	644	0	0	0
142	0	0	596	0	-5	-10	1	646	0	0	0
146	0	0	596	0	-5	-10	1	646	0	0	0
150	0	0	598	0	-6	-10	1	649	0	0	0
154	0	0	598	0	-6	-9	0	651	0	0	0
158	0	0	598	0	-7	-9	0	643	0	0	0
162	0	0	599	0	-7	-9	0	631	0	0	0
166	0	0	601	0	-8	-9	0	618	0	0	0
170	0	0	601	0	-8	-8	0	603	0	0	0
174	0	0	603	0	-8	-8	0	599	0	0	0
178	0	0	602	0	-9	-7	0	595	0	0	0
182	0	0	601	0	-9	-7	0	597	0	0	0
186	0	0	597	0	-10	-7	0	600	0	0	0
190	0	0	595	0	-10	-6	-1	606	0	0	0
194	0	0	593	0	-11	-6	-1	619	0	0	0
198	0	0	590	0	-11	-6	-1	626	0	0	0
202	0	0	589	0	-12	-5	-1	633	0	0	0
206	0	0	588	0	-13	-5	-1	641	0	0	0
210	0	0	585	0	-13	-5	-2	643	0	0	0
214	0	0	585	0	-14	-5	-2	642	0	0	0
218	0	0	584	0	-14	-4	-2	637	0	0	0
222	0	0	582	0	-15	-4	-2	637	0	0	0
226	0	0	581	0	-15	-3	-3	638	0	0	0
230	0	0	580	0	-16	-3	-3	642	0	0	0
234	0	0	577	0	-16	-3	-3	646	0	0	0
238	0	0	576	0	-17	-2	-3	648	0	0	0
242	0	0	575	0	-17	-1	-4	647	0	0	0
246	0	0	575	0	-17	-1	-4	645	0	0	0
250	0	0	574	0	-18	0	-4	646	0	0	0
254	0	0	573	0	-18	1	-4	648	0	0	0
258	0	0	572	0	-18	1	-4	650	0	0	0
262	0	0	572	0	-18	2	-5	655	0	0	0
266	0	0	571	0	-18	3	-5	654	0	0	0
270	0	0	568	0	-18	4	-5	645	0	0	0
274	0	0	569	0	-17	5	-5	636	0	0	0
278	0	0	569	0	-17	6	-5	614	0	0	0
282	0	0	567	0	-17	7	-6	604	0	0	0
286	0	0	567	0	-16	8	-6	591	0	0	0
290	0	0	565	0	-16	9	-6	564	0	0	0
294	0	0	560	0	-15	10	-6	554	0	0	0
298	0	0	557	0	-15	11	-6	548	0	0	0
302	0	0	555	0	-14	13	-6	544	0	0	0
306	0	0	548	0	-14	13	-6	545	0	0	0
310	0	0	547	0	-14	14	-7	549	0	0	0
314	0	0	544	0	-13	15	-7	564	0	0	0
318	0	0	540	0	-13	16	-7	568	0	0	0
322	0	0	539	0	-13	16	-7	567	0	0	0
326	0	0	538	0	-13	17	-7	572	0	0	0
330	0	0	536	0	-13	17	-7	577	0	0	0
334	0	0	535	0	-13	18	-7	579	0	0	0
338	0	0	534	0	-13	18	-7	583	0	0	0
342	0	0	531	0	-13	18	-7	589	0	0	0
346	0	0	530	0	-13	18	-7	595	0	0	0
350	0	0	530	0	-13	18	-7	622	0	0	0
354	0	0	529	0	-13	18	-7	639	0	0	0
358	0	0	529	0	-13	18	-7	652	0	0	0
362	0	0	529	0	-14	18	-8	669	0	0	0
366	0	0	531	0	-14	18	-8	675	0	0	0
370	0	0	532	0	-14	18	-8	679	0	0	0
374	0	0	534	0	-14	18	-8	673	0	0	0
378	0	0	536	0	-13	18	-7	671	0	0	0
382	0	0	537	0	-13	18	-7	669	0	0	0
386	0	0	538	0	-13	19	-8	664	0	0	0
390	0	0	539	0	-12	19	-8	662	0	0	0
394	0	0	541	0	-12	19	-7	666	0	0	0
398	0	0	541	0	-11	19	-7	669	0	0	0
402	0	0	541	0	-11	20	-7	668	0	0	0
406	0	0	542	0	-10	21	-7	671	0	0	0
410	0	0	543	0	-9	21	-7	666	0	0	0
414	0	0	545	0	-8	22	-7	652	0	0	0
418	0	0	545	0	-7	23	-7	632	0	0	0
422	0	0	545	0	-6	23	-7	591	0	0	0
426	0	0	543	0	-5	24	-7	573	0	0	0
430	0	0	541	0	-4	25	-7	550	0	0	0
434	0	0	538	0	-2	26	-7	519	0	0	0
438	0	0	531	0	-1	27	-7	520	0	0	0
442	0	0	527	0	0	28	-7	522	0	0	0
446	0	0	524	0	1	29	-7	519	1	0	0
450	0	0	518	0	2	29	-6	526	1	0	0
454	0	0	516	0	3	30	-6	538	1	0	0
458	0	0	515	0	4	30	-6	556	1	0	0
462	0	0	514	0	4	31	-6	557	1	0	0
466	0	0	513	0	5	31	-6	558	1	0	0
470	0	0	512	0	6	31	-6	563	1	0	0
474	0	0	512	0	6	31	-6	578	1	0	0
478	0	0	511	0	6	31	-6	603	1	0	0
482	0	0	511	0	7	30	-5	650	1	0	0
486	0	0	511	0	7	30	-5	664	1	0	0
490	0	0	511	0	7	30	-5	676	1	0	0
494	0	0	512	0	8	29	-5	693	1	0	0
498	0	0	513	0	8	29	-5	701	1	0	0
502	0	0	513	0	9	29	-5	704	1	0	0
506	0	0	514	0	9	29	-5	694	1	0	0
510	0	0	517	0	10	29	-4	688	1	0	0
514	0	0	518	0	11	29	-4	681	1	0	0
518	0	0	519	0	12	30	-4	659	1	0	0
522	0	0	522	0	13	30	-4	655	1	0	0
526	0	0	520	0	14	30	-4	652	1	0	0
530	0	0	521	0	15	31	-4	646	1	0	0
534	0	0	522	0	16	31	-3	634	1	0	0
538	0	0	522	0	18	32	-3	608	1	0	0
542	0	0	523	0	19	33	-3	564	1	0	0
546	0	0	526	0	21	33	-3	554	1	0	0
550	0	0	528	0	22	34	-3	543	1	0	0
554	0	0	528	0	23	34	-2	527	2	0	0
558	0	0	528	0	25	35	-2	530	2	0	0
562	0	0	528	0	26	35	-2	539	2	0	0
566	0	0	527	0	27	35	-2	557	2	0	0
570	0	0	524	0	28	35	-1	565	2	0	0
574	0	0	523	0	29	36	-1	575	2	0	0
578	0	0	523	0	30	36	-1	582	2	0	0
582	0	0	524	0	31	35	-1	579	2	0	0
586	0	0	523	0	31	35	-1	581	2	0	0
590	0	0	524	0	32	35	0	591	2	0	0
594	0	0	524	0	33	35	0	596	2	0	0
598	0	0	524	0	33	35	0	601	2	0	0
602	0	0	524	0	34	34	0	624	2	0	0
606	0	0	523	0	34	34	0	642	2	0	0
610	0	0	522	0	34	33	0	657	2	0	0
614	0	0	521	0	35	33	0	688	2	0	0
618	0	0	520	0	35	33	0	693	2	0	0
622	0	0	521	0	36	32	1	693	2	0	0
626	0	0	521	0	36	32	1	701	2	0	0
630	0	0	522	0	37	32	1	695	2	0	0
634	0	0	523	0	37	32	1	687	2	0	0
638	0	0	524	0	38	32	1	669	2	0	0
642	0	0	524	0	39	32	1	658	2	0	0
646	0	0	525	0	40	32	2	651	2	0	0
650	0	0	526	0	41	32	2	632	2	0	0
654	0	0	526	0	42	33	2	627	2	0	0
658	0	0	527	0	43	33	2	622	2	0	0
662	0	0	528	0	44	33	2	615	2	0	0
666	0	0	531	0	45	34	2	609	2	0	0
670	0	0	534	0	46	34	3	601	2	0	0
674	0	0	537	0	47	35	3	584	2	0	0
678	0	0	543	0	48	35	3	580	2	0	0
682	0	0	546	0	49	35	3	580	2	0	0
686	0	0	546	0	50	35	3	588	3	0	0
690	0	0	547	0	51	35	4	591	3	0	0
694	0	0	547	0	52	36	4	595	3	0	0
698	0	0	546	0	53	36	4	597	3	0	0
702	0	0	545	0	54	36	4	594	3	0	0
706	0	0	546	0	54	36	4	592	3	0	0
710	0	0	546	0	55	36	4	603	3	0	0
714	0	0	548	0	56	36	5	611	3	0	0
718	0	0	549	0	56	37	4	618	3	0	0
722	0	0	550	0	57	37	5	628	3	0	0
726	0	0	551	0	58	37	5	629	3	0	0
730	0	0	551	0	58	37	5	628	3	0	0
734	0	0	550	0	59	37	5	625	3	0	0
738	0	0	549	0	59	37	5	625	3	0	0
742	0	0	548	0	60	37	5	623	3	0	0
746	0	0	547	0	60	37	5	624	3	0	0
750	0	0	545	0	60	37	5	622	3	0	0
754	0	0	545	0	61	37	6	618	3	0	0
758	0	0	546	0	61	37	6	611	3	0	0
762	0	0	548	0	62	37	6	610	3	0	0
766	0	0	549	0	62	37	6	611	3	0	0
770	0	0	550	0	62	37	6	618	3	0	0
774	0	0	550	0	62	37	6	625	3	0	0
778	0	0	549	0	63	37	6	632	3	0	0
782	0	0	549	0	63	37	6	649	3	0	0
786	0	0	549	0	63	37	6	655	3	0	0
790	0	0	549	0	63	37	6	661	3	0	0
794	0	0	549	0	63	37	6	665	3	0	0
798	0	0	550	0	63	37	6	665	3	0	0
802	0	0	551	0	64	37	6	665	3	0	0
806	0	0	551	0	64	38	6	660	3	0	0
810	0	0	551	0	64	38	6	659	3	0	0
814	0	0	552	0	65	38	6	656	3	0	0
818	0	0	552	0	65	39	6	650	3	0	0
822	0	0	553	0	66	39	6	646	3	0	0
826	0	0	554	0	66	39	6	641	3	0	0
830	0	0	554	0	67	40	6	632	3	0	0
834	0	0	556	0	67	41	6	628	3	0	0
838	0	0	558	0	68	41	6	626	3	0	0
842	0	0	560	0	68	42	6	624	3	0	0
846	0	0	563	0	69	43	6	627	3	0	0
850	0	0	564	0	70	43	6	627	4	0	0
854	0	0	565	0	71	44	6	616	4	0	0
858	0	0	568	0	71	45	6	607	4	0	0
862	0	0	569	0	72	45	6	601	4	0	0
866	0	0	570	0	73	46	6	595	4	0	0
870	0	0	571	0	74	47	6	588	4	0	0
874	0	0	572	0	75	48	6	584	4	0	0
878	0	0	571	0	75	49	6	584	4	0	0
882	0	0	569	0	76	49	6	584	4	0	0
886	0	0	570	0	77	50	6	584	4	0	0
890	0	0	569	0	77	51	6	589	4	0	0
894	0	0	569	0	78	52	6	593	4	0	0
898	0	0	569	0	78	53	6	599	4	0	0
902	0	0	569	0	79	53	6	608	4	0	0
906	0	0	570	0	79	54	6	608	4	0	0
910	0	0	570	0	80	55	6	608	4	0	0
914	0	0	571	0	80	55	6	609	4	0	0
918	0	0	570	0	80	56	6	607	4	0	0
922	0	0	569	0	81	57	6	607	4	0	0
926	0	0	569	0	81	57	6	613	4	0	0
930	0	0	569	0	81	58	5	614	4	0	0
934	0	0	569	0	82	59	5	614	5	0	0
938	0	0	569	0	82	59	5	617	5	0	0
942	0	0	569	0	82	60	5	618	5	0	0
946	0	0	569	0	82	61	5	619	5	0	0
950	0	0	570	0	82	61	5	624	5	0	0
954	0	0	569	0	83	62	5	628	5	0	0
958	0	0	570	0	83	63	5	630	5	0	0
962	0	0	571	0	83	63	5	631	5	0	0
966	0	0	571	0	83	64	4	632	5	0	0
970	0	0	571	0	83	65	4	633	5	0	0
974	0	0	571	0	83	65	4	633	5	0	0
978	0	0	570	0	84	66	4	633	5	0	0
982	0	0	569	0	84	67	4	633	5	0	0
986	0	0	569	0	84	67	4	633	5	0	0
990	0	0	568	0	84	68	4	632	5	0	0
994	0	0	569	0	85	69	4	632	5	0	0
998	0	0	568	0	85	70	3	632	5	0	0
1002	0	0	568	0	85	71	3	633	5	0	0
1006	0	0	569	0	86	72	3	633	5	0	0
1010	0	0	569	0	86	73	3	636	5	0	0
1014	0	0	568	0	86	74	3	637	5	0	0
1018	0	0	568	0	87	75	3	635	5	0	0
1022	0	0	568	0	87	75	3	618	5	0	0
1026	0	0	569	0	88	77	2	608	5	0	0
1030	0	0	570	0	88	78	2	601	5	0	0
1034	0	0	570	0	89	79	2	592	5	0	0
1038	0	0	571	0	89	80	2	587	6	0	0
1042	0	0	570	0	90	81	2	584	6	0	0
1046	0	0	569	0	90	82	2	584	6	0	0
1050	0	0	566	0	91	83	2	583	6	0	0
1054	0	0	565	0	91	84	2	586	6	0	0
1058	0	0	564	0	92	85	1	598	6	0	0
1062	0	0	563	0	92	85	1	603	6	0	0
1066	0	0	562	0	92	86	1	608	6	0	0
1070	0	0	562	0	92	87	1	608	6	0	0
1074	0	0	560	0	93	87	1	607	6	0	0
1078	0	0	561	0	93	88	1	608	6	0	0
1082	0	0	560	0	93	89	1	610	6	0	0
1086	0	0	559	0	93	89	1	615	6	0	0
1090	0	0	559	0	93	90	0	618	6	0	0
1094	0	0	558	0	94	91	0	620	6	0	0
1098	0	0	558	0	94	91	0	620	6	0	0
1102	0	0	556	0	94	91	0	620	6	0	0
1106	0	0	556	0	94	92	0	623	6	0	0
1110	0	0	556	0	94	93	0	625	6	0	0
1114	0	0	556	0	94	93	0	628	6	0	0
1118	0	0	555	0	94	93	0	632	6	0	0
1122	0	0	554	0	94	94	0	636	6	0	0
1126	0	0	553	0	94	94	0	641	6	0	0
1130	0	0	552	0	94	95	0	646	6	0	0
1134	0	0	551	0	94	95	0	648	6	0	0
1138	0	0	550	0	94	95	0	650	6	0	0
1142	0	0	550	0	94	96	0	649	6	0	0
1146	0	0	549	0	94	96	0	648	6	0	0
1150	0	0	550	0	95	97	0	648	6	0	0
1154	0	0	550	0	95	97	0	649	6	0	0
1158	0	0	548	0	95	98	0	649	6	0	0
1162	0	0	550	0	95	99	0	651	6	0	0
1166	0	0	550	0	96	99	0	651	6	0	0
1170	0	0	550	0	96	100	0	649	6	0	0
1174	0	0	550	0	96	100	-1	648	6	0	0
1178	0	0	549	0	97	101	-1	643	7	0	0
1182	0	0	550	0	98	102	-1	640	7	0	0
1186	0	0	551	0	98	103	-1	638	7	0	0
1190	0	0	552	0	99	103	-1	637	7	0	0
1194	0	0	553	0	99	104	-1	630	7	0	0
1198	0	0	554	0	100	105	-1	616	7	0	0
1202	0	0	554	0	101	106	-1	589	7	0	0
1206	0	0	555	0	102	107	-1	584	7	0	0
1210	0	0	556	0	103	108	-1	581	7	0	0
1214	0	0	555	0	104	109	-1	571	7	0	0
1218	0	0	554	0	104	109	-1	575	7	0	0
1222	0	0	552	0	105	110	-1	584	7	0	0
1226	0	0	551	0	106	111	-1	589	7	0	0
1230	0	0	549	0	106	112	-1	590	7	0	0
1234	0	0	547	0	107	113	-1	595	7	0	0
1238	0	0	547	0	108	113	-1	607	7	0	0
1242	0	0	547	0	108	114	-1	610	7	0	0
1246	0	0	545	0	109	114	-1	611	7	0	0
1250	0	0	545	0	109	115	-1	613	7	0	0
1254	0	0	544	0	110	115	-1	609	8	0	0
1258	0	0	542	0	110	116	-1	607	8	0	0
1262	0	0	541	0	111	117	-1	608	8	0	0
1266	0	0	539	0	111	117	-1	609	8	0	0
1270	0	0	538	0	112	117	-1	609	8	0	0
1274	0	0	536	0	112	118	-1	609	8	0	0
1278	0	0	534	0	113	118	-1	611	8	0	0
1282	0	0	534	0	113	119	-1	612	8	0	0
1286	0	0	534	0	113	119	-1	617	8	0	0
1290	0	0	534	0	114	119	-1	620	8	0	0
1294	0	0	533	0	114	119	-1	623	8	0	0
1298	0	0	533	0	115	120	-1	632	8	0	0
1302	0	0	533	0	115	120	-1	638	8	0	0
1306	0	0	533	0	115	120	-1	644	8	0	0
1310	0	0	533	0	116	120	-1	654	8	0	0
1314	0	0	533	0	116	120	-1	656	8	0	0
1318	0	0	533	0	117	121	-1	656	8	0	0
1322	0	0	533	0	117	121	-1	646	8	0	0
1326	0	0	534	0	118	121	0	642	8	0	0
1330	0	0	534	0	118	121	0	637	8	0	0
1334	0	0	534	0	119	122	0	632	8	0	0
1338	0	0	534	0	120	122	0	631	8	0	0
1342	0	0	536	0	120	123	0	630	8	0	0
1346	0	0	536	0	121	123	0	629	8	0	0
1350	0	0	536	0	122	123	0	628	8	0	0
1354	0	0	536	0	122	124	0	630	8	0	0
1358	0	0	536	0	123	125	0	631	8	0	0
1362	0	0	537	0	124	125	0	633	8	0	0
1366	0	0	537	0	125	125	0	634	8	0	0
1370	0	0	536	0	126	126	0	634	8	0	0
1374	0	0	538	0	127	127	0	633	9	0	0
1378	0	0	538	0	127	127	0	635	9	0	0
1382	0	0	539	0	128	128	0	630	9	0	0
1386	0	0	539	0	129	129	0	621	9	0	0
1390	0	0	541	0	130	129	0	610	9	0	0
1394	0	0	541	0	131	130	0	589	9	0	0
1398	0	0	543	0	132	131	0	581	9	0	0
1402	0	0	542	0	134	131	0	577	9	0	0
1406	0	0	542	0	134	132	0	574	9	0	0
1410	0	0	540	0	135	133	0	576	9	0	0
1414	0	0	541	0	136	133	0	577	9	0	0
1418	0	0	540	0	137	134	0	580	9	0	0
1422	0	0	541	0	138	134	1	584	9	0	0
1426	0	0	539	0	139	135	1	591	9	0	0
1430	0	0	539	0	140	135	1	608	9	0	0
1434	0	0	540	0	140	135	1	613	9	0	0
1438	0	0	539	0	141	136	1	618	9	0	0
1442	0	0	539	0	142	136	1	623	9	0	0
1446	0	0	539	0	142	136	1	623	9	0	0
1450	0	0	539	0	143	137	1	624	9	0	0
1454	0	0	539	0	143	137	1	627	9	0	0
1458	0	0	540	0	144	137	1	627	10	0	0
1462	0	0	538	0	145	137	2	627	10	0	0
1466	0	0	537	0	145	137	2	624	10	0	0
1470	0	0	537	0	146	138	2	622	10	0	0
1474	0	0	538	0	146	138	2	621	10	0	0
1478	0	0	538	0	147	138	2	621	10	0	0
1482	0	0	538	0	147	139	2	622	10	0	0
1486	0	0	540	0	148	139	2	622	10	0	0
1490	0	0	540	0	149	139	2	620	10	0	0
1494	0	0	540	0	149	139	2	619	10	0	0
1498	0	0	541	0	150	139	2	621	10	0	0
1502	0	0	542	0	150	139	2	626	10	0	0
1506	0	0	542	0	151	139	3	631	10	0	0
1510	0	0	542	0	151	140	2	634	10	0	0
1514	0	0	542	0	152	140	3	642	10	0	0
1518	0	0	543	0	152	140	3	643	10	0	0
1522	0	0	543	0	153	140	3	645	10	0	0
1526	0	0	544	0	153	141	3	647	10	0	0
1530	0	0	545	0	154	141	3	646	10	0	0
1534	0	0	545	0	154	141	3	646	10	0	0
1538	0	0	545	0	155	141	3	642	10	0	0
1542	0	0	545	0	155	142	3	639	10	0	0
1546	0	0	545	0	156	142	3	637	10	0	0
1550	0	0	546	0	157	143	3	632	10	0	0
1554	0	0	547	0	157	143	3	631	10	0	0
1558	0	0	548	0	158	144	3	629	10	0	0
1562	0	0	549	0	159	144	3	627	10	0	0
1566	0	0	551	0	160	145	3	626	10	0	0
1570	0	0	553	0	160	145	3	625	10	0	0
1574	0	0	553	0	161	146	3	626	10	0	0
1578	0	0	555	0	162	147	3	628	11	0	0
1582	0	0	556	0	162	147	3	629	11	0	0
1586	0	0	557	0	163	148	3	620	11	0	0
1590	0	0	559	0	164	149	3	610	11	0	0
1594	0	0	560	0	165	149	4	605	11	0	0
1598	0	0	560	0	166	150	4	597	11	0	0
1602	0	0	560	0	167	151	4	591	11	0	0
1606	0	0	561	0	168	152	4	587	11	0	0
1610	0	0	561	0	169	153	4	589	11	0	0
1614	0	0	559	0	169	153	4	589	11	0	0
1618	0	0	559	0	170	154	4	588	11	0	0
1622	0	0	558	0	171	155	4	594	11	0	0
1626	0	0	558	0	172	155	4	601	11	0	0
1630	0	0	558	0	172	156	4	605	11	0	0
1634	0	0	558	0	173	157	4	610	11	0	0
1638	0	0	561	0	174	157	4	612	11	0	0
1642	0	0	560	0	174	158	4	610	11	0	0
1646	0	0	560	0	175	159	4	610	11	0	0
1650	0	0	561	0	175	159	4	610	11	0	0
1654	0	0	561	0	176	160	4	614	11	0	0
1658	0	0	561	0	176	161	4	616	11	0	0
1662	0	0	560	0	177	161	4	618	12	0	0
1666	0	0	560	0	177	162	4	619	12	0	0
1670	0	0	561	0	178	162	4	622	12	0	0
1674	0	0	562	0	178	163	3	625	12	0	0
1678	0	0	562	0	179	163	4	627	12	0	0
1682	0	0	562	0	179	164	3	632	12	0	0
1686	0	0	563	0	180	165	3	634	12	0	0
1690	0	0	564	0	180	165	3	634	12	0	0
1694	0	0	564	0	180	166	3	633	12	0	0
1698	0	0	564	0	181	167	3	633	12	0	0
1702	0	0	565	0	181	167	3	633	12	0	0
1706	0	0	565	0	182	168	3	633	12	0	0
1710	0	0	565	0	182	169	3	633	12	0	0
1714	0	0	567	0	183	170	3	630	12	0	0
1718	0	0	567	0	184	171	3	610	12	0	0
1722	0	0	569	0	184	171	3	601	12	0	0
1726	0	0	570	0	185	172	3	596	12	0	0
1730	0	0	570	0	185	173	3	593	12	0	0
1734	0	0	570	0	186	174	3	592	12	0	0
1738	0	0	570	0	186	175	2	595	12	0	0
1742	0	0	570	0	187	175	3	603	12	0	0
1746	0	0	568	0	187	176	2	605	12	0	0
1750	0	0	569	0	188	177	2	608	13	0	0
1754	0	0	569	0	188	177	2	617	13	0	0
1758	0	0	569	0	188	178	2	621	13	0	0
1762	0	0	568	0	188	179	2	626	13	0	0
1766	0	0	567	0	189	179	2	628	13	0	0
1770	0	0	566	0	189	180	2	627	13	0	0
1774	0	0	566	0	189	181	2	626	13	0	0
1778	0	0	566	0	189	181	2	627	13	0	0
1782	0	0	565	0	190	182	2	627	13	0	0
1786	0	0	565	0	190	183	1	627	13	0	0
1790	0	0	565	0	190	183	1	630	13	0	0
1794	0	0	565	0	190	184	1	630	13	0	0
1798	0	0	564	0	190	185	1	631	13	0	0
1802	0	0	564	0	191	185	1	631	13	0	0
1806	0	0	563	0	191	186	1	632	13	0	0
1810	0	0	564	0	191	187	1	633	13	0	0
1814	0	0	564	0	191	187	1	635	13	0	0
1818	0	0	563	0	192	188	1	635	13	0	0
1822	0	0	563	0	192	189	0	632	13	0	0
1826	0	0	563	0	192	189	0	626	13	0	0
1830	0	0	562	0	192	190	0	625	13	0	0
1834	0	0	562	0	193	191	0	622	13	0	0
1838	0	0	562	0	193	191	0	615	13	0	0
1842	0	0	561	0	194	192	0	614	13	0	0
1846	0	0	561	0	194	193	0	613	13	0	0
1850	0	0	560	0	194	193	0	613	13	0	0
1854	0	0	557	0	194	194	0	611	13	0	0
1858	0	0	556	0	195	195	0	610	13	0	0
1862	0	0	556	0	195	195	0	615	13	0	0
1866	0	0	555	0	195	196	0	618	13	0	0
1870	0	0	555	0	195	196	0	622	13	0	0
1874	0	0	555	0	196	197	0	629	14	0	0
1878	0	0	554	0	196	197	0	631	14	0	0
1882	0	0	554	0	196	198	0	631	14	0	0
1886	0	0	553	0	196	198	0	630	14	0	0
1890	0	0	553	0	196	199	0	631	14	0	0
1894	0	0	553	0	197	199	0	632	14	0	0
1898	0	0	552	0	197	200	0	636	14	0	0
1902	0	0	552	0	197	201	0	637	14	0	0
1906	0	0	552	0	197	201	-1	637	14	0	0
1910	0	0	552	0	198	201	0	636	14	0	0
1914	0	0	551	0	198	202	-1	636	14	0	0
1918	0	0	552	0	198	203	-1	636	14	0	0
1922	0	0	552	0	199	203	-1	638	14	0	0
1926	0	0	552	0	199	204	-1	638	14	0	0
1930	0	0	552	0	199	204	-1	635	14	0	0
1934	0	0	552	0	200	205	-1	625	14	0	0
1938	0	0	552	0	200	205	-1	620	14	0	0
1942	0	0	552	0	201	206	-1	617	14	0	0
1946	0	0	552	0	201	207	-1	613	14	0	0
1950	0	0	552	0	202	207	-1	611	14	0	0
1954	0	0	551	0	202	208	-1	609	14	0	0
1958	0	0	550	0	203	209	-1	606	14	0	0
1962	0	0	548	0	203	209	-1	606	14	0	0
1966	0	0	548	0	204	210	-1	608	14	0	0
1970	0	0	547	0	204	210	-1	615	14	0	0
1974	0	0	546	0	205	211	-1	618	14	0	0
1978	0	0	546	0	205	211	-1	620	14	0	0
1982	0	0	546	0	206	212	-1	625	14	0	0
1986	0	0	545	0	206	212	-1	627	14	0	0
1990	0	0	545	0	206	213	-1	629	14	0	0
1995	0	0	544	0	207	213	-1	633	14	0	0
1998	0	0	544	0	207	214	-1	633	15	0	0
2002	0	0	544	0	208	214	-1	631	15	0	0
2006	0	0	544	0	208	215	-1	629	15	0	0
2010	0	0	544	0	209	215	-1	628	15	0	0
2014	0	0	543	0	210	216	-1	628	15	0	0
2018	0	0	542	0	210	216	-1	623	15	0	0
2022	0	0	543	0	211	217	-1	620	15	0	0
2026	0	0	543	0	212	217	-1	618	15	0	0
2030	0	0	543	0	212	218	-1	614	15	0	0
2034	0	0	542	0	213	219	-1	614	15	0	0
2038	0	0	543	0	214	219	-1	615	15	0	0
2042	0	0	542	0	214	220	-1	612	15	0	0
2046	0	0	541	0	215	220	-1	611	15	0	0
2050	0	0	541	0	216	221	-1	610	15	0	0
2054	0	0	541	0	216	221	-1	610	15	0	0
2058	0	0	540	0	217	222	-1	611	15	0	0
2062	0	0	540	0	218	223	-1	613	15	0	0
2066	0	0	540	0	219	223	-1	611	15	0	0
2070	0	0	539	0	219	223	-1	610	15	0	0
2074	0	0	539	0	220	224	-1	612	15	0	0
2078	0	0	539	0	221	225	0	617	15	0	0
2082	0	0	540	0	221	225	-1	618	15	0	0
2086	0	0	540	0	222	225	0	621	15	0	0
2090	0	0	540	0	223	226	0	623	16	0	0
2094	0	0	541	0	224	226	0	622	16	0	0
2098	0	0	540	0	224	227	0	622	16	0	0
2102	0	0	540	0	225	227	0	624	16	0	0
2106	0	0	540	0	226	228	0	625	16	0	0
2110	0	0	540	0	226	228	0	625	16	0	0
2114	0	0	539	0	227	229	0	623	16	0	0
2118	0	0	540	0	228	229	0	619	16	0	0
2122	0	0	540	0	229	229	0	617	16	0	0
2126	0	0	539	0	230	230	0	614	16	0	0
2130	0	0	540	0	230	231	0	615	16	0	0
2134	0	0	540	0	231	231	0	615	16	0	0
2138	0	0	540	0	232	231	0	612	16	0	0
2142	0	0	539	0	233	232	0	610	16	0	0
2146	0	0	540	0	234	233	0	609	16	0	0
2150	0	0	540	0	235	233	0	607	16	0	0
2154	0	0	540	0	235	233	0	607	16	0	0
2158	0	0	540	0	236	234	0	608	16	0	0
2162	0	0	540	0	237	234	0	610	16	0	0
2166	0	0	541	0	238	235	0	612	16	0	0
2170	0	0	541	0	239	235	1	613	16	0	0
2174	0	0	541	0	239	235	1	617	16	0	0
2178	0	0	541	0	240	236	1	617	16	0	0
2182	0	0	542	0	241	236	1	618	17	0	0
2186	0	0	542	0	242	237	1	618	17	0	0
2190	0	0	543	0	243	237	1	620	17	0	0
2194	0	0	543	0	243	237	1	622	17	0	0
2198	0	0	543	0	244	238	1	626	17	0	0
2202	0	0	543	0	245	238	1	628	17	0	0
2206	0	0	544	0	246	239	1	629	17	0	0
2210	0	0	545	0	246	239	1	628	17	0	0
2214	0	0	544	0	247	239	2	626	17	0	0
2218	0	0	545	0	248	240	2	624	17	0	0
2222	0	0	546	0	249	241	2	619	17	0	0
2226	0	0	547	0	250	241	2	615	17	0	0
2230	0	0	547	0	250	241	2	613	17	0	0
2234	0	0	547	0	251	242	2	610	17	0	0
2238	0	0	548	0	252	242	2	606	17	0	0
2242	0	0	549	0	253	243	2	605	17	0	0
2246	0	0	549	0	254	243	2	608	17	0	0
2250	0	0	549	0	255	244	2	610	17	0	0
2254	0	0	548	0	255	244	2	612	17	0	0
2258	0	0	549	0	256	245	2	617	17	0	0
2262	0	0	549	0	257	245	3	618	17	0	0
2266	0	0	549	0	258	245	3	620	17	0	0
2270	0	0	550	0	258	246	3	624	17	0	0
2274	0	0	550	0	259	246	3	625	18	0	0
2278	0	0	551	0	260	247	3	627	18	0	0
2282	0	0	551	0	260	247	3	626	18	0	0
2286	0	0	550	0	261	248	3	627	18	0	0
2290	0	0	551	0	262	248	3	628	18	0	0
2294	0	0	552	0	262	249	3	623	18	0	0
2298	0	0	552	0	263	249	3	621	18	0	0
2302	0	0	552	0	264	250	3	618	18	0	0
2306	0	0	553	0	265	250	3	613	18	0	0
2310	0	0	554	0	265	251	3	611	18	0	0
2314	0	0	554	0	266	251	3	609	18	0	0
2318	0	0	554	0	267	252	3	609	18	0	0
2322	0	0	553	0	268	252	4	610	18	0	0
2326	0	0	555	0	268	253	3	609	18	0	0
2330	0	0	556	0	269	253	4	615	18	0	0
2334	0	0	555	0	270	254	4	617	18	0	0
2338	0	0	556	0	270	254	4	620	18	0	0
2342	0	0	556	0	271	255	4	625	18	0	0
2346	0	0	557	0	271	255	4	626	18	0	0
2350	0	0	558	0	272	255	4	628	18	0	0
2354	0	0	558	0	273	256	4	630	18	0	0
2358	0	0	558	0	273	257	4	630	18	0	0
2362	0	0	559	0	274	257	4	628	18	0	0
2366	0	0	559	0	274	257	4	625	18	0	0
2370	0	0	559	0	275	258	4	623	19	0	0
2374	0	0	559	0	275	259	4	623	19	0	0
2378	0	0	560	0	276	259	4	619	19	0	0
2382	0	0	560	0	276	259	4	618	19	0	0
2386	0	0	560	0	277	260	4	618	19	0	0
2390	0	0	561	0	278	261	4	618	19	0	0
2394	0	0	562	0	278	261	4	618	19	0	0
2398	0	0	561	0	279	262	4	619	19	0	0
2402	0	0	561	0	279	262	4	621	19	0	0
2406	0	0	562	0	280	263	4	622	19	0	0
2410	0	0	563	0	280	263	4	624	19	0	0
2414	0	0	562	0	280	264	4	625	19	0	0
2418	0	0	562	0	281	264	4	626	19	0	0
2422	0	0	563	0	281	265	4	626	19	0	0
2426	0	0	563	0	282	265	4	627	19	0	0
2430	0	0	563	0	282	266	4	628	19	0	0
2434	0	0	563	0	283	267	4	628	19	0	0
2438	0	0	563	0	283	267	4	627	19	0	0
2442	0	0	563	0	284	268	3	625	19	0	0
2446	0	0	563	0	284	268	4	625	19	0	0
2450	0	0	564	0	284	269	3	622	19	0	0
2454	0	0	563	0	285	270	3	622	19	0	0
2458	0	0	563	0	285	270	3	620	19	0	0
2462	0	0	564	0	286	271	3	617	19	0	0
2466	0	0	564	0	286	272	3	616	19	0	0
2470	0	0	564	0	287	272	3	617	19	0	0
2474	0	0	564	0	287	273	3	618	19	0	0
2478	0	0	564	0	288	273	3	618	19	0	0
2482	0	0	564	0	288	274	3	620	20	0	0
2486	0	0	564	0	288	275	3	622	20	0	0
2490	0	0	563	0	289	275	3	622	20	0	0
2494	0	0	563	0	289	276	3	623	20	0	0
2498	0	0	563	0	290	277	3	625	20	0	0
2502	0	0	564	0	290	277	3	626	20	0	0
2506	0	0	563	0	290	278	3	626	20	0	0
2510	0	0	563	0	291	279	3	628	20	0	0
2514	0	0	562	0	291	279	3	627	20	0	0
2518	0	0	563	0	292	280	2	628	20	0	0
2522	0	0	562	0	292	281	2	625	20	0	0
2526	0	0	563	0	292	281	2	624	20	0	0
2530	0	0	562	0	293	282	2	623	20	0	0
2534	0	0	562	0	293	283	2	621	20	0	0
2538	0	0	563	0	294	283	2	620	20	0	0
2542	0	0	563	0	294	284	2	619	20	0	0
2546	0	0	563	0	295	285	2	617	20	0	0
2550	0	0	565	0	295	286	2	617	20	0	0
2554	0	0	563	0	296	287	2	617	20	0	0
2558	0	0	563	0	296	287	2	617	20	0	0
2562	0	0	563	0	296	288	2	618	20	0	0
2566	0	0	563	0	297	289	2	619	20	0	0
2570	0	0	563	0	297	289	2	619	20	0	0
2574	0	0	562	0	298	290	2	620	20	0	0
2578	0	0	562	0	298	291	1	620	21	0	0
2582	0	0	562	0	299	292	1	621	21	0	0
2586	0	0	561	0	299	293	1	622	21	0	0
2590	0	0	561	0	300	293	1	622	21	0	0
2594	0	0	561	0	300	294	1	621	21	0	0
2598	0	0	560	0	301	295	1	620	21	0	0
2602	0	0	560	0	301	296	1	619	21	0	0
2606	0	0	559	0	302	297	1	616	21	0	0
2610	0	0	559	0	302	297	1	614	21	0	0
2614	0	0	558	0	303	298	1	612	21	0	0
2618	0	0	558	0	304	299	1	612	21	0	0
2622	0	0	558	0	304	300	1	611	21	0	0
2626	0	0	557	0	305	301	1	611	21	0	0
2630	0	0	557	0	305	301	1	611	21	0	0
2634	0	0	557	0	306	302	1	611	21	0	0
2638	0	0	557	0	306	303	0	613	21	0	0
2642	0	0	556	0	307	304	0	616	21	0	0
2646	0	0	555	0	307	305	0	617	21	0	0
2650	0	0	556	0	308	305	0	618	21	0	0
2654	0	0	556	0	308	306	0	619	21	0	0
2658	0	0	556	0	309	307	0	620	21	0	0
2662	0	0	556	0	310	307	0	621	22	0	0
2666	0	0	556	0	310	308	0	620	22	0	0
2670	0	0	556	0	311	309	0	620	22	0	0
2674	0	0	556	0	311	310	0	620	22	0	0
2678	0	0	556	0	312	311	0	618	22	0	0
2682	0	0	556	0	313	311	0	615	22	0	0
2686	0	0	555	0	313	312	0	615	22	0	0
2690	0	0	555	0	314	313	0	614	22	0	0
2694	0	0	557	0	314	313	0	614	22	0	0
2698	0	0	554	0	315	314	0	613	22	0	0
2702	0	0	554	0	316	315	0	615	22	0	0
2706	0	0	554	0	316	316	0	614	22	0	0
2710	0	0	553	0	317	317	0	614	22	0	0
2714	0	0	553	0	318	317	0	615	22	0	0
2718	0	0	553	0	318	318	0	616	22	0	0
2722	0	0	552	0	319	319	0	617	22	0	0
2726	0	0	552	0	320	319	0	617	22	0	0
2730	0	0	550	0	320	320	0	618	22	0	0
2734	0	0	549	0	321	321	0	620	22	0	0
2738	0	0	549	0	322	321	0	621	22	0	0
2742	0	0	547	0	322	322	0	621	22	0	0
2746	0	0	547	0	323	323	0	620	23	0	0
2750	0	0	547	0	323	323	0	619	23	0	0
2754	0	0	546	0	324	324	0	618	23	0	0
2758	0	0	547	0	325	325	0	618	23	0	0
2762	0	0	546	0	325	325	0	616	23	0	0
2766	0	0	546	0	326	326	0	614	23	0	0
2770	0	0	546	0	327	327	0	613	23	0	0
2774	0	0	545	0	327	327	0	613	23	0	0
2778	0	0	545	0	328	328	0	611	23	0	0
2782	0	0	546	0	329	329	0	610	23	0	0
2786	0	0	547	0	329	329	0	614	23	0	0
2790	0	0	549	0	330	330	0	614	23	0	0
2794	0	0	551	0	331	330	0	615	23	0	0
2798	0	0	553	0	331	331	0	615	23	0	0
2802	0	0	558	0	332	331	0	618	23	0	0
2806	0	0	560	0	333	332	0	619	23	0	0
2810	0	0	562	0	333	332	0	624	23	0	0
2814	0	0	567	0	334	333	0	626	23	0	0
2818	0	0	568	0	334	333	0	627	23	0	0
2822	0	0	569	0	335	334	0	628	23	0	0
2826	0	0	573	0	335	335	0	629	23	0	0
2830	0	0	576	0	336	335	0	629	23	0	0
2834	0	0	578	0	336	336	0	627	23	0	0
2838	0	0	582	0	337	337	0	627	24	0	0
2842	0	0	585	0	337	337	0	626	24	0	0
2846	0	0	589	0	338	338	0	622	24	0	0
2850	0	0	594	0	338	339	0	620	24	0	0
2854	0	0	598	0	339	339	0	618	24	0	0
2858	0	0	601	0	339	340	0	617	24	0	0
2862	0	0	607	0	339	341	0	617	24	0	0
2866	0	0	610	0	340	342	0	617	24	0	0
2870	0	0	612	0	340	343	0	619	24	0	0
2874	0	0	615	0	340	344	-1	620	24	0	0
2878	0	0	616	0	340	345	-1	620	24	0	0
2882	0	0	617	0	340	346	-1	623	24	0	0
2886	0	0	619	0	340	347	-1	624	24	0	0
2890	0	0	620	0	340	348	-2	627	24	0	0
2894	0	0	619	0	340	349	-2	629	24	0	0
2898	0	0	620	0	340	350	-2	628	24	0	0
2902	0	0	620	0	340	351	-2	628	24	0	0
2906	0	0	620	0	340	352	-3	626	24	0	0
2910	0	0	619	0	340	353	-3	623	24	0	0
2914	0	0	618	0	340	355	-3	622	24	0	0
2918	0	0	617	0	340	356	-4	620	24	0	0
2922	0	0	617	0	340	357	-4	618	24	0	0
2926	0	0	615	0	340	358	-4	617	24	0	0
2930	0	0	614	0	340	359	-4	614	24	0	0
2934	0	0	612	0	340	361	-5	613	25	0	0
2938	0	0	611	0	340	362	-5	613	25	0	0
2942	0	0	610	0	340	363	-5	612	25	0	0
2946	0	0	607	0	340	365	-6	611	25	0	0
2950	0	0	607	0	340	366	-6	609	25	0	0
2954	0	0	605	0	340	367	-6	605	25	0	0
2958	0	0	602	0	339	369	-7	602	25	0	0
2962	0	0	602	0	339	370	-7	601	25	0	0
2966	0	0	601	0	339	371	-8	598	25	0	0
2970	0	0	597	0	339	372	-8	597	25	0	0
2974	0	0	596	0	338	373	-8	593	25	0	0
2978	0	0	594	0	338	375	-9	585	25	0	0
2982	0	0	590	0	338	376	-9	587	25	0	0
2986	0	0	589	0	337	377	-10	593	25	0	0
2990	0	0	588	0	337	378	-10	620	25	0	0
2994	0	0	584	0	336	379	-10	630	25	0	0
2998	0	0	583	0	335	380	-11	636	25	0	0
3002	0	0	581	0	335	381	-11	651	25	0	0
3006	0	0	579	0	334	381	-11	654	25	0	0
3010	0	0	578	0	334	383	-12	657	25	0	0
3014	0	0	577	0	333	383	-12	665	25	0	0
3018	0	0	577	0	333	385	-13	675	25	0	0
3022	0	0	576	0	332	386	-13	680	25	0	0
3026	0	0	575	0	332	387	-13	681	25	0	0
3030	0	0	573	0	332	388	-14	675	25	0	0
3034	0	0	573	0	331	389	-14	676	25	0	0
3038	0	0	572	0	331	391	-15	674	25	0	0
3042	0	0	570	0	331	393	-15	672	25	0	0
3046	0	0	570	0	332	394	-15	669	25	0	0
3050	0	0	568	0	332	396	-15	666	25	0	0
3054	0	0	563	0	332	397	-16	664	26	0	0
3058	0	0	561	0	333	399	-16	661	26	0	0
3062	0	0	558	0	333	401	-17	658	26	0	0
3066	0	0	553	0	334	403	-17	658	26	0	0
3070	0	0	551	0	335	405	-17	662	26	0	0
3074	0	0	548	0	336	408	-18	672	26	0	0
3078	0	0	544	0	337	410	-18	665	26	0	0
3082	0	0	541	0	339	413	-18	656	26	0	0
3086	0	0	538	0	340	415	-18	627	26	0	0
3090	0	0	533	0	342	418	-18	611	27	0	0
3094	0	0	531	0	343	420	-19	586	27	0	0
3098	0	0	529	0	345	423	-19	571	27	0	0
3102	0	0	527	0	347	426	-19	586	27	0	0
3106	0	0	526	0	348	428	-20	578	27	0	0
3110	0	0	526	0	350	431	-20	596	27	0	0
3114	0	0	529	0	352	433	-20	629	27	0	0
3118	0	0	530	0	355	436	-20	628	28	0	0
3122	0	0	532	0	357	439	-20	549	28	0	0
3126	0	0	535	0	359	441	-20	523	28	0	0
3130	0	0	536	0	361	444	-21	526	28	0	0
3134	0	0	537	0	364	447	-21	512	28	0	0
3138	0	0	538	0	366	449	-21	483	28	0	0
3142	0	0	538	0	369	452	-21	468	29	0	0
3146	0	0	538	0	371	454	-21	488	29	-1	0
3150	0	0	538	0	373	457	-21	490	29	-1	0
3154	0	0	539	0	376	459	-21	485	29	-1	0
3158	0	0	538	0	378	461	-21	475	29	-1	0
3162	0	0	538	0	380	463	-21	484	29	-1	0
3166	0	0	538	0	382	465	-21	484	29	-1	0
3170	0	0	539	0	384	467	-21	486	30	-1	0
3174	0	0	538	0	386	469	-21	491	30	-1	0
3178	0	0	538	0	388	471	-21	492	30	-1	0
3182	0	0	538	0	389	472	-21	476	30	-1	0
3186	0	0	537	0	391	473	-21	485	30	-1	0
3190	0	0	536	0	392	475	-21	507	30	-1	0
3194	0	0	535	0	393	475	-20	558	30	-1	0
3198	0	0	533	0	394	476	-20	573	30	-1	0
3202	0	0	534	0	394	477	-21	579	30	-1	0
3206	0	0	533	0	395	478	-21	593	30	-1	0
3210	0	0	530	0	396	478	-20	612	30	-1	0
3214	0	0	530	0	396	478	-20	622	30	-1	0
3218	0	0	528	0	396	479	-21	622	30	-1	0
3222	0	0	524	0	397	479	-20	628	30	-1	0
3226	0	0	524	0	397	479	-20	634	30	-1	0
3230	0	0	523	0	397	479	-20	629	30	-1	0
3234	0	0	521	0	397	479	-20	627	30	-1	0
3238	0	0	520	0	397	479	-20	621	30	-1	0
3242	0	0	519	0	397	478	-20	608	30	-1	0
3246	0	0	518	0	397	478	-20	605	30	-1	0
3250	0	0	515	0	397	477	-20	602	30	-1	0
3254	0	0	513	0	397	476	-19	606	30	-1	0
3258	0	0	511	0	396	475	-19	608	30	-1	0
3262	0	0	507	0	396	475	-19	617	30	-1	0
3266	0	0	504	0	395	473	-19	629	30	-1	0
3270	0	0	500	0	394	472	-19	635	30	-1	0
3274	0	0	496	0	393	471	-19	645	30	-1	0
3278	0	0	493	0	392	469	-19	669	30	-1	0
3282	0	0	484	0	391	468	-19	679	30	-1	0
3286	0	0	481	0	389	466	-19	685	30	-1	0
3290	0	0	477	0	388	464	-19	694	30	-1	0
3294	0	0	467	0	386	463	-19	697	30	-1	0
3298	0	0	461	0	385	461	-19	701	29	-1	0
3302	0	0	455	0	383	459	-19	692	29	-1	0
3306	0	0	443	0	382	456	-18	655	29	-1	0
3310	0	0	437	0	380	454	-18	673	29	-1	0
3314	0	0	432	0	379	452	-18	714	29	-1	0
3318	0	0	427	0	378	449	-18	743	29	-1	0
3322	0	0	427	0	376	447	-17	765	29	-1	0
3326	0	0	429	0	375	445	-17	772	29	-1	0
3330	0	0	435	0	374	443	-17	800	28	0	0
3334	0	0	439	0	372	440	-17	825	28	0	0
3338	0	0	443	0	371	438	-16	853	28	0	0
3342	0	0	450	0	370	436	-16	883	28	0	0
3346	0	0	453	0	369	434	-16	864	28	0	0
3350	0	0	455	0	368	433	-16	831	28	0	0
3354	0	0	457	0	367	431	-16	835	28	0	0
3358	0	0	458	0	367	430	-15	827	28	0	0
3362	0	0	458	0	367	429	-15	823	28	0	0
3366	0	0	455	0	366	429	-15	813	28	0	0
3370	0	0	454	0	367	429	-15	802	28	0	0
3374	0	0	452	0	367	429	-15	775	28	0	0
3378	0	0	447	0	367	429	-15	758	28	0	0
3382	0	0	445	0	368	429	-15	748	28	0	0
3386	0	0	441	0	369	430	-15	716	28	0	0
3390	0	0	435	0	369	431	-15	679	28	0	0
3394	0	0	434	0	370	432	-15	635	28	0	0
3398	0	0	432	0	371	433	-15	557	28	0	0
3402	0	0	430	0	372	434	-15	526	28	0	0
3406	0	0	431	0	373	436	-15	515	28	0	0
3410	0	0	431	0	374	437	-15	516	28	0	0
3414	0	0	432	0	375	439	-16	517	28	0	0
3418	0	0	432	0	376	440	-16	529	28	0	0
3422	0	0	432	0	377	441	-16	570	28	0	0
3426	0	0	433	0	378	443	-16	593	29	-1	0
3430	0	0	433	0	380	444	-16	596	29	-1	0
3434	0	0	432	0	381	445	-16	574	29	-1	0
3438	0	0	431	0	382	447	-16	571	29	-1	0
3442	0	0	432	0	384	448	-16	579	29	-1	0
3446	0	0	431	0	385	450	-16	600	29	-1	0
3450	0	0	431	0	387	451	-16	610	29	-1	0
3454	0	0	432	0	388	453	-16	623	29	-1	0
3458	0	0	433	0	390	455	-16	632	29	-1	0
3462	0	0	434	0	392	457	-16	615	30	-1	0
3466	0	0	434	0	394	459	-16	599	30	-1	0
3470	0	0	435	0	395	461	-16	564	30	-1	0
3474	0	0	435	0	397	463	-16	549	30	-1	0
3478	0	0	436	0	400	465	-16	539	30	-1	0
3482	0	0	436	0	402	467	-16	524	30	-1	0
3486	0	0	436	0	404	469	-16	513	30	-1	0
3490	0	0	435	0	406	471	-16	507	31	-1	0
3494	0	0	435	0	408	473	-16	506	31	-1	0
3498	0	0	435	0	410	475	-16	499	31	-1	0
3502	0	0	436	0	413	478	-16	501	31	-1	0
3506	0	0	437	0	415	480	-16	515	31	-1	0
3510	0	0	438	0	417	482	-16	519	31	-1	0
3514	0	0	439	0	419	484	-16	523	31	-1	0
3518	0	0	440	0	421	486	-16	537	32	-1	0
3522	0	0	440	0	423	488	-16	544	32	-1	0
3526	0	0	441	0	425	490	-16	547	32	-1	0
3530	0	0	441	0	427	492	-16	549	32	-1	0
3534	0	0	442	0	429	494	-16	556	32	-2	0
3538	0	0	442	0	431	495	-16	560	32	-2	0
3542	0	0	442	0	433	497	-16	565	32	-2	0
3546	0	0	442	0	435	499	-16	569	32	-2	0
3550	0	0	442	0	437	501	-16	575	33	-2	0
3554	0	0	442	0	439	503	-16	580	33	-2	0
3558	0	0	441	0	441	505	-16	580	33	-2	0
3562	0	0	441	0	443	507	-16	579	33	-2	0
3566	0	0	441	0	445	509	-16	567	33	-2	0
3570	0	0	441	0	448	511	-16	559	33	-2	0
3574	0	0	441	0	450	514	-16	550	33	-2	0
3578	0	0	441	0	452	516	-15	530	34	-2	0
3582	0	0	442	0	454	518	-16	522	34	-2	0
3586	0	0	442	0	456	520	-15	514	34	-2	0
3590	0	0	443	0	458	522	-15	512	34	-2	0
3594	0	0	444	0	460	523	-15	515	34	-2	0
3598	0	0	445	0	462	525	-16	521	34	-2	0
3602	0	0	446	0	463	527	-16	534	34	-2	0
3606	0	0	447	0	465	529	-16	536	35	-2	0
3610	0	0	448	0	466	530	-16	540	35	-2	0
3614	0	0	448	0	468	531	-15	539	35	-2	0
3618	0	0	450	0	469	533	-16	538	35	-2	0
3622	0	0	450	0	470	534	-16	539	35	-2	0
3626	0	0	450	0	472	535	-15	542	35	-2	0
3630	0	0	451	0	473	536	-15	544	35	-2	0
3634	0	0	451	0	474	537	-15	544	35	-2	0
3638	0	0	451	0	474	538	-16	552	35	-2	0
3642	0	0	451	0	475	539	-16	565	35	-2	0
3646	0	0	452	0	476	539	-15	585	35	-2	0
3650	0	0	452	0	476	539	-15	615	35	-2	0
3654	0	0	451	0	476	540	-16	624	35	-2	0
3658	0	0	452	0	476	540	-16	635	35	-2	0
3662	0	0	452	0	477	540	-15	665	35	-2	0
3666	0	0	452	0	477	540	-15	677	35	-2	0
3670	0	0	451	0	477	541	-16	687	35	-2	0
3674	0	0	451	0	477	541	-16	693	35	-2	0
3678	0	0	450	0	477	541	-16	693	35	-2	0
3682	0	0	449	0	477	541	-16	690	35	-2	0
3686	0	0	447	0	477	541	-16	678	35	-2	0
3690	0	0	446	0	477	541	-16	671	35	-2	0
3694	0	0	447	0	477	541	-16	670	35	-2	0
3698	0	0	446	0	477	541	-16	668	35	-2	0
3702	0	0	446	0	477	541	-16	665	35	-2	0
3706	0	0	446	0	478	542	-16	662	35	-2	0
3710	0	0	445	0	478	542	-16	657	35	-2	0
3714	0	0	444	0	478	542	-16	653	35	-2	0
3718	0	0	445	0	478	542	-16	647	35	-2	0
3722	0	0	444	0	478	543	-16	647	35	-3	0
3726	0	0	443	0	479	543	-16	645	35	-3	0
3730	0	0	444	0	479	543	-16	643	35	-3	0
3734	0	0	444	0	479	543	-16	645	35	-3	0
3738	0	0	443	0	479	543	-16	646	35	-3	0
3742	0	0	444	0	479	543	-16	647	35	-3	0
3746	0	0	443	0	480	543	-15	645	36	-3	0
3750	0	0	443	0	480	544	-16	644	36	-3	0
3754	0	0	443	0	480	544	-16	643	36	-3	0
3758	0	0	443	0	480	544	-16	640	36	-3	0
3762	0	0	442	0	480	544	-16	639	36	-3	0
3766	0	0	442	0	480	544	-16	638	36	-3	0
3770	0	0	442	0	480	544	-16	636	36	-3	0
3774	0	0	441	0	480	544	-16	635	36	-3	0
3778	0	0	442	0	480	544	-16	633	36	-3	0
3782	0	0	442	0	480	544	-16	634	36	-3	0
3786	0	0	442	0	480	544	-16	634	36	-3	0
3790	0	0	442	0	480	544	-16	635	36	-3	0
3794	0	0	442	0	480	544	-16	635	36	-3	0
3798	0	0	441	0	480	544	-16	633	36	-3	0
3802	0	0	442	0	480	544	-16	634	36	-3	0
3806	0	0	441	0	480	544	-16	635	36	-3	0
3811	0	0	442	0	480	544	-16	637	36	-3	0
3815	0	0	440	0	480	544	-16	638	36	-3	0
3819	0	0	440	0	480	543	-15	639	36	-3	0
3823	0	0	440	0	480	543	-15	638	36	-3	0
3827	0	0	440	0	480	543	-15	638	36	-3	0
3831	0	0	441	0	479	543	-16	638	35	-3	0
3835	0	0	440	0	479	543	-16	638	35	-3	0
3839	0	0	440	0	479	543	-16	638	35	-3	0
3843	0	0	440	0	479	543	-16	637	35	-3	0
3847	0	0	440	0	479	542	-15	636	35	-3	0
3851	0	0	440	0	478	542	-16	635	35	-2	0
3855	0	0	440	0	478	542	-16	635	35	-2	0
3859	0	0	440	0	478	542	-16	634	35	-2	0
3863	0	0	439	0	478	541	-15	633	35	-2	0
3867	0	0	439	0	478	541	-15	634	35	-2	0
3871	0	0	439	0	477	541	-16	635	35	-2	0
3875	0	0	439	0	477	541	-16	635	35	-2	0
3879	0	0	439	0	477	541	-16	634	35	-2	0
3883	0	0	439	0	476	540	-16	634	35	-2	0
3887	0	0	439	0	476	540	-16	636	35	-2	0
3891	0	0	438	0	476	539	-15	639	35	-2	0
3895	0	0	438	0	475	539	-16	646	35	-2	0
3899	0	0	438	0	475	539	-16	651	35	-2	0
3903	0	0	438	0	475	539	-16	654	35	-2	0
3907	0	0	438	0	475	538	-15	661	35	-2	0
3911	0	0	437	0	474	538	-16	664	35	-2	0
3915	0	0	438	0	474	538	-16	666	35	-2	0
3919	0	0	437	0	474	538	-16	666	35	-2	0
3923	0	0	436	0	474	538	-16	664	35	-2	0
3927	0	0	436	0	474	537	-15	663	35	-2	0
3931	0	0	435	0	474	537	-15	656	35	-2	0
3935	0	0	435	0	474	537	-15	650	35	-2	0
3939	0	0	435	0	474	538	-16	647	35	-2	0
3943	0	0	435	0	474	538	-16	640	35	-2	0
3947	0	0	434	0	474	538	-16	639	35	-2	0
3951	0	0	434	0	475	539	-16	636	35	-2	0
3955	0	0	435	0	475	539	-16	632	35	-2	0
3959	0	0	435	0	475	539	-16	630	35	-2	0
3963	0	0	435	0	476	539	-15	629	35	-2	0
3967	0	0	434	0	476	540	-16	629	35	-2	0
3971	0	0	435	0	477	541	-16	631	35	-2	0
3975	0	0	434	0	477	541	-16	633	35	-2	0
3979	0	0	434	0	478	542	-15	638	35	-2	0
3983	0	0	433	0	479	542	-16	639	35	-3	0
3987	0	0	434	0	479	543	-16	637	35	-3	0
3991	0	0	434	0	480	543	-15	619	36	-3	0
3995	0	0	434	0	481	544	-15	611	36	-3	0
3999	0	0	434	0	482	545	-15	605	36	-3	0
4003	0	0	434	0	483	546	-15	583	36	-3	0
4007	0	0	435	0	484	547	-15	568	36	-3	0
4011	0	0	435	0	485	548	-15	555	36	-3	0
4015	0	0	435	0	486	549	-15	541	36	-3	0
4019	0	0	437	0	486	549	-15	536	36	-3	0
4023	0	0	437	0	487	550	-15	534	36	-3	0
4027	0	0	438	0	488	551	-15	543	36	-3	0
4031	0	0	439	0	488	552	-16	548	36	-3	0
4035	0	0	440	0	489	552	-15	552	36	-3	0
4039	0	0	441	0	489	553	-16	558	36	-3	0
4043	0	0	441	0	490	553	-15	562	36	-3	0
4047	0	0	442	0	490	553	-15	567	36	-3	0
4051	0	0	441	0	490	554	-16	579	36	-3	0
4055	0	0	442	0	490	554	-16	588	36	-3	0
4059	0	0	442	0	491	554	-15	593	36	-3	0
4063	0	0	442	0	491	554	-15	609	36	-3	0
4067	0	0	442	0	490	554	-16	622	36	-3	0
4071	0	0	442	0	490	554	-16	640	36	-3	0
4075	0	0	442	0	490	554	-16	662	36	-3	0
4079	0	0	441	0	490	554	-16	665	36	-3	0
4083	0	0	442	0	490	554	-16	666	36	-3	0
4087	0	0	440	0	490	554	-16	653	36	-3	0
4091	0	0	440	0	490	554	-16	647	36	-3	0
4095	0	0	440	0	490	554	-16	643	36	-3	0
4099	0	0	440	0	490	554	-16	636	36	-3	0
4103	0	0	440	0	490	554	-16	634	36	-3	0
4107	0	0	440	0	490	555	-16	629	36	-3	0
4111	0	0	439	0	490	555	-16	624	36	-3	0
4115	0	0	439	0	490	555	-16	623	36	-3	0
4119	0	0	439	0	491	555	-16	625	36	-3	0
4123	0	0	439	0	491	555	-16	632	36	-3	0
4127	0	0	439	0	491	555	-16	635	36	-3	0
4131	0	0	439	0	491	556	-16	635	36	-3	0
4135	0	0	440	0	491	556	-16	637	36	-3	0
4139	0	0	439	0	491	556	-16	636	36	-3	0
4143	0	0	439	0	492	557	-16	635	36	-3	0
4147	0	0	439	0	492	557	-16	631	36	-3	0
4151	0	0	438	0	492	557	-16	628	36	-3	0
4155	0	0	438	0	493	557	-16	627	36	-3	0
4159	0	0	438	0	493	558	-16	622	36	-3	0
4163	0	0	438	0	493	558	-16	622	36	-3	0
4167	0	0	439	0	494	559	-16	620	37	-3	0
4171	0	0	439	0	494	559	-16	606	37	-3	0
4175	0	0	439	0	494	559	-16	597	37	-3	0
4179	0	0	439	0	494	560	-16	588	37	-3	0
4183	0	0	439	0	495	560	-16	582	37	-3	0
4187	0	0	441	0	495	561	-16	581	37	-3	0
4191	0	0	442	0	495	561	-16	581	37	-3	0
4195	0	0	441	0	495	561	-16	585	37	-3	0
4199	0	0	441	0	495	561	-16	589	37	-3	0
4203	0	0	443	0	496	562	-16	593	37	-3	0
4207	0	0	441	0	496	562	-16	605	37	-3	0
4211	0	0	442	0	496	562	-16	613	37	-3	0
4215	0	0	442	0	495	562	-16	619	37	-3	0
4219	0	0	442	0	495	562	-16	627	37	-3	0
4223	0	0	442	0	495	561	-16	629	37	-3	0
4227	0	0	442	0	495	561	-16	629	37	-3	0
4231	0	0	442	0	495	561	-16	626	37	-3	0
4235	0	0	442	0	495	561	-16	625	37	-3	0
4239	0	0	441	0	494	561	-16	625	37	-3	0
4243	0	0	441	0	494	561	-16	621	37	-3	0
4247	0	0	441	0	494	561	-16	618	37	-3	0
4251	0	0	442	0	494	561	-16	617	37	-3	0
4255	0	0	441	0	494	561	-16	615	37	-3	0
4259	0	0	442	0	493	560	-16	614	37	-3	0
4263	0	0	442	0	493	560	-16	613	37	-3	0
4267	0	0	442	0	493	560	-16	618	37	-3	0
4271	0	0	442	0	492	559	-16	620	37	-3	0
4275	0	0	441	0	492	559	-16	622	36	-3	0
4279	0	0	441	0	492	559	-16	626	36	-3	0
4283	0	0	441	0	491	558	-16	627	36	-3	0
4287	0	0	442	0	491	558	-16	627	36	-3	0
4291	0	0	442	0	490	557	-16	620	36	-3	0
4295	0	0	441	0	490	557	-16	620	36	-3	0
4299	0	0	441	0	489	556	-16	619	36	-3	0
4303	0	0	441	0	488	555	-16	628	36	-3	0
4307	0	0	441	0	488	555	-16	636	36	-3	0
4311	0	0	441	0	487	554	-16	644	36	-3	0
4315	0	0	441	0	487	553	-16	663	36	-3	0
4319	0	0	440	0	486	553	-16	673	36	-3	0
4323	0	0	440	0	485	552	-16	681	36	-3	0
4327	0	0	439	0	485	551	-16	694	36	-3	0
4331	0	0	438	0	484	551	-16	696	36	-3	0
4335	0	0	436	0	484	551	-16	693	36	-3	0
4339	0	0	437	0	483	550	-16	682	36	-3	0
4343	0	0	436	0	483	550	-16	674	36	-3	0
4347	0	0	436	0	483	550	-16	668	36	-3	0
4351	0	0	435	0	483	549	-16	659	36	-3	0
4355	0	0	435	0	482	549	-16	655	36	-3	0
4359	0	0	434	0	482	549	-16	652	36	-3	0
4363	0	0	434	0	482	549	-16	644	36	-3	0
4367	0	0	434	0	483	549	-16	639	36	-3	0
4371	0	0	434	0	483	550	-16	633	36	-3	0
4375	0	0	434	0	483	550	-16	626	36	-3	0
4379	0	0	435	0	483	550	-16	626	36	-3	0
4383	0	0	435	0	484	551	-16	626	36	-3	0
4387	0	0	435	0	484	551	-16	615	36	-3	0
4391	0	0	434	0	484	551	-16	608	36	-3	0
4395	0	0	434	0	485	551	-16	603	36	-3	0
4399	0	0	435	0	485	552	-16	596	36	-3	0
4403	0	0	436	0	486	552	-16	595	36	-3	0
4407	0	0	434	0	487	553	-16	594	36	-3	0
4411	0	0	435	0	487	553	-16	600	36	-3	0
4415	0	0	435	0	488	553	-16	603	36	-3	0
4419	0	0	436	0	488	554	-16	604	36	-3	0
4423	0	0	435	0	489	554	-16	600	36	-3	0
4427	0	0	436	0	489	555	-16	596	36	-3	0
4431	0	0	436	0	489	555	-16	590	36	-3	0
4435	0	0	436	0	490	556	-16	579	36	-3	0
4439	0	0	436	0	490	556	-16	575	36	-3	0
4443	0	0	437	0	491	557	-16	573	36	-3	0
4447	0	0	437	0	491	557	-16	573	36	-3	0
4451	0	0	438	0	491	557	-16	574	36	-3	0
4455	0	0	439	0	491	558	-16	577	36	-3	0
4459	0	0	439	0	492	558	-16	577	36	-3	0
4463	0	0	440	0	492	558	-16	580	36	-3	0
4467	0	0	440	0	492	559	-16	586	36	-3	0
4471	0	0	440	0	492	559	-16	601	36	-3	0
4475	0	0	440	0	492	559	-16	609	36	-3	0
4479	0	0	439	0	492	559	-16	616	36	-3	0
4483	0	0	440	0	492	559	-16	624	36	-3	0
4487	0	0	440	0	492	559	-16	629	36	-3	0
4491	0	0	441	0	491	559	-17	631	36	-3	0
4495	0	0	439	0	491	559	-17	631	36	-3	0
4499	0	0	440	0	491	559	-17	629	36	-3	0
4503	0	0	440	0	491	559	-17	628	36	-3	0
4507	0	0	440	0	491	559	-17	621	36	-3	0
4511	0	0	440	0	491	559	-17	617	36	-3	0
4515	0	0	440	0	491	559	-17	615	36	-3	0
4519	0	0	440	0	491	559	-17	613	36	-3	0
4523	0	0	440	0	491	559	-17	612	36	-3	0
4527	0	0	440	0	491	559	-17	613	36	-3	0
4531	0	0	440	0	491	559	-17	616	36	-3	0
4535	0	0	440	0	491	559	-17	617	36	-3	0
4539	0	0	440	0	491	559	-17	620	36	-3	0
4543	0	0	440	0	491	559	-17	625	36	-3	0
4547	0	0	440	0	491	559	-17	626	36	-3	0
4551	0	0	441	0	491	558	-16	627	36	-3	0
4555	0	0	440	0	491	558	-16	623	36	-3	0
4559	0	0	440	0	491	558	-16	620	36	-3	0
4563	0	0	440	0	491	558	-16	618	36	-3	0
4567	0	0	440	0	491	558	-16	616	36	-3	0
4571	0	0	440	0	491	558	-16	615	36	-3	0
4575	0	0	440	0	490	558	-17	614	36	-3	0
4579	0	0	440	0	490	558	-17	612	36	-3	0
4583	0	0	439	0	490	558	-17	613	36	-3	0
4587	0	0	439	0	490	557	-16	613	36	-3	0
4591	0	0	439	0	490	557	-16	616	36	-3	0
4595	0	0	439	0	490	557	-16	618	36	-3	0
4599	0	0	439	0	490	557	-16	619	36	-3	0
4603	0	0	439	0	489	557	-17	620	36	-3	0
4607	0	0	440	0	489	556	-16	619	36	-3	0
4611	0	0	440	0	489	556	-16	619	36	-3	0
4615	0	0	441	0	488	556	-17	616	36	-3	0
4619	0	0	440	0	488	555	-16	615	36	-3	0
4623	0	0	439	0	488	555	-16	613	36	-3	0
4627	0	0	439	0	487	555	-17	614	36	-3	0
4631	0	0	440	0	487	554	-16	617	36	-3	0
4635	0	0	440	0	487	554	-16	621	36	-3	0
4639	0	0	440	0	486	553	-16	626	36	-3	0
4643	0	0	439	0	486	553	-16	628	36	-3	0
4647	0	0	439	0	485	553	-17	633	36	-3	0
4651	0	0	439	0	485	552	-16	646	36	-3	0
4655	0	0	439	0	484	552	-17	652	36	-3	0
4659	0	0	439	0	484	551	-16	658	36	-3	0
4663	0	0	438	0	483	551	-17	669	36	-3	0
4667	0	0	438	0	483	550	-16	670	36	-3	0
4671	0	0	438	0	483	550	-16	668	36	-3	0
4675	0	0	438	0	482	549	-16	661	36	-3	0
4679	0	0	436	0	482	549	-16	657	36	-3	0
4683	0	0	435	0	482	549	-16	653	36	-3	0
4687	0	0	435	0	482	549	-16	646	36	-3	0
4691	0	0	435	0	482	549	-16	642	36	-3	0
4695	0	0	435	0	482	549	-16	637	36	-3	0
4699	0	0	435	0	482	549	-16	626	36	-3	0
4703	0	0	435	0	482	549	-16	621	36	-3	0
4707	0	0	435	0	482	549	-16	616	36	-3	0
4711	0	0	436	0	482	549	-16	611	36	-3	0
4715	0	0	436	0	482	549	-16	609	36	-3	0
4719	0	0	435	0	482	549	-16	609	36	-3	0
4723	0	0	435	0	482	549	-16	610	36	-3	0
4727	0	0	436	0	482	549	-16	611	36	-3	0
4731	0	0	436	0	482	549	-16	614	36	-3	0
4735	0	0	436	0	482	549	-16	619	36	-3	0
4739	0	0	435	0	482	549	-16	621	36	-3	0
4743	0	0	435	0	482	549	-16	623	36	-3	0
4747	0	0	436	0	482	550	-17	622	36	-3	0
4751	0	0	436	0	483	550	-16	620	36	-3	0
4755	0	0	436	0	483	550	-16	619	36	-3	0
4759	0	0	436	0	483	550	-16	616	36	-3	0
4763	0	0	436	0	483	550	-16	615	36	-3	0
4767	0	0	437	0	483	550	-16	613	36	-3	0
4771	0	0	437	0	483	551	-17	612	36	-3	0
4775	0	0	437	0	483	551	-17	612	36	-3	0
4779	0	0	437	0	484	551	-16	612	36	-3	0
4783	0	0	437	0	484	551	-16	612	36	-3	0
4787	0	0	436	0	484	551	-16	614	36	-3	0
4791	0	0	436	0	484	552	-17	615	36	-3	0
4795	0	0	436	0	485	552	-16	617	36	-3	0
4799	0	0	436	0	485	552	-16	618	36	-3	0
4803	0	0	437	0	485	553	-17	621	36	-3	0
4807	0	0	437	0	485	553	-17	619	36	-3	0
4811	0	0	437	0	486	553	-16	616	36	-3	0
4815	0	0	437	0	486	553	-16	614	36	-3	0
4819	0	0	436	0	486	554	-17	610	36	-3	0
4823	0	0	436	0	487	554	-16	609	36	-3	0
4827	0	0	437	0	487	554	-16	607	36	-3	0
4831	0	0	438	0	488	555	-16	605	36	-3	0
4835	0	0	437	0	488	555	-16	602	36	-3	0
4839	0	0	436	0	488	555	-16	600	36	-3	0
4843	0	0	437	0	489	556	-16	590	36	-3	0
4847	0	0	438	0	489	556	-16	586	36	-3	0
4851	0	0	439	0	489	557	-17	582	36	-3	0
4855	0	0	439	0	489	557	-17	578	36	-3	0
4859	0	0	439	0	490	557	-16	578	36	-3	0
4863	0	0	440	0	490	557	-16	581	36	-3	0
4867	0	0	439	0	490	557	-16	587	36	-3	0
4871	0	0	440	0	490	557	-16	589	36	-3	0
4875	0	0	440	0	490	557	-16	592	36	-3	0
4879	0	0	440	0	490	557	-16	597	36	-3	0
4883	0	0	440	0	490	557	-16	602	36	-3	0
4887	0	0	440	0	490	557	-16	608	36	-3	0
4891	0	0	440	0	489	557	-17	620	36	-3	0
4895	0	0	440	0	489	557	-17	623	36	-3	0
4899	0	0	440	0	489	557	-17	626	36	-3	0
4903	0	0	440	0	488	557	-17	624	36	-3	0
4907	0	0	440	0	488	556	-17	623	36	-3	0
4911	0	0	440	0	488	556	-17	622	36	-3	0
4915	0	0	440	0	488	556	-17	617	36	-3	0
4919	0	0	440	0	487	555	-17	613	36	-3	0
4923	0	0	442	0	487	555	-17	611	36	-3	0
4927	0	0	440	0	487	555	-17	607	36	-3	0
4931	0	0	440	0	486	554	-17	606	36	-3	0
4935	0	0	441	0	486	554	-17	605	36	-3	0
4939	0	0	441	0	485	553	-17	613	36	-3	0
4943	0	0	441	0	484	553	-17	619	36	-3	0
4947	0	0	440	0	484	552	-17	626	36	-3	0
4951	0	0	440	0	483	552	-17	635	36	-3	0
4955	0	0	440	0	482	551	-17	636	36	-3	0
4959	0	0	440	0	482	551	-17	643	36	-3	0
4963	0	0	439	0	481	550	-17	660	36	-3	0
4967	0	0	440	0	480	549	-17	668	36	-3	0
4971	0	0	438	0	480	548	-17	676	36	-3	0
4975	0	0	438	0	479	548	-17	687	36	-3	0
4979	0	0	439	0	479	547	-17	685	36	-3	0
4983	0	0	438	0	478	547	-17	682	36	-3	0
4987	0	0	437	0	478	546	-17	675	36	-3	0
4991	0	0	437	0	477	546	-17	671	36	-3	0
4995	0	0	436	0	477	545	-17	668	36	-2	0
4999	0	0	436	0	477	545	-17	660	36	-2	0
5003	0	0	435	0	477	545	-17	654	36	-2	0
5007	0	0	435	0	477	545	-17	649	36	-2	0
5011	0	0	435	0	476	545	-17	638	35	-2	0
5015	0	0	434	0	477	545	-17	633	35	-2	0
5019	0	0	434	0	477	545	-17	628	36	-2	0
5023	0	0	434	0	477	545	-17	622	36	-2	0
5027	0	0	435	0	477	545	-17	618	36	-2	0
5031	0	0	435	0	477	545	-17	614	36	-2	0
5035	0	0	435	0	477	545	-17	611	36	-2	0
5039	0	0	435	0	477	545	-17	611	36	-2	0
5043	0	0	435	0	477	545	-17	611	36	-2	0
5047	0	0	435	0	478	546	-17	611	36	-3	0
5051	0	0	435	0	478	546	-17	611	36	-3	0
5055	0	0	436	0	478	546	-17	611	36	-3	0
5059	0	0	436	0	478	546	-17	612	36	-3	0
5063	0	0	435	0	478	546	-17	611	36	-3	0
5067	0	0	436	0	478	546	-17	612	36	-3	0
5071	0	0	436	0	479	547	-17	612	36	-3	0
5075	0	0	435	0	479	547	-17	610	36	-3	0
5079	0	0	435	0	479	547	-17	610	36	-3	0
5083	0	0	436	0	479	547	-17	608	36	-3	0
5087	0	0	436	0	480	547	-16	606	36	-3	0
5091	0	0	435	0	480	547	-16	605	36	-3	0
5095	0	0	435	0	480	548	-17	603	36	-3	0
5099	0	0	435	0	480	548	-17	602	36	-3	0
5103	0	0	436	0	481	548	-16	603	36	-3	0
5107	0	0	436	0	481	549	-16	607	36	-3	0
5111	0	0	436	0	481	549	-17	607	36	-3	0
5115	0	0	437	0	481	549	-17	607	36	-3	0
5119	0	0	437	0	482	549	-16	603	36	-3	0
5123	0	0	436	0	482	549	-16	601	36	-3	0
5127	0	0	437	0	482	549	-16	600	36	-3	0
5131	0	0	436	0	482	550	-17	601	36	-3	0
5135	0	0	436	0	482	550	-17	602	36	-3	0
5139	0	0	437	0	482	550	-17	604	36	-3	0
5143	0	0	437	0	482	550	-17	606	36	-3	0
5147	0	0	437	0	482	550	-17	608	36	-3	0
5151	0	0	437	0	482	550	-17	611	36	-3	0
5155	0	0	438	0	482	550	-17	615	36	-3	0
5159	0	0	437	0	482	550	-17	617	36	-3	0
5163	0	0	438	0	482	550	-17	620	36	-3	0
5167	0	0	438	0	482	550	-17	621	36	-3	0
5171	0	0	438	0	482	550	-17	621	36	-3	0
5175	0	0	437	0	482	550	-17	620	36	-3	0
5179	0	0	437	0	482	550	-17	618	36	-3	0
5183	0	0	437	0	482	550	-17	617	36	-3	0
5187	0	0	437	0	482	550	-17	615	36	-3	0
5191	0	0	437	0	482	550	-17	613	36	-3	0
5195	0	0	437	0	482	550	-17	611	36	-3	0
5199	0	0	438	0	482	550	-17	611	36	-3	0
5203	0	0	438	0	482	550	-17	610	36	-3	0
5207	0	0	438	0	482	550	-17	612	36	-3	0
5211	0	0	438	0	482	550	-17	613	36	-3	0
5215	0	0	438	0	482	550	-17	615	36	-3	0
5219	0	0	438	0	482	550	-17	616	36	-3	0
5223	0	0	439	0	482	550	-17	617	36	-3	0
5227	0	0	438	0	482	550	-17	618	36	-3	0
5231	0	0	438	0	482	550	-17	617	36	-3	0
5235	0	0	438	0	482	550	-17	618	36	-3	0
5239	0	0	438	0	482	550	-17	616	36	-3	0
5243	0	0	438	0	482	550	-17	614	36	-3	0
5247	0	0	438	0	481	549	-17	613	36	-3	0
5251	0	0	438	0	481	549	-17	612	36	-3	0
5255	0	0	438	0	481	549	-17	611	36	-3	0
5259	0	0	438	0	481	549	-17	612	36	-3	0
5263	0	0	438	0	481	549	-17	612	36	-3	0
5267	0	0	438	0	481	549	-17	613	36	-3	0
5271	0	0	438	0	480	549	-17	614	36	-3	0
5275	0	0	438	0	480	548	-17	614	36	-3	0
5279	0	0	438	0	480	548	-17	615	36	-3	0
5283	0	0	439	0	480	548	-17	614	36	-3	0
5287	0	0	438	0	479	547	-17	614	36	-3	0
5291	0	0	438	0	479	547	-17	612	36	-3	0
5295	0	0	439	0	478	547	-17	613	36	-3	0
5299	0	0	438	0	478	546	-17	612	36	-3	0
5303	0	0	438	0	477	546	-17	611	36	-3	0
5307	0	0	438	0	477	545	-17	611	36	-2	0
5311	0	0	439	0	476	545	-17	611	35	-2	0
5315	0	0	438	0	476	544	-17	611	35	-2	0
5319	0	0	438	0	475	543	-17	609	35	-2	0
5323	0	0	438	0	474	543	-17	615	35	-2	0
5327	0	0	438	0	474	542	-17	629	35	-2	0
5331	0	0	439	0	473	541	-17	644	35	-2	0
5335	0	0	439	0	472	540	-17	670	35	-2	0
5339	0	0	438	0	471	539	-17	683	35	-2	0
5343	0	0	438	0	470	539	-17	694	35	-2	0
5347	0	0	438	0	470	538	-17	709	35	-2	0
5351	0	0	437	0	469	537	-17	709	35	-2	0
5355	0	0	436	0	469	537	-17	707	35	-2	0
5359	0	0	436	0	468	536	-17	696	35	-2	0
5363	0	0	434	0	468	536	-17	685	35	-2	0
5367	0	0	434	0	467	535	-17	677	35	-2	0
5371	0	0	434	0	467	535	-17	663	35	-2	0
5375	0	0	434	0	467	535	-17	660	35	-2	0
5379	0	0	434	0	467	535	-17	660	35	-2	0
5383	0	0	434	0	467	535	-17	651	35	-2	0
5387	0	0	434	0	467	535	-17	644	35	-2	0
5391	0	0	436	0	467	535	-17	638	35	-2	0
5395	0	0	434	0	468	535	-16	631	35	-2	0
5399	0	0	434	0	468	535	-16	624	35	-2	0
5403	0	0	434	0	468	536	-17	614	35	-2	0
5407	0	0	433	0	469	536	-16	594	35	-2	0
5411	0	0	434	0	469	537	-17	584	35	-2	0
5415	0	0	435	0	470	537	-16	578	35	-2	0
5419	0	0	435	0	470	537	-16	580	35	-2	0
5423	0	0	435	0	471	538	-16	584	35	-2	0
5427	0	0	434	0	471	538	-16	588	35	-2	0
5431	0	0	435	0	472	539	-17	592	35	-2	0
5435	0	0	435	0	472	539	-16	593	35	-2	0
5439	0	0	435	0	472	539	-16	592	35	-2	0
5443	0	0	434	0	472	539	-16	590	35	-2	0
5447	0	0	435	0	473	540	-16	590	35	-2	0
5451	0	0	435	0	473	540	-16	591	35	-2	0
5455	0	0	436	0	473	540	-16	586	35	-2	0
5459	0	0	437	0	473	541	-17	585	35	-2	0
5463	0	0	437	0	473	541	-17	585	35	-2	0
5467	0	0	437	0	474	541	-16	588	35	-2	0
5471	0	0	437	0	474	541	-16	592	35	-2	0
5475	0	0	437	0	474	541	-16	598	35	-2	0
5479	0	0	436	0	474	541	-16	606	35	-2	0
5483	0	0	437	0	474	541	-16	608	35	-2	0
5487	0	0	437	0	474	541	-16	611	35	-2	0
5491	0	0	437	0	474	541	-16	618	35	-2	0
5495	0	0	436	0	474	541	-16	622	35	-2	0
5499	0	0	436	0	474	541	-16	626	35	-2	0
5503	0	0	437	0	474	541	-16	630	35	-2	0
5507	0	0	436	0	474	541	-16	630	35	-2	0
5511	0	0	436	0	474	541	-16	628	35	-2	0
5515	0	0	436	0	474	541	-16	623	35	-2	0
5519	0	0	436	0	474	541	-16	618	35	-2	0
5523	0	0	436	0	474	541	-16	614	35	-2	0
5527	0	0	436	0	474	541	-16	609	35	-2	0
5531	0	0	436	0	474	541	-16	610	35	-2	0
5535	0	0	436	0	474	541	-16	610	35	-2	0
5539	0	0	436	0	474	541	-16	616	35	-2	0
5543	0	0	436	0	474	541	-16	618	35	-2	0
5547	0	0	436	0	474	541	-16	620	35	-2	0
5551	0	0	436	0	474	541	-16	624	35	-2	0
5555	0	0	436	0	474	541	-16	624	35	-2	0
5559	0	0	436	0	474	541	-16	624	35	-2	0
5563	0	0	436	0	474	541	-16	624	35	-2	0
5567	0	0	436	0	474	541	-16	622	35	-2	0
5571	0	0	436	0	474	541	-16	620	35	-2	0
5575	0	0	436	0	474	541	-16	617	35	-2	0
5579	0	0	436	0	474	541	-16	615	35	-2	0
5583	0	0	436	0	474	541	-16	615	35	-2	0
5587	0	0	436	0	474	541	-16	614	35	-2	0
5591	0	0	437	0	474	541	-16	615	35	-2	0
5595	0	0	436	0	474	541	-16	615	35	-2	0
5599	0	0	436	0	474	541	-16	618	35	-2	0
5603	0	0	436	0	474	541	-16	618	35	-2	0
5607	0	0	436	0	474	541	-16	620	35	-2	0
5611	0	0	436	0	474	541	-16	621	35	-2	0
5615	0	0	436	0	474	541	-16	621	35	-2	0
5619	0	0	436	0	474	541	-16	620	35	-2	0
5623	0	0	436	0	474	541	-16	618	35	-2	0
5627	0	0	437	0	474	541	-16	618	35	-2	0
5631	0	0	436	0	474	541	-16	616	35	-2	0
5635	0	0	436	0	474	541	-16	615	35	-2	0
5639	0	0	436	0	474	541	-16	615	35	-2	0
5643	0	0	436	0	474	541	-16	616	35	-2	0
5647	0	0	436	0	474	541	-16	617	35	-2	0
5651	0	0	436	0	474	541	-16	617	35	-2	0
5655	0	0	437	0	474	541	-16	618	35	-2	0
5659	0	0	437	0	474	541	-16	619	35	-2	0
5663	0	0	437	0	474	541	-16	619	35	-2	0
5667	0	0	436	0	474	541	-16	619	35	-2	0
5671	0	0	437	0	474	541	-16	618	35	-2	0
5675	0	0	436	0	474	541	-16	616	35	-2	0
5679	0	0	437	0	474	541	-16	616	35	-2	0
5683	0	0	437	0	474	541	-16	616	35	-2	0
5687	0	0	437	0	474	541	-16	615	35	-2	0
5691	0	0	438	0	474	541	-16	616	35	-2	0
5695	0	0	436	0	474	541	-16	617	35	-2	0
5699	0	0	437	0	474	541	-16	616	35	-2	0
5703	0	0	437	0	474	541	-16	618	35	-2	0
5707	0	0	437	0	474	541	-16	617	35	-2	0
5711	0	0	437	0	474	541	-16	617	35	-2	0
5715	0	0	437	0	474	541	-16	617	35	-2	0
5719	0	0	437	0	474	541	-16	616	35	-2	0
5723	0	0	437	0	474	541	-16	616	35	-2	0
5727	0	0	437	0	474	541	-16	616	35	-2	0
5731	0	0	438	0	474	541	-16	616	35	-2	0
5735	0	0	438	0	474	541	-16	616	35	-2	0
5739	0	0	437	0	474	541	-16	616	35	-2	0
5743	0	0	437	0	474	541	-16	616	35	-2	0
5747	0	0	437	0	474	541	-16	616	35	-2	0
5751	0	0	437	0	474	541	-16	616	35	-2	0
5755	0	0	438	0	473	541	-17	617	35	-2	0
5759	0	0	438	0	473	541	-17	615	35	-2	0
5763	0	0	438	0	473	541	-17	616	35	-2	0
5767	0	0	438	0	473	540	-16	615	35	-2	0
5771	0	0	438	0	473	540	-16	614	35	-2	0
5775	0	0	439	0	473	540	-16	615	35	-2	0
5779	0	0	439	0	473	540	-16	614	35	-2	0
5783	0	0	438	0	473	540	-16	614	35	-2	0
5787	0	0	438	0	472	539	-16	615	35	-2	0
5791	0	0	438	0	472	539	-16	615	35	-2	0
5795	0	0	437	0	472	539	-16	614	35	-2	0
5799	0	0	437	0	472	539	-16	615	35	-2	0
5803	0	0	438	0	471	538	-16	614	35	-2	0
5807	0	0	438	0	471	538	-16	614	35	-2	0
5811	0	0	438	0	470	537	-16	614	35	-2	0
5815	0	0	438	0	470	537	-16	620	35	-2	0
5819	0	0	437	0	470	537	-16	625	35	-2	0
5823	0	0	437	0	469	536	-16	628	35	-2	0
5827	0	0	438	0	469	536	-16	633	35	-2	0
5831	0	0	438	0	468	535	-16	634	35	-2	0
5835	0	0	437	0	467	535	-17	636	35	-2	0
5839	0	0	437	0	467	534	-16	636	35	-2	0
5843	0	0	438	0	466	534	-17	641	35	-2	0
5847	0	0	438	0	466	533	-16	646	35	-2	0
5851	0	0	437	0	465	533	-17	652	35	-2	0
5855	0	0	437	0	465	532	-16	657	35	-2	0
5859	0	0	438	0	464	532	-17	664	35	-2	0
5863	0	0	438	0	464	531	-16	663	35	-2	0
5867	0	0	437	0	464	531	-16	660	35	-2	0
5871	0	0	436	0	463	530	-16	659	35	-2	0
5875	0	0	437	0	463	530	-16	659	35	-2	0
5879	0	0	436	0	463	530	-16	656	35	-2	0
5883	0	0	436	0	463	529	-16	652	34	-2	0
5887	0	0	435	0	463	529	-16	645	34	-2	0
5891	0	0	435	0	463	529	-16	637	34	-2	0
5895	0	0	435	0	463	529	-16	631	34	-2	0
5899	0	0	435	0	463	529	-16	621	34	-2	0
5903	0	0	435	0	463	529	-16	616	34	-2	0
5907	0	0	435	0	463	529	-16	613	34	-2	0
5911	0	0	435	0	463	529	-16	605	34	-2	0
5915	0	0	435	0	463	529	-16	604	34	-2	0
5919	0	0	436	0	463	529	-16	605	34	-2	0
5923	0	0	436	0	463	529	-16	611	34	-2	0
5927	0	0	436	0	463	529	-16	614	34	-2	0
5931	0	0	436	0	463	529	-16	617	34	-2	0
5935	0	0	436	0	463	529	-16	619	34	-2	0
5939	0	0	435	0	463	529	-16	620	34	-2	0
5943	0	0	435	0	463	529	-16	621	34	-2	0
5947	0	0	435	0	463	529	-16	624	34	-2	0
5951	0	0	436	0	463	529	-16	623	34	-2	0
5955	0	0	435	0	463	529	-16	620	34	-2	0
5959	0	0	435	0	464	529	-16	617	35	-2	0
5963	0	0	435	0	464	529	-16	615	35	-2	0
5967	0	0	435	0	464	529	-16	614	35	-2	0
5971	0	0	435	0	464	529	-16	617	35	-2	0
5975	0	0	435	0	464	529	-16	618	35	-2	0
5979	0	0	435	0	464	530	-16	619	35	-2	0
5983	0	0	435	0	464	530	-16	621	35	-2	0
5987	0	0	435	0	464	530	-16	622	35	-2	0
5991	0	0	435	0	465	530	-16	623	35	-2	0
5995	0	0	435	0	465	530	-16	624	35	-2	0
5999	0	0	435	0	465	530	-16	623	35	-2	0
6003	0	0	435	0	465	531	-16	622	35	-2	0
6007	0	0	436	0	465	531	-16	620	35	-2	0
6011	0	0	435	0	466	531	-16	618	35	-2	0
6015	0	0	435	0	466	531	-16	618	35	-2	0
6019	0	0	435	0	466	532	-16	619	35	-2	0
6023	0	0	434	0	467	532	-16	620	35	-2	0
6027	0	0	435	0	467	533	-16	621	35	-2	0
6031	0	0	436	0	468	533	-16	622	35	-2	0
6035	0	0	435	0	468	533	-16	622	35	-2	0
6039	0	0	435	0	468	534	-16	625	35	-2	0
6043	0	0	434	0	469	534	-16	621	35	-2	0
6047	0	0	435	0	469	535	-16	616	35	-2	0
6051	0	0	435	0	470	535	-16	611	35	-2	0
6055	0	0	435	0	470	536	-16	586	35	-2	0
6059	0	0	436	0	471	537	-16	570	35	-2	0
6063	0	0	436	0	472	537	-16	560	35	-2	0
6067	0	0	436	0	472	538	-16	552	35	-2	0
6071	0	0	438	0	473	539	-16	554	35	-2	0
6075	0	0	437	0	473	539	-16	556	35	-2	0
6079	0	0	438	0	473	539	-16	565	35	-2	0
6083	0	0	439	0	474	540	-16	571	35	-2	0
6087	0	0	439	0	474	540	-16	575	35	-2	0
6091	0	0	439	0	474	540	-16	586	35	-2	0
6095	0	0	439	0	474	540	-16	591	35	-2	0
6099	0	0	439	0	474	540	-16	595	35	-2	0
6103	0	0	439	0	474	541	-16	601	35	-2	0
6107	0	0	439	0	474	540	-16	605	35	-2	0
6111	0	0	440	0	474	540	-16	608	35	-2	0
6115	0	0	439	0	474	540	-16	616	35	-2	0
6119	0	0	440	0	473	540	-16	617	35	-2	0
6123	0	0	439	0	473	539	-16	618	35	-2	0
6127	0	0	439	0	473	539	-16	617	35	-2	0
6131	0	0	439	0	473	539	-16	614	35	-2	0
6135	0	0	439	0	472	539	-16	614	35	-2	0
6139	0	0	439	0	472	538	-16	616	35	-2	0
6143	0	0	439	0	471	538	-16	619	35	-2	0
6147	0	0	440	0	471	538	-16	624	35	-2	0
6151	0	0	440	0	470	537	-16	629	35	-2	0
6155	0	0	439	0	470	537	-16	632	35	-2	0
6159	0	0	439	0	469	537	-17	634	35	-2	0
6163	0	0	439	0	469	536	-16	640	35	-2	0
6167	0	0	440	0	468	535	-17	640	35	-2	0
6171	0	0	440	0	468	535	-16	644	35	-2	0
6175	0	0	439	0	467	535	-17	651	35	-2	0
6179	0	0	439	0	467	534	-16	652	35	-2	0
6183	0	0	439	0	466	533	-16	657	35	-2	0
6187	0	0	438	0	466	533	-16	667	35	-2	0
6191	0	0	438	0	465	532	-17	665	35	-2	0
6195	0	0	438	0	465	532	-16	664	35	-2	0
6199	0	0	439	0	465	531	-16	667	35	-2	0
6203	0	0	437	0	464	531	-16	667	35	-2	0
6207	0	0	436	0	464	531	-16	664	35	-2	0
6211	0	0	436	0	464	531	-16	659	35	-2	0
6215	0	0	436	0	464	530	-16	652	35	-2	0
6219	0	0	436	0	464	530	-16	644	35	-2	0
6223	0	0	436	0	464	530	-16	634	35	-2	0
6227	0	0	436	0	464	530	-16	627	35	-2	0
6231	0	0	436	0	464	530	-16	622	35	-2	0
6235	0	0	436	0	464	530	-16	615	35	-2	0
6239	0	0	436	0	464	530	-16	609	35	-2	0
6243	0	0	436	0	464	530	-16	604	35	-2	0
6247	0	0	436	0	464	530	-16	602	35	-2	0
6251	0	0	436	0	464	530	-16	604	35	-2	0
6255	0	0	436	0	464	530	-16	607	35	-2	0
6259	0	0	436	0	464	530	-16	613	35	-2	0
6263	0	0	436	0	464	530	-16	613	35	-2	0
6267	0	0	436	0	464	530	-16	616	35	-2	0
6271	0	0	436	0	464	530	-16	618	35	-2	0
6275	0	0	436	0	464	530	-16	620	35	-2	0
6279	0	0	436	0	464	530	-16	623	35	-2	0
6283	0	0	436	0	464	530	-16	621	35	-2	0
6287	0	0	436	0	464	529	-16	619	35	-2	0
6291	0	0	436	0	464	529	-16	616	35	-2	0
6295	0	0	436	0	464	529	-16	613	35	-2	0
6299	0	0	436	0	464	529	-16	612	35	-2	0
6303	0	0	437	0	464	529	-16	613	35	-2	0
6307	0	0	436	0	464	529	-16	615	35	-2	0
6311	0	0	436	0	464	529	-16	616	35	-2	0
6315	0	0	437	0	464	529	-16	617	35	-2	0
6319	0	0	437	0	464	529	-16	618	35	-2	0
6323	0	0	437	0	464	529	-16	620	35	-2	0
6327	0	0	436	0	463	529	-16	621	34	-2	0
6331	0	0	437	0	463	529	-16	621	34	-2	0
6335	0	0	437	0	463	529	-16	619	34	-2	0
6339	0	0	437	0	463	529	-16	619	34	-2	0
6343	0	0	437	0	463	529	-16	616	34	-2	0
6347	0	0	437	0	463	529	-16	615	34	-2	0
6351	0	0	437	0	463	529	-16	616	34	-2	0
6355	0	0	437	0	463	529	-16	616	34	-2	0
6359	0	0	438	0	463	529	-16	617	34	-2	0
6363	0	0	437	0	463	529	-16	617	34	-2	0
6367	0	0	437	0	463	528	-16	619	34	-2	0
6371	0	0	438	0	463	528	-16	619	34	-2	0
6375	0	0	437	0	463	528	-16	620	34	-2	0
6379	0	0	438	0	463	528	-16	621	34	-2	0
6383	0	0	437	0	463	528	-16	621	34	-2	0
6387	0	0	438	0	463	528	-16	622	34	-2	0
6391	0	0	437	0	463	528	-16	622	34	-2	0
6395	0	0	437	0	463	528	-16	622	34	-2	0
6399	0	0	437	0	463	528	-16	622	34	-2	0
6403	0	0	437	0	462	528	-16	622	34	-2	0
6407	0	0	436	0	462	528	-16	621	34	-2	0
6411	0	0	437	0	462	528	-16	621	34	-2	0
6415	0	0	437	0	462	528	-16	620	34	-2	0
6419	0	0	436	0	462	528	-16	619	34	-2	0
6423	0	0	436	0	462	528	-16	619	34	-2	0
6427	0	0	436	0	462	528	-16	619	34	-2	0
6431	0	0	437	0	462	528	-16	618	34	-2	0
6435	0	0	436	0	462	528	-16	619	34	-2	0
6439	0	0	436	0	462	528	-16	619	34	-2	0
6443	0	0	436	0	462	528	-16	620	34	-2	0
6447	0	0	437	0	462	528	-16	619	34	-2	0
6451	0	0	436	0	462	528	-16	619	34	-2	0
6455	0	0	436	0	462	528	-16	619	34	-2	0
6459	0	0	437	0	462	528	-16	619	34	-2	0
6463	0	0	436	0	462	528	-16	619	34	-2	0
