0,0,0,500,0,-6,0,-1,601,0,0,0
1,0,0,500,0,-6,0,-1,601,0,0,0
5,0,0,500,0,-6,0,-1,602,0,0,0
9,0,0,499,0,-6,0,-1,605,0,0,0
13,0,0,499,0,-7,0,-1,602,0,0,0
17,0,0,498,0,-7,0,-1,601,0,0,0
21,0,0,498,0,-7,0,-1,601,0,0,0
25,0,0,498,0,-7,0,-1,603,0,0,0
29,0,0,498,0,-8,0,-2,603,0,0,0
33,0,0,497,0,-8,0,-2,606,0,0,0
37,0,0,498,0,-9,0,-2,612,0,0,0
41,0,0,497,0,-9,0,-2,614,0,0,0
45,0,0,497,0,-10,0,-2,616,0,0,0
49,0,0,497,0,-11,0,-2,618,0,0,0
53,0,0,496,0,-11,0,-2,621,0,0,0
57,0,0,495,0,-12,1,-3,626,0,0,0
61,0,0,495,0,-13,1,-3,626,0,0,0
65,0,0,495,0,-13,1,-3,626,0,0,0
69,0,0,493,0,-14,1,-3,623,0,0,0
73,0,0,492,0,-14,2,-4,619,0,0,0
77,0,0,492,0,-15,2,-4,615,0,0,0
81,0,0,492,0,-15,2,-4,608,0,0,0
85,0,0,492,0,-16,3,-4,603,0,0,0
89,0,0,492,0,-16,3,-4,591,0,0,0
93,0,0,491,0,-16,3,-4,586,0,0,0
97,0,0,490,0,-17,3,-5,585,0,0,0
101,0,0,489,0,-17,3,-5,579,0,0,0
105,0,0,487,0,-17,3,-5,577,0,0,0
109,0,0,486,0,-17,3,-5,577,0,0,0
113,0,0,486,0,-17,3,-5,579,0,0,0
117,0,0,486,0,-17,2,-4,583,0,0,0
121,0,0,486,0,-17,2,-4,582,0,0,0
125,0,0,487,0,-17,1,-4,580,0,0,0
129,0,0,486,0,-17,0,-4,579,0,0,0
133,0,0,487,0,-17,0,-4,582,0,0,0
137,0,0,487,0,-17,-1,-4,583,0,0,0
141,0,0,487,0,-17,-2,-3,588,0,0,0
145,0,0,488,0,-17,-3,-3,603,0,0,0
149,0,0,487,0,-17,-4,-3,615,0,0,0
153,0,0,487,0,-17,-5,-3,628,0,0,0
157,0,0,487,0,-17,-6,-2,642,0,0,0
161,0,0,488,0,-17,-7,-2,645,0,0,0
165,0,0,488,0,-17,-8,-2,649,0,0,0
169,0,0,490,0,-17,-9,-2,650,0,0,0
173,0,0,490,0,-17,-10,-2,647,0,0,0
177,0,0,491,0,-17,-11,-1,639,0,0,0
181,0,0,494,0,-16,-11,-1,632,0,0,0
185,0,0,495,0,-16,-12,-1,627,-1,0,0
189,0,0,497,0,-15,-13,0,623,-1,0,0
193,0,0,498,0,-15,-14,0,623,-1,0,0
197,0,0,498,0,-15,-15,0,624,-1,0,0
201,0,0,498,0,-14,-15,0,621,-1,0,0
205,0,0,499,0,-13,-16,0,618,-1,0,0
209,0,0,499,0,-13,-17,1,614,-1,0,0
213,0,0,499,0,-12,-17,1,612,-1,0,0
217,0,0,499,0,-11,-18,1,610,-1,0,0
221,0,0,500,0,-10,-18,1,608,-1,0,0
225,0,0,501,0,-9,-19,2,607,-1,0,0
229,0,0,501,0,-9,-19,2,607,-1,0,0
233,0,0,502,0,-8,-20,3,593,-1,0,0
237,0,0,502,0,-7,-20,3,586,0,0,0
241,0,0,503,0,-6,-21,3,578,0,0,0
245,0,0,503,0,-5,-21,4,565,0,0,0
249,0,0,502,0,-5,-21,4,563,0,0,0
253,0,0,503,0,-4,-22,4,562,0,0,0
257,0,0,506,0,-3,-22,4,564,0,0,0
261,0,0,507,0,-2,-23,5,569,0,0,0
265,0,0,509,0,-1,-23,5,583,0,0,0
269,0,0,509,0,-1,-23,5,588,0,0,0
273,0,0,510,0,0,-24,6,593,0,0,0
277,0,0,513,0,1,-24,6,601,0,0,0
281,0,0,514,0,1,-25,6,605,0,0,0
285,0,0,514,0,2,-25,6,607,0,0,0
289,0,0,516,0,3,-26,7,605,0,0,0
293,0,0,517,0,3,-26,7,602,0,0,0
297,0,0,518,0,5,-27,7,596,0,0,0
301,0,0,520,0,5,-27,8,592,0,0,0
305,0,0,521,0,6,-27,8,587,0,0,0
309,0,0,523,0,7,-28,8,582,0,0,0
313,0,0,524,0,7,-28,8,581,0,0,0
317,0,0,524,0,8,-29,9,578,0,0,0
321,0,0,525,0,9,-29,9,577,0,0,0
325,0,0,525,0,10,-29,9,580,0,0,0
329,0,0,525,0,10,-30,10,584,0,0,0
333,0,0,528,0,11,-30,10,585,0,0,0
337,0,0,528,0,11,-30,10,587,0,0,0
341,0,0,531,0,12,-31,10,595,0,0,0
345,0,0,532,0,13,-31,11,597,0,0,0
349,0,0,535,0,13,-31,11,600,0,0,0
353,0,0,536,0,14,-32,11,605,0,0,0
357,0,0,537,0,14,-32,11,607,0,0,0
361,0,0,538,0,15,-33,12,608,0,0,0
365,0,0,540,0,15,-33,12,607,0,0,0
369,0,0,541,0,15,-33,12,603,0,0,0
373,0,0,541,0,16,-33,12,600,0,0,0
377,0,0,544,0,17,-34,12,597,0,0,0
381,0,0,544,0,17,-34,12,594,0,0,0
385,0,0,546,0,17,-34,12,592,0,0,0
389,0,0,546,0,18,-34,13,589,0,0,0
393,0,0,546,0,18,-34,13,589,0,0,0
397,0,0,547,0,19,-35,13,589,0,0,0
401,0,0,547,0,19,-35,13,591,0,0,0
405,0,0,547,0,19,-35,13,593,0,0,0
409,0,0,548,0,20,-35,13,594,0,0,0
413,0,0,549,0,20,-35,13,598,0,0,0
417,0,0,550,0,20,-35,13,603,0,0,0
421,0,0,551,0,20,-35,13,604,0,0,0
425,0,0,551,0,21,-36,14,606,0,0,0
429,0,0,552,0,21,-36,14,606,0,0,0
433,0,0,553,0,21,-36,14,606,0,0,0
437,0,0,553,0,21,-36,14,604,0,0,0
441,0,0,554,0,21,-36,14,601,0,0,0
445,0,0,556,0,21,-36,14,600,0,0,0
449,0,0,555,0,22,-36,14,596,0,0,0
453,0,0,555,0,22,-36,14,597,0,0,0
457,0,0,555,0,22,-36,14,598,0,0,0
461,0,0,555,0,22,-36,14,598,0,0,0
465,0,0,555,0,22,-36,14,600,0,0,0
469,0,0,555,0,22,-36,14,603,0,0,0
473,0,0,556,0,22,-36,14,604,0,0,0
477,0,0,557,0,22,-36,14,605,0,0,0
481,0,0,556,0,22,-36,14,604,0,0,0
485,0,0,556,0,22,-36,14,602,0,0,0
489,0,0,556,0,22,-36,14,602,0,0,0
493,0,0,556,0,22,-36,14,600,0,0,0
497,0,0,556,0,22,-36,14,600,0,0,0
501,0,0,557,0,22,-36,14,600,0,0,0
505,0,0,557,0,22,-36,14,601,0,0,0
509,0,0,556,0,22,-36,14,602,0,0,0
513,0,0,557,0,22,-36,14,604,0,0,0
517,0,0,558,0,22,-36,14,606,0,0,0
521,0,0,557,0,22,-36,14,606,0,0,0
525,0,0,557,0,22,-36,14,606,0,0,0
529,0,0,557,0,22,-36,14,605,0,0,0
533,0,0,557,0,22,-36,14,603,0,0,0
537,0,0,557,0,22,-36,14,603,0,0,0
541,0,0,557,0,22,-36,14,603,0,0,0
545,0,0,557,0,22,-36,14,602,0,0,0
549,0,0,556,0,22,-36,14,603,0,0,0
553,0,0,557,0,22,-36,14,604,0,0,0
557,0,0,557,0,22,-36,14,605,0,0,0
561,0,0,557,0,22,-36,14,606,0,0,0
565,0,0,557,0,22,-36,14,606,0,0,0
569,0,0,557,0,22,-36,14,605,0,0,0
573,0,0,557,0,22,-36,14,604,0,0,0
577,0,0,557,0,22,-36,14,604,0,0,0
581,0,0,557,0,22,-36,14,603,0,0,0
585,0,0,556,0,22,-36,14,604,0,0,0
589,0,0,556,0,22,-36,14,604,0,0,0
593,0,0,558,0,22,-36,14,605,0,0,0
597,0,0,556,0,22,-36,14,605,0,0,0
601,0,0,556,0,22,-36,14,604,0,0,0
605,0,0,556,0,22,-36,14,605,0,0,0
609,0,0,557,0,22,-36,14,605,0,0,0
613,0,0,556,0,22,-36,14,604,0,0,0
617,0,0,556,0,22,-36,14,605,0,0,0
621,0,0,556,0,22,-36,14,605,0,0,0
625,0,0,556,0,22,-36,14,605,0,0,0
629,0,0,557,0,22,-36,14,606,0,0,0
633,0,0,557,0,22,-36,14,606,0,0,0
637,0,0,557,0,22,-36,14,605,0,0,0
641,0,0,557,0,22,-36,14,605,0,0,0
645,0,0,556,0,22,-36,14,604,0,0,0
649,0,0,556,0,22,-36,14,605,0,0,0
653,0,0,556,0,22,-36,14,605,0,0,0
657,0,0,556,0,22,-36,14,605,0,0,0
661,0,0,556,0,22,-36,14,605,0,0,0
665,0,0,556,0,22,-36,14,606,0,0,0
669,0,0,557,0,22,-36,14,607,0,0,0
673,0,0,556,0,22,-36,14,607,0,0,0
677,0,0,556,0,22,-36,14,607,0,0,0
681,0,0,556,0,22,-36,14,606,0,0,0
685,0,0,556,0,22,-36,14,607,0,0,0
689,0,0,556,0,22,-36,14,606,0,0,0
693,0,0,556,0,22,-36,14,605,0,0,0
697,0,0,556,0,22,-36,14,607,0,0,0
701,0,0,556,0,22,-36,14,607,0,0,0
705,0,0,556,0,22,-36,14,607,0,0,0
709,0,0,556,0,22,-36,14,607,0,0,0
713,0,0,555,0,22,-36,14,607,0,0,0
717,0,0,556,0,22,-36,14,607,0,0,0
721,0,0,556,0,22,-36,14,607,0,0,0
725,0,0,556,0,22,-36,14,608,0,0,0
729,0,0,556,0,22,-36,14,608,0,0,0
733,0,0,556,0,22,-36,14,608,0,0,0
737,0,0,556,0,22,-36,14,608,0,0,0
741,0,0,556,0,22,-36,14,608,0,0,0
745,0,0,557,0,23,-36,14,608,0,0,0
749,0,0,556,0,23,-36,14,608,0,0,0
753,0,0,555,0,23,-36,14,609,0,0,0
757,0,0,555,0,23,-36,14,609,0,0,0
761,0,0,555,0,23,-36,14,609,0,0,0
765,0,0,555,0,23,-35,14,608,0,0,0
769,0,0,555,0,23,-35,14,609,0,0,0
773,0,0,555,0,23,-35,14,608,0,0,0
777,0,0,555,0,23,-35,14,608,0,0,0
781,0,0,554,0,23,-35,14,606,0,0,0
785,0,0,554,0,23,-35,14,605,0,0,0
789,0,0,554,0,24,-35,14,605,0,0,0
793,0,0,556,0,24,-35,14,602,0,0,0
797,0,0,556,0,24,-34,14,601,0,0,0
801,0,0,557,0,25,-34,14,601,0,0,0
805,0,0,558,0,25,-34,14,601,0,0,0
809,0,0,559,0,25,-34,14,602,0,0,0
813,0,0,560,0,25,-33,14,603,0,0,0
817,0,0,560,0,26,-33,14,604,0,0,0
821,0,0,560,0,26,-33,14,605,0,0,0
825,0,0,561,0,26,-33,14,604,0,0,0
829,0,0,562,0,27,-32,14,603,0,0,0
833,0,0,563,0,27,-32,14,600,0,0,0
837,0,0,564,0,27,-31,14,599,0,0,0
841,0,0,563,0,28,-31,14,598,0,0,0
845,0,0,566,0,28,-31,14,598,0,0,0
849,0,0,566,0,29,-30,14,597,0,0,0
853,0,0,567,0,29,-29,14,597,0,0,0
857,0,0,569,0,30,-29,14,596,0,0,0
861,0,0,570,0,30,-28,14,596,0,0,0
865,0,0,573,0,31,-28,14,589,0,0,0
869,0,0,575,0,31,-27,14,585,0,0,0
873,0,0,576,0,32,-27,14,582,0,0,0
877,0,0,578,0,33,-26,14,578,0,0,0
881,0,0,580,0,33,-25,14,573,0,0,0
885,0,0,581,0,33,-25,14,567,0,0,0
889,0,0,583,0,34,-24,14,568,0,0,0
893,0,0,585,0,35,-24,14,568,0,0,0
897,0,0,587,0,35,-23,14,567,0,0,0
901,0,0,587,0,35,-22,14,571,0,0,0
905,0,0,587,0,35,-22,14,573,0,0,0
909,0,0,589,0,36,-21,14,579,0,0,0
913,0,0,589,0,36,-21,14,581,0,0,0
917,0,0,590,0,36,-20,14,585,0,0,0
921,0,0,591,0,37,-20,14,585,0,0,0
925,0,0,593,0,37,-19,14,586,0,0,0
929,0,0,592,0,37,-18,13,590,0,0,0
933,0,0,592,0,37,-18,13,593,0,0,0
937,0,0,592,0,37,-17,13,595,0,0,0
941,0,0,592,0,37,-17,13,598,0,0,0
945,0,0,591,0,37,-16,13,600,0,0,0
949,0,0,592,0,37,-15,13,605,0,0,0
953,0,0,592,0,37,-15,13,605,0,0,0
957,0,0,591,0,37,-14,12,603,0,0,0
961,0,0,591,0,37,-13,12,595,0,0,0
965,0,0,591,0,37,-13,12,591,0,0,0
969,0,0,592,0,36,-12,12,589,0,0,0
973,0,0,592,0,36,-12,12,585,0,0,0
977,0,0,593,0,36,-11,11,583,0,0,0
981,0,0,593,0,36,-11,11,584,0,0,0
985,0,0,593,0,36,-10,11,586,0,0,0
989,0,0,595,0,36,-9,11,588,0,0,0
993,0,0,593,0,36,-9,11,591,0,0,0
997,0,0,593,0,35,-9,11,592,0,0,0
1001,0,0,592,0,35,-8,10,593,0,0,0
1005,0,0,592,0,35,-8,10,593,0,0,0
1009,0,0,593,0,35,-7,10,593,0,0,0
1013,0,0,593,0,34,-7,10,593,0,0,0
1017,0,0,592,0,34,-7,10,594,0,0,0
1021,0,0,593,0,33,-6,9,595,0,0,0
1025,0,0,592,0,33,-6,9,599,0,0,0
1029,0,0,593,0,32,-6,9,601,0,0,0
1033,0,0,593,0,32,-5,9,604,0,0,0
1037,0,0,593,0,31,-5,9,605,0,0,0
1041,0,0,592,0,31,-5,9,607,0,0,0
1045,0,0,591,0,30,-5,8,611,0,0,0
1049,0,0,590,0,29,-5,8,612,0,0,0
1053,0,0,589,0,29,-5,8,621,0,0,0
1057,0,0,588,0,28,-4,8,625,0,0,0
1061,0,0,587,0,28,-4,8,629,0,0,0
1065,0,0,586,0,27,-4,7,634,0,0,0
1069,0,0,584,0,27,-4,7,635,0,0,0
1073,0,0,583,0,26,-4,7,637,0,0,0
1077,0,0,581,0,26,-4,7,633,0,0,0
1081,0,0,580,0,26,-4,7,632,0,0,0
1085,0,0,578,0,25,-4,7,626,0,0,0
1089,0,0,576,0,25,-3,7,621,0,0,0
1093,0,0,575,0,25,-3,7,616,0,0,0
1097,0,0,574,0,25,-3,7,610,0,0,0
1101,0,0,572,0,24,-3,6,609,0,0,0
1105,0,0,572,0,24,-3,6,608,0,0,0
1109,0,0,571,0,24,-2,6,606,0,0,0
1113,0,0,571,0,24,-2,6,605,0,0,0
1117,0,0,571,0,23,-2,6,604,0,0,0
1121,0,0,570,0,23,-2,6,605,0,0,0
1125,0,0,569,0,23,-1,6,605,0,0,0
1129,0,0,570,0,23,-1,6,602,0,0,0
1133,0,0,570,0,23,-1,6,603,0,0,0
1137,0,0,569,0,23,-1,6,603,0,0,0
1141,0,0,570,0,23,-1,6,604,0,0,0
1145,0,0,570,0,23,0,6,605,0,0,0
1149,0,0,570,0,22,0,5,608,0,0,0
1153,0,0,571,0,22,0,5,607,0,0,0
1157,0,0,571,0,22,0,5,608,0,0,0
1161,0,0,571,0,22,0,5,609,0,0,0
1165,0,0,570,0,22,0,5,608,0,0,0
1169,0,0,569,0,22,1,5,608,0,0,0
1173,0,0,570,0,22,1,5,606,0,0,0
1177,0,0,568,0,22,1,5,607,0,0,0
1181,0,0,569,0,22,1,5,606,0,0,0
1185,0,0,569,0,22,1,5,606,0,0,0
1189,0,0,569,0,23,1,5,605,0,0,0
1193,0,0,569,0,23,2,5,605,0,0,0
1197,0,0,569,0,23,2,5,604,0,0,0
1201,0,0,568,0,23,2,5,604,0,0,0
1205,0,0,569,0,23,2,5,603,0,0,0
1209,0,0,569,0,23,3,5,604,0,0,0
1213,0,0,569,0,23,3,5,606,0,0,0
1217,0,0,569,0,23,3,5,606,0,0,0
1221,0,0,568,0,23,4,4,604,0,0,0
1225,0,0,568,0,23,4,4,602,0,0,0
1229,0,0,568,0,23,4,4,602,0,0,0
1233,0,0,567,0,23,5,4,602,0,0,0
1237,0,0,567,0,23,5,4,598,0,0,0
1241,0,0,567,0,23,5,4,597,0,0,0
1245,0,0,567,0,24,5,4,599,0,0,0
1249,0,0,567,0,24,6,4,599,1,0,0
1253,0,0,567,0,24,6,4,599,1,0,0
1257,0,0,567,0,24,6,4,600,1,0,0
1261,0,0,567,0,24,7,4,601,1,0,0
1265,0,0,566,0,24,7,4,603,1,0,0
1269,0,0,567,0,24,7,4,603,1,0,0
1273,0,0,566,0,25,8,4,605,1,0,0
1277,0,0,566,0,25,8,4,604,1,0,0
1281,0,0,566,0,25,9,4,603,1,0,0
1285,0,0,566,0,25,9,4,602,1,0,0
1289,0,0,566,0,25,9,4,601,1,0,0
1293,0,0,565,0,25,10,3,600,1,0,0
1297,0,0,565,0,25,10,3,600,1,0,0
1301,0,0,564,0,26,10,4,599,1,0,0
1305,0,0,564,0,26,11,3,599,1,0,0
1309,0,0,564,0,26,11,3,599,1,0,0
1313,0,0,564,0,27,12,3,600,1,0,0
1317,0,0,563,0,27,12,3,597,1,0,0
1321,0,0,563,0,27,12,3,596,1,0,0
1325,0,0,563,0,27,13,3,596,1,0,0
1329,0,0,563,0,28,13,3,598,1,0,0
1333,0,0,562,0,28,14,3,596,1,0,0
1337,0,0,562,0,28,14,3,596,1,0,0
1341,0,0,563,0,29,15,3,593,1,0,0
1345,0,0,563,0,29,15,3,589,1,0,0
1349,0,0,563,0,29,15,3,586,1,0,0
1353,0,0,563,0,29,16,3,582,1,0,0
1357,0,0,563,0,30,16,3,581,1,0,0
1361,0,0,564,0,30,17,3,581,1,0,0
1365,0,0,565,0,30,17,3,584,1,0,0
1369,0,0,565,0,30,17,3,586,1,0,0
1373,0,0,565,0,30,18,3,595,1,0,0
1377,0,0,565,0,31,18,3,598,1,0,0
1381,0,0,566,0,31,18,3,601,1,0,0
1385,0,0,565,0,31,19,3,607,1,0,0
1389,0,0,565,0,31,19,3,608,1,0,0
1393,0,0,564,0,31,19,3,609,1,0,0
1397,0,0,563,0,31,19,3,608,1,0,0
1401,0,0,562,0,31,20,2,605,1,0,0
1405,0,0,562,0,31,20,2,603,1,0,0
1409,0,0,563,0,31,20,2,599,1,0,0
1413,0,0,563,0,31,21,2,596,1,0,0
1417,0,0,562,0,31,21,2,594,1,0,0
1421,0,0,562,0,31,21,2,593,1,0,0
1425,0,0,562,0,31,21,2,594,1,0,0
1429,0,0,561,0,31,22,2,600,1,0,0
1433,0,0,561,0,31,22,2,602,1,0,0
1437,0,0,561,0,31,22,2,606,1,0,0
1441,0,0,561,0,31,22,2,611,1,0,0
1445,0,0,561,0,31,22,2,613,1,0,0
1449,0,0,561,0,31,23,2,614,1,0,0
1453,0,0,561,0,31,23,2,614,1,0,0
1457,0,0,560,0,31,23,2,614,1,0,0
1461,0,0,560,0,31,23,2,608,1,0,0
1465,0,0,559,0,31,23,2,606,1,0,0
1469,0,0,559,0,31,23,2,605,1,0,0
1473,0,0,559,0,31,23,2,606,1,0,0
1477,0,0,559,0,31,23,2,606,1,0,0
1481,0,0,560,0,31,24,1,607,1,0,0
1485,0,0,560,0,31,24,1,608,1,0,0
1489,0,0,560,0,31,24,1,609,1,0,0
1493,0,0,559,0,31,24,1,611,1,0,0
1497,0,0,559,0,31,24,1,610,1,0,0
1501,0,0,559,0,31,24,1,609,1,0,0
1505,0,0,559,0,31,25,1,609,1,0,0
1509,0,0,559,0,31,25,1,608,1,0,0
1513,0,0,559,0,31,25,1,608,1,0,0
1517,0,0,558,0,31,25,1,608,1,0,0
1521,0,0,558,0,31,25,1,609,1,0,0
1525,0,0,558,0,31,25,1,609,1,0,0
1529,0,0,558,0,31,26,1,609,1,0,0
1533,0,0,559,0,31,26,1,610,1,0,0
1537,0,0,557,0,31,26,1,609,1,0,0
1541,0,0,558,0,31,26,1,610,1,0,0
1545,0,0,557,0,31,26,1,610,1,0,0
1549,0,0,558,0,31,26,1,610,1,0,0
1553,0,0,557,0,31,27,1,610,2,0,0
1557,0,0,558,0,31,27,1,608,2,0,0
1561,0,0,557,0,32,27,1,607,2,0,0
1565,0,0,557,0,32,27,1,608,2,0,0
1569,0,0,557,0,32,27,1,608,2,0,0
1573,0,0,557,0,32,28,1,606,2,0,0
1577,0,0,557,0,32,28,1,605,2,0,0
1581,0,0,558,0,32,28,1,605,2,0,0
1585,0,0,558,0,32,29,0,604,2,0,0
1589,0,0,558,0,33,29,1,599,2,0,0
1593,0,0,557,0,33,29,1,599,2,0,0
1597,0,0,556,0,33,30,0,600,2,0,0
1601,0,0,557,0,33,30,0,599,2,0,0
1605,0,0,557,0,33,30,0,599,2,0,0
1609,0,0,557,0,33,31,0,598,2,0,0
1613,0,0,557,0,34,31,0,603,2,0,0
1617,0,0,557,0,34,31,0,603,2,0,0
1621,0,0,557,0,34,32,0,602,2,0,0
1625,0,0,557,0,34,32,0,601,2,0,0
1629,0,0,557,0,35,32,0,602,2,0,0
1633,0,0,558,0,35,33,0,601,2,0,0
1637,0,0,557,0,35,33,0,599,2,0,0
1641,0,0,557,0,35,33,0,597,2,0,0
1645,0,0,556,0,35,34,0,598,2,0,0
1649,0,0,556,0,36,34,0,598,2,0,0
1653,0,0,556,0,36,35,0,596,2,0,0
1657,0,0,557,0,36,35,0,596,2,0,0
1661,0,0,557,0,37,35,0,596,2,0,0
1665,0,0,557,0,37,36,0,598,2,0,0
1669,0,0,557,0,37,36,0,597,2,0,0
1673,0,0,557,0,37,37,0,596,2,0,0
1677,0,0,556,0,37,37,0,598,2,0,0
1681,0,0,556,0,38,37,0,599,2,0,0
1685,0,0,556,0,38,38,0,599,2,0,0
1689,0,0,556,0,39,38,0,597,2,0,0
1693,0,0,557,0,39,39,0,595,2,0,0
1697,0,0,556,0,39,39,0,594,2,0,0
1701,0,0,555,0,39,40,0,594,2,0,0
1705,0,0,554,0,39,40,0,593,2,0,0
1709,0,0,554,0,40,41,0,593,2,0,0
1713,0,0,554,0,40,41,0,594,2,0,0
1717,0,0,554,0,40,41,0,595,2,0,0
1721,0,0,554,0,41,42,0,597,2,0,0
1725,0,0,554,0,41,42,0,598,2,0,0
1729,0,0,554,0,41,43,0,600,2,0,0
1733,0,0,554,0,41,43,0,600,2,0,0
1737,0,0,554,0,42,43,0,601,2,0,0
1741,0,0,554,0,42,44,0,599,3,0,0
1745,0,0,554,0,42,44,0,599,3,0,0
1749,0,0,554,0,43,45,0,596,3,0,0
1753,0,0,554,0,43,45,0,595,3,0,0
1757,0,0,553,0,43,46,0,593,3,0,0
1761,0,0,554,0,44,46,0,593,3,0,0
1765,0,0,554,0,44,47,0,595,3,0,0
1769,0,0,554,0,44,47,0,595,3,0,0
1773,0,0,553,0,45,48,0,594,3,0,0
1777,0,0,553,0,45,48,0,594,3,0,0
1781,0,0,553,0,45,49,0,599,3,0,0
1785,0,0,552,0,45,49,-1,596,3,0,0
1789,0,0,552,0,46,49,0,595,3,0,0
1793,0,0,552,0,46,50,-1,595,3,0,0
1797,0,0,552,0,47,50,0,595,3,0,0
1801,0,0,552,0,47,51,-1,595,3,0,0
1805,0,0,551,0,47,51,-1,595,3,0,0
1809,0,0,550,0,47,51,-1,595,3,0,0
1813,0,0,549,0,48,52,-1,597,3,0,0
1817,0,0,550,0,48,52,-1,596,3,0,0
1821,0,0,550,0,48,53,-1,597,3,0,0
1825,0,0,550,0,49,53,-1,598,3,0,0
1829,0,0,548,0,49,53,-1,599,3,0,0
1833,0,0,547,0,49,54,-1,599,3,0,0
1837,0,0,548,0,49,54,-1,600,3,0,0
1841,0,0,548,0,50,55,-1,600,3,0,0
1845,0,0,548,0,50,55,-1,601,3,0,0
1849,0,0,547,0,51,55,-1,601,3,0,0
1853,0,0,547,0,51,56,-1,601,3,0,0
1857,0,0,546,0,51,56,-1,600,3,0,0
1861,0,0,546,0,51,56,-1,601,3,0,0
1865,0,0,547,0,52,57,-1,600,3,0,0
1869,0,0,546,0,52,57,-1,599,3,0,0
1873,0,0,546,0,52,57,-1,599,3,0,0
1877,0,0,548,0,53,58,-1,600,3,0,0
1881,0,0,546,0,53,58,-1,601,3,0,0
1885,0,0,546,0,53,58,-1,600,3,0,0
1889,0,0,544,0,53,58,-1,600,3,0,0
1893,0,0,545,0,54,59,-1,601,3,0,0
1897,0,0,545,0,54,59,-1,601,3,0,0
1901,0,0,545,0,55,59,-1,601,4,0,0
1905,0,0,545,0,55,59,-1,600,4,0,0
1909,0,0,544,0,55,60,-1,602,4,0,0
1913,0,0,544,0,55,60,-1,602,4,0,0
1917,0,0,543,0,56,60,-1,604,4,0,0
1921,0,0,544,0,56,60,-1,604,4,0,0
1925,0,0,544,0,56,61,-1,606,4,0,0
1929,0,0,544,0,57,61,-1,606,4,0,0
1933,0,0,544,0,57,61,-1,605,4,0,0
1937,0,0,544,0,57,61,-1,605,4,0,0
1941,0,0,544,0,57,61,-1,605,4,0,0
1945,0,0,544,0,58,62,-1,605,4,0,0
1949,0,0,544,0,58,62,-1,605,4,0,0
1953,0,0,544,0,58,62,-1,604,4,0,0
1957,0,0,544,0,59,62,0,603,4,0,0
1961,0,0,544,0,59,62,0,603,4,0,0
1965,0,0,544,0,59,63,-1,604,4,0,0
1969,0,0,544,0,59,63,-1,604,4,0,0
1973,0,0,544,0,60,63,0,604,4,0,0
1977,0,0,544,0,60,63,0,604,4,0,0
1981,0,0,544,0,61,63,0,605,4,0,0
1985,0,0,542,0,61,63,0,605,4,0,0
1989,0,0,543,0,61,63,0,606,4,0,0
1993,0,0,543,0,61,63,0,605,4,0,0
1997,0,0,543,0,61,64,0,608,4,0,0
2001,0,0,544,0,62,64,0,608,4,0,0
2005,0,0,544,0,62,64,0,608,4,0,0
2009,0,0,545,0,62,64,0,608,4,0,0
2013,0,0,545,0,63,64,0,607,4,0,0
2017,0,0,545,0,63,64,0,606,4,0,0
2021,0,0,545,0,63,64,0,606,4,0,0
2025,0,0,545,0,63,65,0,605,4,0,0
2029,0,0,544,0,64,65,0,604,4,0,0
2033,0,0,545,0,64,65,0,603,4,0,0
2037,0,0,545,0,64,65,0,602,4,0,0
2041,0,0,545,0,65,65,0,603,4,0,0
2045,0,0,545,0,65,65,0,603,4,0,0
2049,0,0,545,0,65,65,0,604,4,0,0
2053,0,0,544,0,65,65,0,604,4,0,0
2057,0,0,544,0,65,65,0,603,4,0,0
2061,0,0,544,0,66,66,0,602,4,0,0
2065,0,0,545,0,66,66,0,604,4,0,0
2069,0,0,544,0,66,66,0,604,4,0,0
2073,0,0,545,0,66,66,0,606,4,0,0
2077,0,0,545,0,66,66,0,606,4,0,0
2081,0,0,545,0,67,66,0,607,4,0,0
2085,0,0,545,0,67,66,0,608,4,0,0
2089,0,0,545,0,67,66,0,609,4,0,0
2093,0,0,545,0,67,66,0,608,4,0,0
2097,0,0,545,0,67,66,0,606,4,0,0
2101,0,0,545,0,67,66,0,606,4,0,0
2105,0,0,545,0,67,66,0,604,4,0,0
2109,0,0,545,0,67,66,0,603,4,0,0
2113,0,0,545,0,67,66,0,602,4,0,0
2117,0,0,545,0,67,66,0,602,4,0,0
2121,0,0,545,0,67,66,0,602,4,0,0
2125,0,0,545,0,67,66,0,602,4,0,0
2129,0,0,545,0,67,66,0,606,4,0,0
2133,0,0,545,0,67,66,0,608,4,0,0
2137,0,0,545,0,67,66,0,610,4,0,0
2141,0,0,546,0,67,66,0,608,4,0,0
2145,0,0,546,0,67,66,0,607,4,0,0
2149,0,0,546,0,67,66,0,606,4,0,0
2153,0,0,545,0,67,66,0,605,4,0,0
2157,0,0,545,0,67,65,0,605,4,0,0
2161,0,0,545,0,67,65,0,603,4,0,0
2165,0,0,545,0,67,65,0,603,4,0,0
2169,0,0,545,0,67,65,0,603,4,0,0
2173,0,0,545,0,67,65,0,604,4,0,0
2177,0,0,545,0,67,65,0,604,4,0,0
2181,0,0,545,0,67,65,0,606,4,0,0
2185,0,0,545,0,67,65,0,606,4,0,0
2189,0,0,546,0,67,65,0,606,4,0,0
2193,0,0,545,0,67,64,0,604,4,0,0
2197,0,0,545,0,67,64,0,604,4,0,0
2201,0,0,545,0,67,64,0,603,4,0,0
2205,0,0,546,0,67,64,0,603,4,0,0
2209,0,0,546,0,67,64,0,603,4,0,0
2213,0,0,546,0,67,63,1,602,4,0,0
2217,0,0,546,0,67,63,1,602,4,0,0
2221,0,0,546,0,67,63,1,601,4,0,0
2225,0,0,547,0,67,63,1,601,4,0,0
2229,0,0,547,0,67,63,1,601,4,0,0
2233,0,0,547,0,67,62,1,601,4,0,0
2237,0,0,548,0,67,62,1,600,4,0,0
2241,0,0,548,0,67,62,1,599,4,0,0
2245,0,0,548,0,67,61,1,598,4,0,0
2249,0,0,548,0,67,61,1,598,4,0,0
2253,0,0,550,0,67,61,1,598,4,0,0
2257,0,0,548,0,67,60,1,597,4,0,0
2261,0,0,548,0,67,60,1,597,4,0,0
2265,0,0,548,0,67,59,2,597,4,0,0
2269,0,0,548,0,66,59,1,595,4,0,0
2273,0,0,548,0,66,59,1,598,4,0,0
2277,0,0,548,0,66,58,2,600,4,0,0
2281,0,0,548,0,65,57,2,600,4,0,0
2285,0,0,549,0,65,57,2,601,4,0,0
2289,0,0,548,0,65,56,2,601,4,0,0
2293,0,0,549,0,64,55,2,604,4,0,0
2297,0,0,550,0,64,55,2,610,4,0,0
2301,0,0,550,0,63,54,2,623,4,0,0
2305,0,0,551,0,63,53,2,624,4,0,0
2309,0,0,551,0,62,53,2,634,4,0,0
2313,0,0,552,0,62,52,2,641,4,0,0
2317,0,0,552,0,61,51,2,646,3,0,0
2321,0,0,552,0,61,51,2,647,3,0,0
2325,0,0,553,0,60,50,2,646,3,0,0
2329,0,0,553,0,59,49,2,649,3,0,0
2333,0,0,553,0,59,49,2,650,3,0,0
2337,0,0,553,0,59,48,2,645,3,0,0
2341,0,0,556,0,58,48,2,638,3,0,0
2345,0,0,556,0,58,47,2,638,3,0,0
2349,0,0,557,0,57,47,2,638,3,0,0
2353,0,0,558,0,57,47,2,634,3,0,0
2357,0,0,559,0,57,46,2,632,3,0,0
2361,0,0,560,0,57,46,2,631,3,0,0
2365,0,0,561,0,57,46,2,627,3,0,0
2369,0,0,562,0,56,45,2,624,3,0,0
2373,0,0,562,0,56,45,2,623,3,0,0
2377,0,0,562,0,56,45,2,623,3,0,0
2381,0,0,563,0,56,45,2,621,3,0,0
2385,0,0,563,0,56,45,2,618,3,0,0
2389,0,0,563,0,56,45,2,617,3,0,0
2393,0,0,564,0,56,45,2,615,3,0,0
2397,0,0,564,0,56,45,2,610,3,0,0
2401,0,0,564,0,56,45,2,603,3,0,0
2405,0,0,564,0,57,45,3,598,3,0,0
2409,0,0,565,0,57,45,3,599,3,0,0
2413,0,0,566,0,57,45,3,601,3,0,0
2417,0,0,565,0,57,46,2,601,3,0,0
2421,0,0,564,0,57,46,2,600,3,0,0
2425,0,0,564,0,57,46,2,601,3,0,0
2429,0,0,563,0,58,46,2,603,3,0,0
2433,0,0,563,0,58,47,2,604,3,0,0
2437,0,0,563,0,58,47,2,605,3,0,0
2441,0,0,562,0,58,47,2,606,3,0,0
2445,0,0,563,0,59,48,2,607,3,0,0
2449,0,0,562,0,59,48,2,608,3,0,0
2453,0,0,561,0,59,49,2,607,3,0,0
2457,0,0,561,0,60,49,2,605,3,0,0
2461,0,0,560,0,60,50,2,600,3,0,0
2465,0,0,560,0,61,50,2,599,3,0,0
2469,0,0,560,0,61,51,2,595,3,0,0
2473,0,0,559,0,62,51,2,582,3,0,0
2477,0,0,558,0,62,52,2,577,4,0,0
2481,0,0,558,0,63,53,2,568,4,0,0
2485,0,0,557,0,63,54,2,568,4,0,0
2489,0,0,555,0,64,54,2,567,4,0,0
2493,0,0,556,0,64,55,2,567,4,0,0
2497,0,0,556,0,65,56,2,572,4,0,0
2501,0,0,556,0,65,56,2,577,4,0,0
2505,0,0,556,0,65,57,2,587,4,0,0
2509,0,0,556,0,66,58,2,589,4,0,0
2513,0,0,557,0,66,58,2,595,4,0,0
2517,0,0,558,0,67,59,2,597,4,0,0
2521,0,0,558,0,67,60,1,598,4,0,0
2525,0,0,558,0,67,60,1,594,4,0,0
2529,0,0,558,0,68,61,1,590,4,0,0
2533,0,0,558,0,68,62,1,587,4,0,0
2537,0,0,559,0,68,62,1,586,4,0,0
2541,0,0,559,0,69,63,1,582,4,0,0
2545,0,0,559,0,69,64,1,581,4,0,0
2549,0,0,558,0,69,64,1,583,4,0,0
2553,0,0,557,0,70,65,1,586,4,0,0
2557,0,0,559,0,70,65,1,592,4,0,0
2561,0,0,558,0,71,66,1,594,4,0,0
2565,0,0,558,0,71,67,1,595,4,0,0
2569,0,0,558,0,71,67,1,595,4,0,0
2573,0,0,557,0,71,68,0,596,4,0,0
2577,0,0,556,0,72,68,1,597,4,0,0
2581,0,0,556,0,72,69,0,595,4,0,0
2585,0,0,556,0,72,69,0,593,4,0,0
2589,0,0,556,0,73,70,0,590,5,0,0
2593,0,0,555,0,73,70,0,590,5,0,0
2597,0,0,555,0,73,71,0,590,5,0,0
2601,0,0,553,0,73,71,0,590,5,0,0
2605,0,0,552,0,74,71,0,592,5,0,0
2609,0,0,552,0,74,72,0,591,5,0,0
2613,0,0,552,0,74,72,0,595,5,0,0
2617,0,0,552,0,75,73,0,596,5,0,0
2621,0,0,552,0,75,73,0,599,5,0,0
2625,0,0,552,0,75,73,0,600,5,0,0
2629,0,0,550,0,75,73,0,602,5,0,0
2633,0,0,551,0,75,74,0,605,5,0,0
2637,0,0,550,0,75,74,0,605,5,0,0
2641,0,0,549,0,75,74,0,605,5,0,0
2645,0,0,551,0,75,74,0,605,5,0,0
2649,0,0,550,0,76,74,0,605,5,0,0
2653,0,0,550,0,76,74,0,605,5,0,0
2657,0,0,551,0,76,75,0,603,5,0,0
2661,0,0,551,0,76,75,0,605,5,0,0
2665,0,0,551,0,76,75,0,608,5,0,0
2669,0,0,551,0,76,75,0,611,5,0,0
2673,0,0,551,0,76,75,0,614,5,0,0
2677,0,0,551,0,76,75,0,617,5,0,0
2681,0,0,551,0,76,75,0,616,5,0,0
2685,0,0,552,0,76,75,0,616,5,0,0
2689,0,0,552,0,76,75,0,613,5,0,0
2693,0,0,552,0,76,75,0,613,5,0,0
2697,0,0,552,0,76,75,0,610,5,0,0
2701,0,0,552,0,76,75,0,610,5,0,0
2705,0,0,552,0,76,75,0,610,5,0,0
2709,0,0,552,0,76,75,0,612,5,0,0
2713,0,0,552,0,76,75,0,613,5,0,0
2717,0,0,552,0,76,75,0,616,5,0,0
2721,0,0,552,0,76,75,0,616,5,0,0
2725,0,0,552,0,76,75,0,617,5,0,0
2729,0,0,552,0,76,75,0,616,5,0,0
2733,0,0,552,0,76,75,0,614,5,0,0
2737,0,0,552,0,76,75,0,614,5,0,0
2741,0,0,552,0,76,75,0,613,5,0,0
2745,0,0,552,0,76,75,0,613,5,0,0
2749,0,0,552,0,76,75,0,615,5,0,0
2753,0,0,552,0,76,75,0,615,5,0,0
2757,0,0,552,0,76,75,0,616,5,0,0
2761,0,0,552,0,76,75,0,616,5,0,0
2765,0,0,551,0,76,75,0,616,5,0,0
2769,0,0,551,0,76,75,0,616,5,0,0
2773,0,0,551,0,76,75,0,615,5,0,0
2777,0,0,551,0,76,75,0,615,5,0,0
2781,0,0,552,0,76,75,0,615,5,0,0
2785,0,0,552,0,76,75,0,615,5,0,0
2789,0,0,552,0,76,75,0,616,5,0,0
2793,0,0,551,0,76,75,0,617,5,0,0
2797,0,0,551,0,76,75,0,617,5,0,0
2801,0,0,551,0,76,75,0,618,5,0,0
2805,0,0,551,0,76,75,0,618,5,0,0
2809,0,0,553,0,76,75,0,617,5,0,0
2813,0,0,552,0,76,75,0,618,5,0,0
2817,0,0,552,0,76,75,0,616,5,0,0
2821,0,0,551,0,76,75,0,617,5,0,0
2825,0,0,552,0,76,75,0,618,5,0,0
2829,0,0,552,0,76,75,0,617,5,0,0
2833,0,0,552,0,77,75,0,618,5,0,0
2837,0,0,552,0,77,75,0,618,5,0,0
2841,0,0,552,0,77,75,0,618,5,0,0
2845,0,0,552,0,77,75,0,618,5,0,0
2849,0,0,551,0,77,75,0,618,5,0,0
2853,0,0,550,0,77,75,0,617,5,0,0
2857,0,0,551,0,77,75,0,617,5,0,0
2861,0,0,551,0,77,75,0,618,5,0,0
2865,0,0,551,0,78,75,0,614,5,0,0
2869,0,0,552,0,78,75,0,613,5,0,0
2873,0,0,552,0,78,76,0,613,5,0,0
2877,0,0,553,0,79,76,0,611,5,0,0
2881,0,0,552,0,79,76,0,610,5,0,0
2885,0,0,552,0,79,76,0,612,5,0,0
2889,0,0,553,0,80,77,0,610,5,0,0
2893,0,0,553,0,80,77,0,609,5,0,0
2897,0,0,553,0,81,77,1,607,5,0,0
2901,0,0,553,0,81,78,0,605,5,0,0
2905,0,0,553,0,82,78,1,603,5,0,0
2909,0,0,555,0,83,79,0,599,5,0,0
2913,0,0,554,0,83,79,1,598,5,0,0
2917,0,0,555,0,84,80,1,596,5,0,0
2921,0,0,554,0,84,80,1,593,5,0,0
2925,0,0,555,0,85,81,1,592,5,0,0
2929,0,0,555,0,86,81,1,591,5,0,0
2933,0,0,555,0,87,82,1,591,5,0,0
2937,0,0,554,0,87,83,1,591,6,0,0
2941,0,0,555,0,88,83,1,590,6,0,0
2945,0,0,555,0,89,84,1,589,6,0,0
2949,0,0,556,0,90,85,1,589,6,0,0
2953,0,0,554,0,91,86,1,588,6,0,0
2957,0,0,554,0,91,87,1,587,6,0,0
2961,0,0,554,0,92,87,1,585,6,0,0
2965,0,0,554,0,93,88,1,583,6,0,0
2969,0,0,555,0,94,89,1,582,6,0,0
2973,0,0,554,0,95,90,1,580,6,0,0
2977,0,0,553,0,96,91,1,579,6,0,0
2981,0,0,553,0,97,92,1,576,6,0,0
2985,0,0,553,0,98,93,1,578,6,0,0
2989,0,0,552,0,99,94,1,580,6,0,0
2993,0,0,552,0,100,95,1,580,6,0,0
2997,0,0,551,0,101,96,1,579,6,0,0
3001,0,0,551,0,102,97,1,580,7,0,0
3005,0,0,551,0,103,98,1,579,7,0,0
3009,0,0,550,0,105,99,1,578,7,0,0
3013,0,0,551,0,105,101,1,576,7,0,0
3017,0,0,550,0,107,102,1,575,7,0,0
3021,0,0,550,0,108,103,1,574,7,0,0
3025,0,0,550,0,109,104,1,575,7,0,0
3029,0,0,551,0,110,105,1,574,7,0,0
3033,0,0,551,0,112,107,1,575,7,0,0
3037,0,0,552,0,113,108,1,575,7,0,0
3041,0,0,553,0,114,109,1,575,7,0,0
3045,0,0,552,0,115,110,1,574,7,0,0
3049,0,0,553,0,117,111,1,573,8,0,0
3053,0,0,552,0,118,113,1,574,8,0,0
3057,0,0,552,0,119,114,1,576,8,0,0
3061,0,0,551,0,121,115,1,574,8,0,0
3065,0,0,551,0,122,117,1,571,8,0,0
3069,0,0,551,0,123,118,1,571,8,0,0
3073,0,0,552,0,125,119,1,571,8,0,0
3077,0,0,552,0,126,121,1,570,8,0,0
3081,0,0,553,0,127,122,1,570,8,0,0
3085,0,0,554,0,129,124,1,570,8,0,0
3089,0,0,554,0,131,125,1,569,9,0,0
3093,0,0,554,0,132,127,1,566,9,0,0
3097,0,0,554,0,133,128,1,566,9,0,0
3101,0,0,554,0,135,129,1,568,9,0,0
3105,0,0,555,0,136,131,1,569,9,0,0
3109,0,0,555,0,137,132,1,571,9,0,0
3113,0,0,556,0,139,134,1,571,9,0,0
3117,0,0,556,0,140,135,1,570,9,0,0
3121,0,0,557,0,142,137,1,570,9,0,0
3125,0,0,557,0,143,138,1,570,10,0,0
3129,0,0,557,0,145,139,1,571,10,0,0
3133,0,0,557,0,146,141,1,574,10,0,0
3137,0,0,558,0,147,142,1,573,10,0,0
3141,0,0,558,0,149,144,1,572,10,0,0
3145,0,0,559,0,150,145,1,570,10,0,0
3149,0,0,559,0,152,146,1,570,10,0,0
3153,0,0,559,0,153,148,1,570,10,0,0
3157,0,0,560,0,155,149,1,570,10,0,0
3161,0,0,561,0,156,151,1,571,10,0,0
3165,0,0,561,0,157,152,1,569,11,0,0
3169,0,0,564,0,159,153,1,570,11,0,0
3173,0,0,565,0,160,155,1,572,11,0,0
3177,0,0,566,0,161,156,1,576,11,0,0
3181,0,0,569,0,162,158,1,578,11,0,0
3185,0,0,570,0,163,159,1,580,11,0,0
3189,0,0,573,0,165,160,1,584,11,0,0
3193,0,0,574,0,166,162,0,584,11,0,0
3197,0,0,575,0,167,163,1,584,11,0,0
3201,0,0,577,0,168,164,1,585,11,0,0
3205,0,0,578,0,169,166,0,584,11,0,0
3209,0,0,579,0,170,167,0,581,12,0,0
3213,0,0,581,0,171,168,0,579,12,0,0
3217,0,0,583,0,172,170,0,579,12,0,0
3221,0,0,586,0,173,171,0,578,12,0,0
3225,0,0,587,0,174,172,0,581,12,0,0
3229,0,0,588,0,175,174,0,582,12,0,0
3233,0,0,591,0,176,175,0,586,12,0,0
3237,0,0,591,0,177,177,0,590,12,0,0
3241,0,0,593,0,177,178,0,597,12,0,0
3245,0,0,594,0,178,179,0,599,12,0,0
3249,0,0,595,0,179,180,0,600,12,0,0
3253,0,0,597,0,179,182,0,603,12,0,0
3257,0,0,597,0,180,183,0,604,12,0,0
3261,0,0,598,0,181,184,0,603,13,0,0
3265,0,0,600,0,181,186,-1,602,13,0,0
3269,0,0,601,0,182,187,-1,601,13,0,0
3273,0,0,602,0,182,188,-1,597,13,0,0
3277,0,0,603,0,183,190,-1,594,13,0,0
3281,0,0,604,0,183,191,-2,594,13,0,0
3285,0,0,604,0,183,192,-2,595,13,0,0
3289,0,0,604,0,184,194,-2,596,13,0,0
3293,0,0,605,0,184,195,-2,600,13,0,0
3297,0,0,606,0,184,197,-3,604,13,0,0
3301,0,0,606,0,185,198,-3,603,13,0,0
3305,0,0,606,0,185,199,-3,606,13,0,0
3309,0,0,606,0,185,201,-4,608,13,0,0
3313,0,0,607,0,185,202,-4,610,13,0,0
3317,0,0,607,0,185,203,-4,614,13,0,0
3321,0,0,607,0,185,204,-4,615,13,0,0
3325,0,0,607,0,185,206,-5,614,13,0,0
3329,0,0,607,0,185,207,-5,613,13,0,0
3333,0,0,607,0,185,208,-5,614,14,0,0
3337,0,0,607,0,185,210,-6,616,14,0,0
3341,0,0,607,0,185,211,-6,615,14,0,0
3345,0,0,607,0,185,212,-6,615,14,0,0
3349,0,0,607,0,185,213,-7,615,14,0,0
3353,0,0,607,0,185,215,-7,615,14,0,0
3357,0,0,607,0,185,216,-7,615,14,0,0
3361,0,0,607,0,185,217,-8,617,14,0,0
3365,0,0,607,0,185,219,-8,618,14,0,0
3369,0,0,608,0,185,220,-8,618,14,0,0
3373,0,0,608,0,185,221,-9,618,14,0,0
3377,0,0,608,0,185,223,-9,619,14,0,0
3381,0,0,606,0,185,224,-9,616,14,0,0
3385,0,0,606,0,185,226,-10,615,14,0,0
3389,0,0,606,0,185,227,-10,615,14,0,0
3393,0,0,605,0,185,228,-10,613,14,0,0
3397,0,0,605,0,185,230,-11,613,14,0,0
3401,0,0,605,0,186,231,-11,613,14,0,0
3405,0,0,605,0,186,232,-11,614,14,0,0
3409,0,0,605,0,186,234,-12,612,14,0,0
3413,0,0,603,0,186,235,-12,611,14,0,0
3417,0,0,603,0,186,237,-12,611,15,0,0
3421,0,0,602,0,186,238,-13,612,15,0,0
3425,0,0,601,0,186,240,-13,611,15,0,0
3429,0,0,600,0,186,241,-13,611,15,0,0
3433,0,0,600,0,186,243,-14,607,15,0,0
3437,0,0,600,0,186,244,-14,605,15,0,0
3441,0,0,600,0,186,246,-14,605,15,0,0
3445,0,0,599,0,186,247,-15,607,15,0,0
3449,0,0,599,0,187,249,-15,609,15,0,0
3453,0,0,599,0,187,250,-15,610,15,0,0
3457,0,0,598,0,187,252,-16,609,15,0,0
3461,0,0,599,0,187,253,-16,608,15,0,0
3465,0,0,598,0,187,255,-17,610,15,0,0
3469,0,0,598,0,187,257,-17,607,15,0,0
3473,0,0,598,0,187,258,-17,605,15,0,0
3477,0,0,598,0,188,260,-18,598,15,0,0
3481,0,0,598,0,188,262,-18,595,15,0,0
3485,0,0,596,0,188,263,-18,593,16,0,0
3489,0,0,598,0,188,265,-19,591,16,0,0
3493,0,0,597,0,189,267,-19,592,16,0,0
3497,0,0,597,0,189,269,-20,595,16,0,0
3501,0,0,596,0,189,271,-20,596,16,0,0
3505,0,0,596,0,189,272,-21,598,16,0,0
3509,0,0,595,0,190,274,-21,598,16,0,0
3513,0,0,595,0,190,276,-21,600,16,0,0
3517,0,0,595,0,190,277,-22,602,16,0,0
3521,0,0,596,0,191,279,-22,606,16,0,0
3525,0,0,596,0,191,281,-22,601,16,0,0
3529,0,0,596,0,191,283,-23,596,16,0,0
3533,0,0,598,0,191,285,-23,594,16,0,0
3537,0,0,599,0,192,287,-23,593,16,0,0
3541,0,0,603,0,192,288,-24,587,16,0,0
3545,0,0,604,0,193,290,-24,584,17,0,0
3549,0,0,606,0,193,292,-25,583,17,0,0
3553,0,0,607,0,193,294,-25,580,17,0,0
3557,0,0,607,0,193,296,-26,587,17,0,0
3561,0,0,607,0,194,298,-26,589,17,0,0
3565,0,0,606,0,194,300,-26,589,17,0,0
3569,0,0,604,0,195,302,-26,590,17,0,0
3573,0,0,601,0,195,303,-27,593,17,0,0
3577,0,0,596,0,195,305,-27,595,17,0,0
3581,0,0,592,0,195,307,-28,596,17,0,0
3585,0,0,590,0,196,309,-28,596,17,0,0
3589,0,0,589,0,196,311,-29,595,17,0,0
3593,0,0,589,0,197,313,-29,596,17,0,0
3597,0,0,589,0,197,315,-29,597,18,0,0
3601,0,0,588,0,197,317,-30,594,18,0,0
3605,0,0,588,0,198,319,-30,587,18,0,0
3609,0,0,587,0,198,321,-31,584,18,0,0
3613,0,0,587,0,199,323,-31,585,18,0,0
3617,0,0,586,0,199,325,-31,584,18,0,0
3621,0,0,586,0,200,327,-32,582,18,-1,0
3625,0,0,586,0,200,329,-32,579,18,-1,0
3629,0,0,587,0,201,331,-32,581,18,-1,0
3633,0,0,586,0,201,333,-33,583,18,-1,0
3637,0,0,585,0,202,335,-33,581,18,-1,0
3641,0,0,585,0,202,337,-33,580,18,-1,0
3645,0,0,584,0,203,339,-34,581,18,-1,0
3649,0,0,584,0,203,341,-34,588,18,-1,0
3653,0,0,583,0,204,343,-35,589,18,-1,0
3657,0,0,584,0,204,344,-35,591,19,-1,0
3661,0,0,584,0,205,346,-35,591,19,-1,0
3665,0,0,584,0,205,348,-36,591,19,-1,0
3669,0,0,582,0,205,350,-36,589,19,-1,0
3673,0,0,581,0,206,352,-36,589,19,-1,0
3677,0,0,581,0,206,354,-37,589,19,-1,0
3681,0,0,581,0,207,356,-37,585,19,-1,0
3685,0,0,581,0,207,358,-38,583,19,-1,0
3689,0,0,580,0,208,359,-38,586,19,-1,0
3693,0,0,579,0,208,361,-38,584,19,-1,0
3697,0,0,579,0,209,363,-38,581,19,-1,0
3701,0,0,578,0,209,365,-39,576,19,-2,0
3705,0,0,576,0,209,367,-39,579,19,-2,0
3709,0,0,576,0,210,369,-40,580,19,-2,0
3713,0,0,575,0,210,371,-40,584,20,-2,0
3717,0,0,575,0,211,373,-40,585,20,-2,0
3721,0,0,575,0,211,374,-41,588,20,-2,0
3725,0,0,573,0,211,376,-41,590,20,-2,0
3729,0,0,572,0,212,378,-42,592,20,-2,0
3733,0,0,571,0,212,379,-42,592,20,-2,0
3737,0,0,570,0,213,381,-42,590,20,-2,0
3741,0,0,570,0,213,383,-42,588,20,-2,0
3745,0,0,569,0,213,384,-43,591,20,-2,0
3749,0,0,568,0,213,386,-43,593,20,-2,0
3753,0,0,567,0,214,387,-43,589,20,-2,0
3757,0,0,567,0,214,389,-44,591,20,-2,0
3761,0,0,567,0,215,390,-44,594,20,-2,0
3765,0,0,564,0,215,392,-44,597,20,-2,0
3769,0,0,563,0,215,393,-45,598,20,-2,0
3773,0,0,562,0,215,395,-45,597,20,-2,0
3777,0,0,560,0,215,396,-45,600,20,-2,0
3781,0,0,560,0,216,397,-45,600,20,-2,0
3785,0,0,560,0,216,399,-46,603,20,-3,0
3789,0,0,560,0,216,400,-46,604,20,-3,0
3793,0,0,560,0,217,401,-46,603,20,-3,0
3797,0,0,559,0,217,403,-47,603,21,-3,0
3801,0,0,558,0,217,404,-47,604,21,-3,0
3805,0,0,556,0,217,405,-47,605,21,-3,0
3809,0,0,555,0,217,407,-47,604,21,-3,0
3813,0,0,554,0,218,408,-47,604,21,-3,0
3817,0,0,553,0,218,409,-48,604,21,-3,0
3821,0,0,552,0,218,410,-48,605,21,-3,0
3825,0,0,551,0,219,411,-48,606,21,-3,0
3829,0,0,551,0,219,412,-48,603,21,-3,0
3833,0,0,551,0,219,413,-49,603,21,-3,0
3837,0,0,551,0,219,414,-49,604,21,-3,0
3841,0,0,550,0,219,415,-49,605,21,-3,0
3845,0,0,549,0,220,416,-49,605,21,-3,0
3849,0,0,549,0,220,417,-49,607,21,-3,0
3853,0,0,548,0,220,418,-50,606,21,-3,0
3857,0,0,548,0,221,419,-50,607,21,-3,0
3861,0,0,547,0,221,420,-50,606,21,-3,0
3865,0,0,545,0,221,421,-50,607,21,-3,0
3869,0,0,544,0,221,422,-50,608,21,-3,0
3873,0,0,544,0,221,423,-51,609,21,-3,0
3877,0,0,543,0,221,423,-51,611,21,-3,0
3881,0,0,543,0,222,424,-51,613,21,-3,0
3885,0,0,543,0,222,425,-51,615,21,-3,0
3889,0,0,543,0,222,426,-51,616,21,-3,0
3893,0,0,543,0,222,427,-51,618,21,-3,0
3897,0,0,543,0,223,427,-51,617,21,-3,0
3901,0,0,542,0,223,428,-51,617,21,-3,0
3905,0,0,542,0,223,429,-52,618,21,-4,0
3909,0,0,541,0,223,429,-52,618,21,-4,0
3913,0,0,541,0,223,430,-52,618,21,-4,0
3917,0,0,540,0,224,431,-52,617,21,-4,0
3921,0,0,540,0,224,432,-52,619,21,-4,0
3925,0,0,540,0,224,433,-52,618,21,-4,0
3929,0,0,540,0,225,433,-52,617,21,-4,0
3933,0,0,539,0,225,434,-52,615,21,-4,0
3937,0,0,539,0,225,435,-53,611,21,-4,0
3941,0,0,538,0,226,435,-52,610,21,-4,0
3945,0,0,537,0,226,436,-53,608,21,-4,0
3949,0,0,539,0,227,437,-53,602,22,-4,0
3953,0,0,538,0,227,437,-53,600,22,-4,0
3957,0,0,538,0,228,438,-53,600,22,-4,0
3961,0,0,539,0,228,439,-53,599,22,-4,0
3965,0,0,540,0,229,440,-53,598,22,-4,0
3969,0,0,540,0,229,440,-53,600,22,-4,0
3973,0,0,540,0,229,441,-53,600,22,-4,0
3977,0,0,540,0,230,441,-53,603,22,-4,0
3981,0,0,539,0,230,442,-53,604,22,-4,0
3985,0,0,540,0,231,443,-53,606,22,-4,0
3989,0,0,540,0,231,443,-53,607,22,-4,0
3993,0,0,539,0,231,444,-53,609,22,-4,0
3997,0,0,540,0,232,444,-53,610,22,-4,0
4001,0,0,540,0,232,445,-53,611,22,-4,0
4005,0,0,540,0,233,446,-53,613,22,-4,0
4009,0,0,540,0,233,446,-53,615,22,-4,0
4013,0,0,540,0,233,447,-54,616,22,-4,0
4017,0,0,540,0,234,447,-53,615,22,-4,0
4021,0,0,540,0,234,448,-54,615,22,-4,0
4025,0,0,541,0,235,449,-54,613,22,-4,0
4029,0,0,541,0,235,449,-54,611,22,-4,0
4033,0,0,541,0,235,450,-54,604,22,-4,0
4037,0,0,542,0,236,451,-54,601,22,-5,0
4041,0,0,542,0,237,451,-54,598,22,-5,0
4045,0,0,543,0,237,452,-54,596,22,-5,0
4049,0,0,543,0,237,453,-54,594,22,-5,0
4053,0,0,543,0,238,453,-54,595,22,-5,0
4057,0,0,544,0,239,454,-54,594,22,-5,0
4061,0,0,545,0,239,455,-54,594,22,-5,0
4065,0,0,545,0,239,455,-54,597,22,-5,0
4069,0,0,545,0,240,456,-54,598,22,-5,0
4073,0,0,546,0,240,457,-54,600,22,-5,0
4077,0,0,547,0,241,457,-54,603,22,-5,0
4081,0,0,547,0,241,458,-54,606,22,-5,0
4085,0,0,547,0,242,458,-54,607,22,-5,0
4089,0,0,548,0,242,459,-54,610,22,-5,0
4093,0,0,547,0,243,460,-54,610,22,-5,0
4097,0,0,548,0,243,460,-54,611,22,-5,0
4101,0,0,549,0,243,461,-55,608,22,-5,0
4105,0,0,549,0,244,462,-55,607,22,-5,0
4109,0,0,550,0,244,462,-55,605,22,-5,0
4113,0,0,550,0,245,463,-55,602,22,-5,0
4117,0,0,551,0,245,464,-55,599,22,-5,0
4121,0,0,551,0,245,464,-55,592,22,-5,0
4125,0,0,552,0,246,465,-55,593,22,-5,0
4129,0,0,553,0,247,466,-55,593,23,-5,0
4133,0,0,554,0,247,467,-55,592,23,-5,0
4137,0,0,555,0,247,467,-55,593,23,-5,0
4141,0,0,555,0,248,468,-55,599,23,-5,0
4145,0,0,556,0,248,469,-55,602,23,-5,0
4149,0,0,559,0,249,469,-55,605,23,-5,0
4153,0,0,558,0,249,470,-55,608,23,-5,0
4157,0,0,559,0,249,471,-56,609,23,-5,0
4161,0,0,559,0,249,471,-56,611,23,-5,0
4165,0,0,559,0,250,472,-56,609,23,-6,0
4169,0,0,559,0,250,473,-56,607,23,-6,0
4173,0,0,560,0,251,473,-56,601,23,-6,0
4177,0,0,560,0,251,474,-56,600,23,-6,0
4181,0,0,561,0,251,475,-56,598,23,-6,0
4185,0,0,561,0,252,476,-56,596,23,-6,0
4189,0,0,561,0,252,477,-56,596,23,-6,0
4193,0,0,562,0,252,477,-56,597,23,-6,0
4197,0,0,563,0,253,478,-56,598,23,-6,0
4201,0,0,563,0,253,479,-57,600,23,-6,0
4205,0,0,563,0,253,480,-57,603,23,-6,0
4209,0,0,563,0,253,481,-57,604,23,-6,0
4213,0,0,563,0,254,482,-57,604,23,-6,0
4217,0,0,564,0,254,482,-57,604,23,-6,0
4221,0,0,565,0,254,483,-57,605,23,-6,0
4225,0,0,566,0,255,484,-57,601,23,-6,0
4229,0,0,567,0,255,485,-58,600,23,-6,0
4233,0,0,567,0,255,486,-58,599,23,-6,0
4237,0,0,568,0,255,487,-58,599,23,-6,0
4241,0,0,568,0,255,488,-58,600,23,-6,0
4245,0,0,568,0,256,489,-58,599,23,-6,0
4249,0,0,569,0,256,490,-59,600,23,-6,0
4253,0,0,570,0,256,491,-59,600,23,-6,0
4257,0,0,571,0,256,492,-59,599,23,-6,0
4261,0,0,571,0,257,493,-59,597,23,-6,0
4265,0,0,570,0,257,494,-59,597,23,-6,0
4269,0,0,572,0,257,495,-60,596,23,-6,0
4273,0,0,571,0,257,496,-60,595,23,-6,0
4277,0,0,571,0,257,497,-60,595,23,-7,0
4281,0,0,572,0,257,498,-60,595,23,-7,0
4285,0,0,572,0,258,499,-60,596,23,-7,0
4289,0,0,573,0,258,500,-61,596,23,-7,0
4293,0,0,573,0,258,501,-61,594,23,-7,0
4297,0,0,574,0,258,502,-61,596,23,-7,0
4301,0,0,574,0,258,503,-62,596,23,-7,0
4305,0,0,574,0,258,504,-62,598,23,-7,0
4309,0,0,574,0,258,505,-62,599,23,-7,0
4313,0,0,574,0,259,506,-62,599,24,-7,0
4317,0,0,573,0,259,507,-62,600,24,-7,0
4321,0,0,574,0,259,508,-63,602,24,-7,0
4325,0,0,573,0,259,509,-63,601,24,-7,0
4329,0,0,574,0,259,510,-63,601,24,-7,0
4333,0,0,572,0,259,511,-63,599,24,-7,0
4337,0,0,572,0,259,512,-64,598,24,-7,0
4341,0,0,572,0,259,513,-64,597,24,-7,0
4345,0,0,572,0,259,514,-64,597,24,-7,0
4349,0,0,572,0,259,515,-64,597,24,-7,0
4353,0,0,572,0,259,517,-65,598,24,-7,0
4357,0,0,572,0,259,517,-65,599,24,-7,0
4361,0,0,572,0,259,518,-65,600,24,-7,0
4365,0,0,571,0,259,519,-65,601,24,-7,0
4369,0,0,570,0,259,520,-66,602,24,-7,0
4373,0,0,571,0,259,521,-66,603,24,-7,0
4377,0,0,568,0,259,522,-66,603,24,-7,0
4381,0,0,568,0,259,523,-66,601,24,-7,0
4385,0,0,567,0,259,524,-67,601,24,-7,0
4389,0,0,566,0,259,525,-67,599,24,-7,0
4393,0,0,565,0,259,526,-67,599,24,-8,0
4397,0,0,565,0,259,527,-67,598,24,-8,0
4401,0,0,564,0,259,528,-68,597,24,-8,0
4405,0,0,564,0,259,529,-68,598,24,-8,0
4409,0,0,564,0,259,530,-68,600,24,-8,0
4413,0,0,564,0,259,531,-68,599,24,-8,0
4417,0,0,564,0,259,532,-69,601,24,-8,0
4421,0,0,564,0,259,533,-69,602,24,-8,0
4425,0,0,563,0,259,534,-69,602,24,-8,0
4429,0,0,563,0,259,535,-69,606,24,-8,0
4433,0,0,562,0,259,536,-70,606,24,-8,0
4437,0,0,562,0,259,537,-70,606,24,-8,0
4441,0,0,561,0,259,537,-70,603,24,-8,0
4445,0,0,560,0,259,538,-70,603,24,-8,0
4449,0,0,560,0,259,539,-70,605,24,-8,0
4453,0,0,559,0,259,540,-71,604,24,-8,0
4457,0,0,559,0,259,541,-71,603,24,-8,0
4461,0,0,559,0,259,542,-71,601,24,-8,0
4465,0,0,559,0,259,543,-71,602,24,-8,0
4469,0,0,559,0,259,543,-71,605,24,-8,0
4473,0,0,558,0,259,544,-72,606,24,-8,0
4477,0,0,559,0,259,545,-72,605,24,-8,0
4481,0,0,559,0,259,546,-72,604,24,-8,0
4485,0,0,558,0,259,546,-72,607,24,-8,0
4489,0,0,559,0,260,547,-72,605,24,-8,0
4493,0,0,559,0,260,548,-72,605,24,-8,0
4497,0,0,559,0,260,549,-72,605,24,-8,0
4501,0,0,559,0,260,549,-73,606,24,-8,0
4505,0,0,558,0,260,550,-73,607,24,-8,0
4509,0,0,558,0,260,551,-73,606,24,-8,0
4513,0,0,558,0,260,551,-73,605,24,-8,0
4517,0,0,557,0,260,552,-73,607,24,-8,0
4521,0,0,557,0,260,553,-74,608,24,-8,0
4525,0,0,557,0,260,554,-74,603,24,-8,0
4529,0,0,557,0,261,554,-74,601,24,-9,0
4533,0,0,556,0,261,555,-74,601,24,-9,0
4537,0,0,556,0,261,556,-74,603,24,-9,0
4541,0,0,555,0,261,556,-74,601,24,-9,0
4545,0,0,555,0,261,557,-74,600,24,-9,0
4549,0,0,554,0,261,558,-75,605,24,-9,0
4553,0,0,554,0,261,558,-75,607,24,-9,0
4557,0,0,554,0,261,559,-75,607,24,-9,0
4561,0,0,554,0,261,560,-75,607,24,-9,0
4565,0,0,554,0,261,560,-75,608,24,-9,0
4569,0,0,555,0,262,561,-75,611,24,-9,0
4573,0,0,554,0,262,562,-75,608,24,-9,0
4577,0,0,555,0,262,562,-75,606,24,-9,0
4581,0,0,554,0,262,563,-76,604,24,-9,0
4585,0,0,554,0,262,564,-76,605,24,-9,0
4589,0,0,554,0,263,564,-76,605,24,-9,0
4593,0,0,554,0,263,565,-76,603,24,-9,0
4597,0,0,553,0,263,566,-76,603,24,-9,0
4601,0,0,553,0,263,566,-76,603,24,-9,0
4605,0,0,553,0,263,567,-76,603,24,-9,0
4609,0,0,552,0,263,567,-76,604,24,-9,0
4613,0,0,552,0,264,568,-76,605,24,-9,0
4617,0,0,552,0,264,569,-77,605,24,-9,0
4621,0,0,552,0,264,569,-77,606,24,-9,0
4625,0,0,552,0,264,570,-77,607,24,-9,0
4629,0,0,553,0,265,571,-77,604,24,-9,0
4633,0,0,553,0,265,571,-77,603,24,-9,0
4637,0,0,552,0,265,572,-77,604,24,-9,0
4641,0,0,552,0,265,573,-77,604,24,-9,0
4645,0,0,553,0,266,573,-77,600,24,-9,0
4649,0,0,552,0,266,574,-77,600,24,-9,0
4653,0,0,553,0,266,575,-77,602,24,-9,0
4657,0,0,554,0,267,575,-78,602,24,-9,0
4661,0,0,554,0,267,576,-78,601,24,-10,0
4665,0,0,553,0,267,576,-78,602,24,-10,0
4669,0,0,553,0,267,577,-78,603,24,-10,0
4673,0,0,553,0,267,578,-78,603,24,-10,0
4677,0,0,553,0,268,578,-78,603,24,-10,0
4681,0,0,553,0,268,579,-78,605,24,-10,0
4685,0,0,553,0,268,580,-78,602,24,-10,0
4689,0,0,553,0,269,580,-78,602,24,-10,0
4693,0,0,553,0,269,581,-78,601,24,-10,0
4697,0,0,553,0,269,582,-79,601,24,-10,0
4701,0,0,552,0,270,582,-78,600,24,-10,0
4705,0,0,552,0,270,583,-79,598,24,-10,0
4709,0,0,553,0,270,584,-79,596,24,-10,0
4713,0,0,553,0,271,585,-79,596,24,-10,0
4717,0,0,553,0,271,585,-79,596,24,-10,0
4721,0,0,553,0,271,586,-79,597,24,-10,0
4725,0,0,553,0,272,587,-79,597,24,-10,0
4729,0,0,553,0,272,587,-79,600,24,-10,0
4733,0,0,554,0,272,588,-79,602,24,-10,0
4737,0,0,554,0,273,589,-79,603,25,-10,0
4741,0,0,554,0,273,589,-79,601,25,-10,0
4745,0,0,554,0,273,590,-80,599,25,-10,0
4749,0,0,554,0,273,591,-80,599,25,-10,0
4753,0,0,554,0,274,591,-80,597,25,-10,0
4757,0,0,555,0,274,592,-80,596,25,-10,0
4761,0,0,555,0,275,593,-80,594,25,-10,0
4765,0,0,556,0,275,594,-80,593,25,-10,0
4769,0,0,555,0,275,594,-80,593,25,-10,0
4773,0,0,556,0,276,595,-80,595,25,-10,0
4777,0,0,555,0,276,596,-80,596,25,-11,0
4781,0,0,556,0,276,597,-81,597,25,-11,0
4785,0,0,556,0,277,597,-80,599,25,-11,0
4789,0,0,555,0,277,598,-81,600,25,-11,0
4793,0,0,555,0,277,599,-81,602,25,-11,0
4797,0,0,555,0,278,599,-81,602,25,-11,0
4801,0,0,555,0,278,600,-81,602,25,-11,0
4805,0,0,556,0,278,601,-81,599,25,-11,0
4809,0,0,556,0,279,602,-81,598,25,-11,0
4813,0,0,557,0,279,603,-82,598,25,-11,0
4817,0,0,556,0,279,603,-82,596,25,-11,0
4821,0,0,556,0,280,604,-82,594,25,-11,0
4825,0,0,557,0,280,605,-82,594,25,-11,0
4829,0,0,558,0,280,606,-82,595,25,-11,0
4833,0,0,558,0,281,607,-82,598,25,-11,0
4837,0,0,559,0,281,607,-82,597,25,-11,0
4841,0,0,559,0,281,608,-82,595,25,-11,0
4845,0,0,560,0,282,609,-82,594,25,-11,0
4849,0,0,560,0,282,610,-83,596,25,-11,0
4853,0,0,560,0,283,611,-83,596,25,-11,0
4857,0,0,560,0,283,612,-83,594,25,-11,0
4861,0,0,560,0,283,612,-83,594,25,-11,0
4865,0,0,560,0,283,613,-83,595,25,-11,0
4869,0,0,560,0,284,614,-83,594,25,-11,0
4873,0,0,561,0,284,615,-83,593,25,-11,0
4877,0,0,561,0,285,616,-83,593,25,-12,0
4881,0,0,561,0,285,617,-84,593,25,-12,0
4885,0,0,561,0,285,617,-84,593,25,-12,0
4889,0,0,561,0,285,618,-84,594,25,-12,0
4893,0,0,563,0,286,619,-84,596,25,-12,0
4897,0,0,563,0,286,620,-84,597,25,-12,0
4901,0,0,564,0,286,621,-84,595,25,-12,0
4905,0,0,564,0,287,622,-84,596,25,-12,0
4909,0,0,564,0,287,623,-85,597,25,-12,0
4913,0,0,564,0,287,624,-85,598,25,-12,0
4917,0,0,564,0,287,625,-85,598,25,-12,0
4921,0,0,564,0,288,625,-85,597,25,-12,0
4925,0,0,564,0,288,626,-85,597,25,-12,0
4929,0,0,564,0,288,627,-85,595,25,-12,0
4933,0,0,565,0,289,628,-85,593,25,-12,0
4937,0,0,565,0,289,629,-86,593,25,-12,0
4941,0,0,565,0,289,630,-86,595,25,-12,0
4945,0,0,564,0,289,631,-86,593,25,-12,0
4949,0,0,564,0,289,632,-86,594,25,-12,0
4953,0,0,564,0,290,633,-86,594,25,-12,0
4957,0,0,564,0,290,633,-86,598,25,-12,0
4961,0,0,564,0,290,634,-87,599,25,-12,0
4965,0,0,565,0,290,635,-87,597,25,-12,0
4969,0,0,564,0,291,636,-87,597,25,-12,0
4973,0,0,564,0,291,637,-87,598,25,-13,0
4977,0,0,564,0,291,638,-87,597,25,-13,0
4981,0,0,563,0,291,639,-88,598,25,-13,0
4985,0,0,563,0,291,639,-88,597,25,-13,0
4989,0,0,562,0,291,640,-88,596,25,-13,0
4993,0,0,561,0,291,641,-88,598,25,-13,0
4997,0,0,561,0,292,642,-88,598,25,-13,0
5001,0,0,561,0,292,643,-88,598,25,-13,0
5005,0,0,559,0,292,643,-88,599,25,-13,0
5009,0,0,559,0,292,644,-89,600,25,-13,0
5013,0,0,559,0,292,645,-89,598,25,-13,0
5017,0,0,559,0,293,646,-89,599,25,-13,0
5021,0,0,558,0,293,647,-89,599,25,-13,0
5025,0,0,557,0,293,647,-89,598,25,-13,0
5029,0,0,557,0,293,648,-89,598,25,-13,0
5033,0,0,557,0,293,649,-90,600,25,-13,0
5037,0,0,557,0,293,650,-90,600,25,-13,0
5041,0,0,557,0,293,651,-90,600,25,-13,0
5045,0,0,556,0,293,651,-90,600,25,-13,0
5049,0,0,556,0,293,652,-90,602,25,-13,0
5053,0,0,555,0,294,653,-90,603,25,-13,0
5057,0,0,554,0,294,653,-90,603,25,-13,0
5061,0,0,554,0,294,654,-91,602,25,-13,0
5065,0,0,553,0,294,655,-91,603,25,-13,0
5069,0,0,553,0,294,656,-91,605,25,-13,0
5073,0,0,552,0,294,656,-91,604,25,-13,0
5077,0,0,552,0,294,657,-91,604,25,-13,0
5081,0,0,553,0,295,657,-91,605,25,-13,0
5085,0,0,550,0,295,658,-91,606,25,-13,0
5089,0,0,550,0,295,659,-92,606,25,-13,0
5093,0,0,549,0,295,659,-92,606,25,-13,0
5097,0,0,548,0,295,660,-92,605,25,-13,0
5101,0,0,548,0,295,661,-92,604,25,-14,0
5105,0,0,547,0,295,661,-92,603,25,-14,0
5109,0,0,546,0,295,662,-92,603,25,-14,0
5113,0,0,546,0,296,663,-92,603,25,-14,0
5117,0,0,546,0,296,663,-92,600,25,-14,0
5121,0,0,546,0,296,664,-93,601,25,-14,0
5125,0,0,546,0,296,664,-93,600,25,-14,0
5129,0,0,546,0,297,665,-93,603,25,-14,0
5133,0,0,545,0,297,665,-93,604,25,-14,0
5137,0,0,545,0,297,666,-93,606,25,-14,0
5141,0,0,545,0,297,666,-93,607,25,-14,0
5145,0,0,544,0,297,667,-93,608,25,-14,0
5149,0,0,544,0,297,667,-93,607,25,-14,0
5153,0,0,542,0,298,668,-93,607,25,-14,0
5157,0,0,542,0,298,669,-93,609,25,-14,0
5161,0,0,542,0,298,669,-93,605,25,-14,0
5165,0,0,541,0,299,669,-93,603,25,-14,0
5169,0,0,541,0,299,670,-93,602,25,-14,0
5173,0,0,540,0,299,671,-94,602,25,-14,0
5177,0,0,540,0,299,671,-94,602,25,-14,0
5181,0,0,539,0,299,672,-94,599,25,-14,0
5185,0,0,537,0,300,672,-94,599,25,-14,0
5189,0,0,538,0,300,673,-94,598,25,-14,0
5193,0,0,537,0,301,673,-94,598,25,-14,0
5197,0,0,536,0,301,673,-94,599,25,-14,0
5201,0,0,535,0,301,674,-94,599,25,-14,0
5205,0,0,534,0,301,674,-94,602,25,-14,0
5209,0,0,534,0,302,675,-94,602,25,-14,0
5213,0,0,535,0,302,675,-94,603,25,-14,0
5217,0,0,534,0,303,675,-94,603,25,-14,0
5221,0,0,534,0,303,676,-94,604,25,-14,0
5225,0,0,534,0,303,676,-94,605,25,-14,0
5229,0,0,534,0,303,677,-94,606,25,-14,0
5233,0,0,533,0,304,677,-94,607,25,-14,0
5237,0,0,533,0,304,677,-94,608,25,-14,0
5241,0,0,534,0,305,678,-94,607,25,-14,0
5245,0,0,534,0,305,678,-94,607,25,-14,0
5249,0,0,534,0,305,679,-94,605,25,-15,0
5253,0,0,534,0,306,679,-94,604,25,-15,0
5257,0,0,534,0,306,679,-94,602,25,-15,0
5261,0,0,533,0,307,680,-94,601,25,-15,0
5265,0,0,533,0,307,680,-94,599,25,-15,0
5269,0,0,532,0,308,681,-94,597,25,-15,0
5273,0,0,532,0,308,681,-94,597,25,-15,0
5277,0,0,532,0,309,681,-94,596,25,-15,0
5281,0,0,532,0,309,681,-94,596,25,-15,0
5285,0,0,532,0,309,682,-94,598,25,-15,0
5289,0,0,531,0,310,682,-94,599,25,-15,0
5293,0,0,531,0,311,683,-94,600,25,-15,0
5297,0,0,531,0,311,683,-94,602,25,-15,0
5301,0,0,530,0,311,683,-94,603,25,-15,0
5305,0,0,530,0,312,683,-93,604,25,-15,0
5309,0,0,530,0,312,684,-94,605,25,-15,0
5313,0,0,531,0,313,684,-93,605,25,-15,0
5317,0,0,531,0,313,684,-93,606,25,-15,0
5321,0,0,530,0,314,685,-93,604,25,-15,0
5325,0,0,530,0,314,685,-93,603,25,-15,0
5329,0,0,531,0,315,685,-93,602,25,-15,0
5333,0,0,530,0,315,686,-93,600,25,-15,0
5337,0,0,531,0,316,686,-93,598,25,-15,0
5341,0,0,531,0,317,686,-93,597,25,-15,0
5345,0,0,531,0,317,687,-93,596,25,-15,0
5349,0,0,530,0,318,687,-93,596,25,-15,0
5353,0,0,531,0,318,687,-93,595,25,-15,0
5357,0,0,530,0,319,688,-93,596,25,-15,0
5361,0,0,530,0,319,688,-93,597,25,-15,0
5365,0,0,530,0,320,688,-93,595,25,-15,0
5369,0,0,529,0,321,689,-93,596,25,-15,0
5373,0,0,530,0,321,689,-93,596,25,-15,0
5377,0,0,529,0,322,689,-92,598,25,-15,0
5381,0,0,528,0,322,689,-92,598,25,-15,0
5385,0,0,529,0,323,690,-92,599,25,-16,0
5389,0,0,528,0,323,690,-92,599,25,-16,0
5393,0,0,529,0,324,690,-92,600,25,-16,0
5397,0,0,529,0,325,691,-92,600,25,-16,0
5401,0,0,530,0,325,691,-92,600,25,-16,0
5405,0,0,529,0,326,691,-92,600,25,-16,0
5409,0,0,529,0,327,691,-92,601,25,-16,0
5413,0,0,529,0,327,692,-92,600,25,-16,0
5417,0,0,529,0,328,692,-92,600,25,-16,0
5421,0,0,529,0,328,692,-92,600,25,-16,0
5425,0,0,530,0,329,693,-92,599,25,-16,0
5429,0,0,531,0,330,693,-91,598,25,-16,0
5433,0,0,532,0,330,693,-91,598,25,-16,0
5437,0,0,532,0,331,693,-91,598,25,-16,0
5441,0,0,534,0,331,694,-91,597,25,-16,0
5445,0,0,535,0,332,694,-91,596,25,-16,0
5449,0,0,538,0,333,694,-91,599,25,-16,0
5453,0,0,539,0,333,695,-91,600,25,-16,0
5457,0,0,539,0,334,695,-91,599,25,-16,0
5461,0,0,541,0,335,695,-91,600,25,-16,0
5465,0,0,541,0,335,695,-91,599,25,-16,0
5469,0,0,542,0,336,696,-91,598,25,-16,0
5473,0,0,543,0,336,696,-91,597,25,-16,0
5477,0,0,543,0,337,697,-91,596,25,-16,0
5481,0,0,544,0,337,697,-91,594,25,-16,0
5485,0,0,544,0,338,697,-90,593,25,-16,0
5489,0,0,544,0,339,698,-90,593,25,-16,0
5493,0,0,545,0,339,698,-90,593,25,-16,0
5497,0,0,544,0,340,698,-90,594,25,-16,0
5501,0,0,545,0,340,699,-90,594,25,-16,0
5505,0,0,544,0,341,699,-90,595,25,-17,0
5509,0,0,543,0,341,699,-90,596,25,-17,0
5513,0,0,542,0,342,700,-90,598,25,-17,0
5517,0,0,541,0,342,700,-90,600,25,-17,0
5521,0,0,541,0,343,700,-90,601,25,-17,0
5525,0,0,540,0,343,701,-90,601,25,-17,0
5529,0,0,539,0,343,701,-90,603,25,-17,0
5533,0,0,538,0,344,701,-90,603,25,-17,0
5537,0,0,537,0,344,702,-90,602,25,-17,0
5541,0,0,537,0,345,702,-90,601,25,-17,0
5545,0,0,537,0,345,702,-90,601,25,-17,0
5549,0,0,536,0,345,703,-90,601,25,-17,0
5553,0,0,536,0,346,703,-90,600,25,-17,0
5557,0,0,536,0,347,703,-90,601,25,-17,0
5561,0,0,537,0,347,704,-90,601,25,-17,0
5565,0,0,536,0,347,704,-90,601,25,-17,0
5569,0,0,536,0,348,704,-90,601,25,-17,0
5573,0,0,537,0,348,705,-90,602,25,-17,0
5577,0,0,537,0,349,705,-90,603,25,-17,0
5581,0,0,537,0,349,705,-90,603,25,-17,0
5585,0,0,537,0,349,705,-90,604,25,-17,0
5589,0,0,537,0,350,706,-90,606,25,-17,0
5593,0,0,538,0,351,706,-89,605,25,-17,0
5597,0,0,538,0,351,706,-89,603,25,-17,0
5601,0,0,538,0,351,706,-89,603,25,-17,0
5605,0,0,538,0,352,707,-89,602,25,-17,0
5609,0,0,539,0,352,707,-89,601,25,-17,0
5613,0,0,539,0,353,707,-89,600,25,-17,0
5617,0,0,539,0,353,707,-89,599,25,-17,0
5621,0,0,539,0,354,708,-89,599,25,-17,0
5625,0,0,540,0,354,708,-89,599,25,-17,0
5629,0,0,540,0,355,708,-89,598,25,-17,0
5633,0,0,541,0,355,708,-89,600,25,-17,0
5637,0,0,541,0,355,709,-89,600,25,-17,0
5641,0,0,542,0,356,709,-89,601,25,-17,0
5645,0,0,542,0,356,709,-89,602,25,-17,0
5649,0,0,542,0,357,709,-89,603,25,-17,0
5653,0,0,542,0,357,709,-89,605,25,-17,0
5657,0,0,541,0,357,710,-89,605,25,-17,0
5661,0,0,542,0,358,710,-89,605,25,-18,0
5665,0,0,543,0,358,710,-89,607,25,-18,0
5669,0,0,543,0,359,710,-88,607,25,-18,0
5673,0,0,544,0,359,711,-88,607,25,-18,0
5677,0,0,544,0,359,711,-89,607,25,-18,0
5681,0,0,543,0,360,711,-88,607,25,-18,0
5685,0,0,544,0,360,711,-88,606,25,-18,0
5689,0,0,544,0,361,711,-88,605,25,-18,0
5693,0,0,544,0,361,712,-88,605,25,-18,0
5697,0,0,545,0,361,712,-88,605,25,-18,0
5701,0,0,546,0,362,712,-88,604,25,-18,0
5705,0,0,546,0,362,712,-88,604,25,-18,0
5709,0,0,547,0,363,713,-88,604,25,-18,0
5713,0,0,547,0,363,713,-88,604,25,-18,0
5717,0,0,547,0,363,713,-88,603,25,-18,0
5721,0,0,547,0,363,713,-88,602,25,-18,0
5725,0,0,548,0,364,714,-88,603,25,-18,0
5729,0,0,549,0,364,714,-88,602,25,-18,0
5733,0,0,551,0,365,714,-88,603,25,-18,0
5737,0,0,551,0,365,715,-88,603,25,-18,0
5741,0,0,551,0,365,715,-88,603,25,-18,0
5745,0,0,551,0,366,715,-88,602,25,-18,0
5749,0,0,551,0,366,716,-88,604,25,-18,0
5753,0,0,551,0,366,716,-88,604,25,-18,0
5757,0,0,552,0,367,716,-88,603,25,-18,0
5761,0,0,552,0,367,717,-88,603,25,-18,0
5765,0,0,551,0,367,717,-88,605,25,-18,0
5769,0,0,552,0,368,717,-88,604,25,-18,0
5773,0,0,551,0,368,718,-88,604,25,-18,0
5777,0,0,551,0,368,718,-88,605,25,-18,0
5781,0,0,552,0,369,719,-88,603,25,-18,0
5785,0,0,552,0,369,719,-88,602,25,-18,0
5789,0,0,552,0,369,719,-88,601,25,-18,0
5793,0,0,552,0,370,720,-88,598,25,-18,0
5797,0,0,552,0,370,720,-88,598,25,-18,0
5801,0,0,553,0,371,721,-88,595,25,-18,0
5805,0,0,553,0,371,721,-88,596,25,-18,0
5809,0,0,553,0,371,722,-88,596,25,-18,0
5813,0,0,552,0,371,722,-88,596,25,-18,0
5817,0,0,553,0,372,723,-88,597,25,-18,0
5821,0,0,553,0,372,723,-88,599,25,-18,0
5825,0,0,553,0,373,723,-88,600,25,-19,0
5829,0,0,554,0,373,724,-88,600,25,-19,0
5833,0,0,553,0,373,724,-88,602,25,-19,0
5837,0,0,554,0,373,725,-89,603,25,-19,0
5841,0,0,553,0,374,725,-88,603,25,-19,0
5845,0,0,553,0,374,726,-89,603,25,-19,0
5849,0,0,553,0,375,726,-88,601,25,-19,0
5853,0,0,554,0,375,727,-89,601,25,-19,0
5857,0,0,554,0,375,727,-89,599,25,-19,0
5861,0,0,553,0,375,727,-89,599,25,-19,0
5865,0,0,553,0,376,728,-89,599,25,-19,0
5869,0,0,554,0,376,729,-89,599,25,-19,0
5873,0,0,554,0,377,729,-89,599,25,-19,0
5877,0,0,554,0,377,729,-89,598,25,-19,0
5881,0,0,554,0,377,730,-89,599,25,-19,0
5885,0,0,553,0,377,730,-89,599,25,-19,0
5889,0,0,554,0,378,731,-89,601,25,-19,0
5893,0,0,554,0,378,731,-89,601,25,-19,0
5897,0,0,554,0,378,732,-89,602,25,-19,0
5901,0,0,554,0,379,732,-89,601,25,-19,0
5905,0,0,554,0,379,733,-89,600,25,-19,0
5909,0,0,554,0,379,733,-89,600,25,-19,0
5913,0,0,553,0,380,734,-89,600,25,-19,0
5917,0,0,553,0,380,734,-89,597,25,-19,0
5921,0,0,554,0,380,735,-89,596,25,-19,0
5925,0,0,555,0,381,735,-89,596,25,-19,0
5929,0,0,554,0,381,735,-89,596,25,-19,0
5933,0,0,554,0,381,736,-89,596,25,-19,0
5937,0,0,553,0,381,736,-89,596,25,-19,0
5941,0,0,554,0,382,737,-90,601,25,-19,0
5945,0,0,553,0,382,737,-89,602,25,-19,0
5949,0,0,553,0,382,737,-89,605,25,-19,0
5953,0,0,553,0,382,738,-90,605,25,-19,0
5957,0,0,553,0,383,738,-89,607,25,-19,0
5961,0,0,553,0,383,739,-90,606,25,-19,0
5965,0,0,553,0,383,739,-90,607,25,-19,0
5969,0,0,553,0,383,739,-90,607,25,-19,0
5973,0,0,552,0,383,740,-90,606,25,-19,0
5977,0,0,552,0,384,740,-90,604,25,-20,0
5981,0,0,553,0,384,741,-90,602,25,-20,0
5985,0,0,553,0,384,741,-90,600,25,-20,0
5989,0,0,552,0,385,742,-90,599,25,-20,0
5993,0,0,552,0,385,742,-90,599,25,-20,0
5997,0,0,552,0,385,742,-90,599,25,-20,0
6001,0,0,552,0,385,743,-90,600,25,-20,0
6005,0,0,551,0,385,743,-90,603,25,-20,0
6009,0,0,550,0,386,744,-90,605,25,-20,0
6013,0,0,550,0,386,744,-90,607,25,-20,0
6017,0,0,551,0,386,744,-90,607,25,-20,0
6021,0,0,551,0,386,745,-90,607,25,-20,0
6025,0,0,550,0,387,745,-90,607,25,-20,0
6029,0,0,550,0,387,746,-90,606,25,-20,0
6033,0,0,550,0,387,746,-90,605,25,-20,0
6037,0,0,550,0,387,747,-90,604,25,-20,0
6041,0,0,550,0,388,747,-90,604,25,-20,0
6045,0,0,550,0,388,747,-90,600,25,-20,0
6049,0,0,551,0,388,748,-91,599,25,-20,0
6053,0,0,550,0,389,748,-90,601,25,-20,0
6057,0,0,551,0,389,749,-91,599,25,-20,0
6061,0,0,550,0,389,749,-91,599,25,-20,0
6065,0,0,549,0,389,749,-91,599,25,-20,0
6069,0,0,549,0,390,750,-91,601,25,-20,0
6073,0,0,550,0,390,750,-91,601,25,-20,0
6077,0,0,550,0,390,751,-91,601,25,-20,0
6081,0,0,550,0,391,751,-91,601,25,-20,0
6085,0,0,549,0,391,752,-91,602,25,-20,0
6089,0,0,549,0,391,752,-91,602,25,-20,0
6093,0,0,548,0,391,752,-91,601,25,-20,0
6097,0,0,548,0,392,753,-91,602,25,-20,0
6101,0,0,548,0,392,753,-91,601,25,-20,0
6105,0,0,548,0,392,754,-91,601,25,-20,0
6109,0,0,548,0,393,754,-91,601,25,-20,0
6113,0,0,548,0,393,754,-91,602,25,-20,0
6117,0,0,548,0,393,755,-91,603,25,-20,0
6121,0,0,548,0,393,755,-91,603,25,-20,0
6125,0,0,548,0,394,756,-91,603,25,-20,0
6129,0,0,547,0,394,756,-91,604,25,-20,0
6133,0,0,548,0,395,756,-91,604,25,-20,0
6137,0,0,548,0,395,757,-91,603,25,-21,0
6141,0,0,547,0,395,757,-91,603,25,-21,0
6145,0,0,547,0,395,758,-91,604,25,-21,0
6149,0,0,546,0,396,758,-91,603,25,-21,0
6153,0,0,547,0,396,759,-91,599,25,-21,0
6157,0,0,547,0,397,759,-91,596,25,-21,0
6161,0,0,546,0,397,759,-91,596,25,-21,0
6165,0,0,545,0,397,760,-91,595,25,-21,0
6169,0,0,545,0,398,760,-91,595,25,-21,0
6173,0,0,546,0,398,761,-91,595,25,-21,0
6177,0,0,546,0,399,761,-91,597,25,-21,0
6181,0,0,546,0,399,762,-91,599,25,-21,0
6185,0,0,545,0,399,762,-91,602,25,-21,0
6189,0,0,545,0,399,762,-91,602,25,-21,0
6193,0,0,546,0,400,763,-91,602,25,-21,0
6197,0,0,545,0,400,763,-91,604,25,-21,0
6201,0,0,545,0,401,764,-91,603,25,-21,0
6205,0,0,545,0,401,764,-91,602,25,-21,0
6209,0,0,545,0,401,764,-91,602,25,-21,0
6213,0,0,546,0,402,765,-91,602,25,-21,0
6217,0,0,546,0,402,765,-91,600,25,-21,0
6221,0,0,545,0,403,766,-91,600,25,-21,0
6225,0,0,546,0,403,766,-91,600,25,-21,0
6229,0,0,546,0,403,767,-92,599,25,-21,0
6233,0,0,545,0,404,767,-91,599,25,-21,0
6237,0,0,545,0,404,767,-91,601,25,-21,0
6241,0,0,545,0,405,768,-91,601,25,-21,0
6245,0,0,545,0,405,768,-91,601,25,-21,0
6249,0,0,545,0,405,769,-92,598,25,-21,0
6253,0,0,544,0,406,769,-91,598,25,-21,0
6257,0,0,545,0,406,770,-92,598,25,-21,0
6261,0,0,544,0,407,770,-91,597,25,-21,0
6265,0,0,544,0,407,771,-91,596,25,-21,0
6269,0,0,544,0,408,771,-92,595,25,-21,0
6273,0,0,543,0,408,771,-91,597,25,-21,0
6277,0,0,543,0,409,772,-92,597,25,-22,0
6281,0,0,544,0,409,772,-91,596,25,-22,0
6285,0,0,544,0,409,773,-92,596,25,-22,0
6289,0,0,544,0,410,773,-91,599,25,-22,0
6293,0,0,544,0,410,773,-91,601,25,-22,0
6297,0,0,544,0,411,774,-92,601,25,-22,0
6301,0,0,544,0,411,774,-91,604,25,-22,0
6305,0,0,544,0,411,775,-92,605,25,-22,0
6309,0,0,544,0,412,775,-91,606,25,-22,0
6313,0,0,544,0,412,775,-91,604,25,-22,0
6317,0,0,545,0,413,776,-91,604,25,-22,0
6321,0,0,547,0,413,776,-91,604,25,-22,0
6325,0,0,545,0,413,777,-92,601,25,-22,0
6329,0,0,545,0,414,777,-91,598,25,-22,0
6333,0,0,546,0,414,778,-92,596,25,-22,0
6337,0,0,547,0,415,778,-91,595,25,-22,0
6341,0,0,548,0,415,778,-91,595,25,-22,0
6345,0,0,547,0,416,779,-91,592,25,-22,0
6349,0,0,547,0,416,779,-91,592,25,-22,0
6353,0,0,546,0,417,780,-91,594,25,-22,0
6357,0,0,548,0,417,780,-91,597,25,-22,0
6361,0,0,548,0,417,781,-92,599,25,-22,0
6365,0,0,548,0,418,781,-91,601,25,-22,0
6369,0,0,548,0,418,781,-91,603,25,-22,0
6373,0,0,549,0,419,782,-91,604,25,-22,0
6377,0,0,549,0,419,782,-91,604,25,-22,0
6381,0,0,549,0,419,783,-92,604,25,-22,0
6385,0,0,549,0,420,783,-91,605,25,-22,0
6389,0,0,549,0,420,783,-91,602,25,-22,0
6393,0,0,549,0,421,784,-91,603,25,-22,0
6397,0,0,550,0,421,784,-91,604,25,-22,0
6401,0,0,550,0,421,785,-92,603,25,-22,0
6405,0,0,550,0,422,785,-91,604,25,-23,0
6409,0,0,550,0,422,786,-92,601,25,-23,0
6413,0,0,551,0,423,786,-91,600,25,-23,0
6417,0,0,552,0,423,787,-92,601,25,-23,0
6421,0,0,552,0,423,787,-92,598,25,-23,0
6425,0,0,552,0,423,787,-92,598,25,-23,0
6429,0,0,552,0,424,788,-92,597,25,-23,0
6433,0,0,553,0,424,788,-92,598,25,-23,0
6437,0,0,553,0,425,789,-92,598,25,-23,0
6441,0,0,554,0,425,789,-92,599,25,-23,0
6445,0,0,554,0,425,790,-92,599,25,-23,0
6449,0,0,554,0,426,790,-92,601,25,-23,0
6453,0,0,555,0,426,791,-92,602,25,-23,0
6457,0,0,555,0,426,791,-92,603,25,-23,0
6461,0,0,556,0,427,791,-92,604,25,-23,0
6465,0,0,556,0,427,792,-92,605,25,-23,0
6469,0,0,555,0,427,792,-92,605,25,-23,0
6473,0,0,557,0,427,793,-92,605,25,-23,0
6477,0,0,557,0,428,793,-92,604,25,-23,0
6481,0,0,558,0,428,794,-92,604,25,-23,0
6485,0,0,560,0,428,794,-92,603,25,-23,0
6489,0,0,561,0,429,795,-92,603,25,-23,0
6493,0,0,561,0,429,795,-92,602,25,-23,0
6497,0,0,561,0,429,796,-92,601,25,-23,0
6501,0,0,561,0,429,797,-92,601,25,-23,0
6505,0,0,562,0,429,797,-93,600,25,-23,0
6509,0,0,561,0,430,798,-93,600,25,-23,0
6513,0,0,561,0,430,798,-93,601,25,-23,0
6517,0,0,562,0,430,799,-93,602,25,-23,0
6521,0,0,562,0,431,799,-93,603,25,-23,0
6525,0,0,562,0,431,800,-93,602,25,-23,0
6529,0,0,562,0,431,800,-93,605,25,-23,0
6533,0,0,562,0,431,801,-93,604,25,-23,0
6537,0,0,561,0,431,802,-93,606,25,-23,0
6541,0,0,561,0,431,802,-93,606,25,-23,0
6545,0,0,561,0,432,803,-93,606,25,-24,0
6549,0,0,562,0,432,803,-93,603,25,-24,0
6553,0,0,561,0,432,804,-94,603,25,-24,0
6557,0,0,562,0,432,805,-94,602,25,-24,0
6561,0,0,562,0,433,805,-94,600,25,-24,0
6565,0,0,562,0,433,806,-94,599,24,-24,0
6569,0,0,563,0,433,807,-94,599,24,-24,0
6573,0,0,563,0,433,807,-94,599,24,-24,0
6577,0,0,562,0,433,808,-94,599,24,-24,0
6581,0,0,564,0,433,809,-95,598,24,-24,0
6585,0,0,564,0,434,809,-94,599,24,-24,0
6589,0,0,564,0,434,810,-95,599,24,-24,0
6593,0,0,565,0,434,811,-95,597,24,-24,0
6597,0,0,566,0,434,811,-95,599,24,-24,0
6601,0,0,567,0,434,812,-95,602,24,-24,0
6605,0,0,568,0,435,813,-95,602,24,-24,0
6609,0,0,568,0,435,813,-95,602,24,-24,0
6613,0,0,568,0,435,814,-95,606,24,-24,0
6617,0,0,568,0,435,815,-96,606,24,-24,0
6621,0,0,568,0,435,815,-96,606,24,-24,0
6625,0,0,568,0,435,816,-96,606,24,-24,0
6629,0,0,568,0,435,817,-96,605,24,-24,0
6633,0,0,568,0,435,817,-96,604,24,-24,0
6637,0,0,568,0,436,818,-96,601,24,-24,0
6641,0,0,568,0,436,819,-96,601,24,-24,0
6645,0,0,568,0,436,820,-97,598,24,-24,0
6649,0,0,568,0,436,821,-97,597,24,-24,0
6653,0,0,568,0,436,821,-97,596,24,-24,0
6657,0,0,568,0,437,822,-97,597,24,-24,0
6661,0,0,567,0,437,823,-97,598,24,-24,0
6665,0,0,567,0,437,824,-97,598,24,-24,0
6669,0,0,567,0,437,824,-97,598,24,-24,0
6673,0,0,567,0,437,825,-98,599,24,-24,0
6677,0,0,567,0,437,826,-98,604,24,-24,0
6681,0,0,567,0,437,827,-98,603,24,-25,0
6685,0,0,567,0,437,828,-98,602,24,-25,0
6689,0,0,567,0,438,828,-98,601,24,-25,0
6693,0,0,568,0,438,829,-98,602,24,-25,0
6697,0,0,568,0,438,830,-99,601,24,-25,0
6701,0,0,569,0,438,831,-99,600,24,-25,0
6705,0,0,570,0,438,832,-99,600,24,-25,0
6709,0,0,569,0,438,832,-99,600,24,-25,0
6713,0,0,569,0,439,833,-99,599,24,-25,0
6717,0,0,570,0,439,834,-99,598,24,-25,0
6721,0,0,569,0,439,835,-100,598,24,-25,0
6725,0,0,569,0,439,836,-100,598,24,-25,0
6729,0,0,568,0,439,837,-100,599,24,-25,0
6733,0,0,568,0,439,837,-100,599,24,-25,0
6737,0,0,568,0,439,838,-100,600,24,-25,0
6741,0,0,568,0,440,839,-100,600,24,-25,0
6745,0,0,568,0,440,840,-101,602,24,-25,0
6749,0,0,568,0,440,841,-101,602,24,-25,0
6753,0,0,568,0,440,842,-101,600,24,-25,0
6757,0,0,569,0,440,842,-101,600,24,-25,0
6761,0,0,569,0,441,843,-101,600,24,-25,0
6765,0,0,569,0,441,844,-101,598,24,-25,0
6769,0,0,569,0,441,845,-102,597,24,-25,0
6773,0,0,569,0,441,846,-102,596,24,-25,0
6777,0,0,570,0,441,847,-102,596,24,-25,0
6781,0,0,570,0,441,848,-103,597,24,-25,0
6785,0,0,570,0,442,849,-103,596,24,-25,0
6789,0,0,570,0,442,850,-103,598,24,-26,0
6793,0,0,570,0,442,851,-103,600,24,-26,0
6797,0,0,571,0,442,852,-103,598,24,-26,0
6801,0,0,570,0,443,853,-103,598,24,-26,0
6805,0,0,570,0,443,854,-103,599,24,-26,0
6809,0,0,570,0,443,855,-104,597,24,-26,0
6813,0,0,570,0,443,855,-104,595,24,-26,0
6817,0,0,570,0,443,856,-104,594,24,-26,0
6821,0,0,570,0,444,857,-104,592,24,-26,0
6825,0,0,570,0,444,858,-104,592,24,-26,0
6829,0,0,571,0,444,859,-105,592,24,-26,0
6833,0,0,572,0,444,860,-105,592,24,-26,0
6837,0,0,573,0,445,861,-105,593,24,-26,0
6841,0,0,573,0,445,862,-105,592,24,-26,0
6845,0,0,573,0,445,863,-105,593,24,-26,0
6849,0,0,573,0,445,864,-106,595,24,-26,0
6853,0,0,572,0,445,865,-106,596,24,-26,0
6857,0,0,573,0,445,866,-106,596,24,-26,0
6861,0,0,572,0,445,867,-106,599,24,-26,0
6865,0,0,571,0,446,868,-106,600,24,-26,0
6869,0,0,571,0,446,869,-107,599,24,-26,0
6873,0,0,571,0,446,870,-107,598,24,-26,0
6877,0,0,571,0,446,871,-107,596,24,-26,0
6881,0,0,571,0,446,872,-107,596,24,-26,0
6885,0,0,571,0,446,873,-108,595,24,-26,0
6889,0,0,570,0,447,874,-108,593,24,-27,0
6893,0,0,570,0,447,875,-108,593,24,-27,0
6897,0,0,570,0,447,876,-108,594,24,-27,0
6901,0,0,570,0,447,877,-108,596,24,-27,0
6905,0,0,570,0,447,878,-109,596,24,-27,0
6909,0,0,569,0,447,879,-109,596,24,-27,0
6913,0,0,569,0,447,880,-109,597,24,-27,0
6917,0,0,569,0,447,881,-109,598,24,-27,0
6921,0,0,569,0,447,882,-110,598,24,-27,0
6925,0,0,568,0,447,883,-110,595,24,-27,0
6929,0,0,568,0,448,884,-110,595,24,-27,0
6933,0,0,568,0,448,885,-110,594,24,-27,0
6937,0,0,567,0,448,885,-110,594,24,-27,0
6941,0,0,566,0,448,886,-110,595,24,-27,0
6945,0,0,566,0,448,887,-111,596,24,-27,0
6949,0,0,566,0,448,888,-111,597,24,-27,0
6953,0,0,567,0,448,889,-111,598,24,-27,0
6957,0,0,566,0,448,890,-111,603,24,-27,0
6961,0,0,565,0,448,890,-111,603,24,-27,0
6965,0,0,566,0,448,891,-112,604,24,-27,0
6969,0,0,566,0,448,892,-112,604,24,-27,0
6973,0,0,565,0,448,893,-112,604,24,-27,0
6977,0,0,565,0,448,894,-112,603,24,-27,0
6981,0,0,564,0,448,894,-112,604,24,-27,0
6985,0,0,563,0,448,895,-113,604,24,-27,0
6989,0,0,563,0,448,896,-113,605,24,-27,0
6993,0,0,562,0,448,897,-113,605,24,-27,0
6997,0,0,562,0,448,897,-113,605,24,-27,0
7001,0,0,561,0,448,898,-113,604,24,-27,0
7005,0,0,560,0,448,899,-114,604,24,-27,0
7009,0,0,560,0,448,899,-114,605,24,-27,0
7013,0,0,558,0,448,900,-114,605,24,-27,0
7017,0,0,558,0,448,901,-114,605,24,-27,0
7021,0,0,558,0,448,901,-114,605,24,-27,0
7025,0,0,557,0,448,902,-114,607,24,-27,0
7029,0,0,557,0,448,903,-115,607,24,-28,0
7033,0,0,556,0,448,903,-115,609,24,-28,0
7037,0,0,555,0,448,904,-115,608,24,-28,0
7041,0,0,555,0,449,905,-115,609,23,-28,0
7045,0,0,555,0,449,905,-115,610,23,-28,0
7049,0,0,555,0,449,906,-115,609,23,-28,0
7053,0,0,555,0,449,906,-115,608,23,-28,0
7057,0,0,555,0,449,907,-115,607,23,-28,0
7061,0,0,555,0,449,907,-115,608,23,-28,0
7065,0,0,554,0,449,908,-116,609,23,-28,0
7069,0,0,554,0,449,908,-116,609,23,-28,0
7073,0,0,554,0,449,909,-116,608,23,-28,0
7077,0,0,554,0,449,909,-116,607,23,-28,0
7081,0,0,553,0,449,910,-116,607,23,-28,0
7085,0,0,553,0,449,910,-116,607,23,-28,0
7089,0,0,553,0,449,911,-116,608,23,-28,0
7093,0,0,553,0,449,911,-116,608,23,-28,0
7097,0,0,553,0,449,912,-117,610,23,-28,0
7101,0,0,553,0,449,912,-117,609,23,-28,0
7105,0,0,552,0,449,913,-117,609,23,-28,0
7109,0,0,551,0,449,913,-117,612,23,-28,0
7113,0,0,550,0,450,914,-117,612,23,-28,0
7117,0,0,550,0,450,914,-117,612,23,-28,0
7121,0,0,551,0,450,915,-117,612,23,-28,0
7125,0,0,551,0,450,915,-117,611,23,-28,0
7129,0,0,551,0,450,915,-117,611,23,-28,0
7133,0,0,551,0,450,916,-117,609,23,-28,0
7137,0,0,551,0,451,917,-117,609,23,-28,0
7141,0,0,551,0,451,917,-117,608,23,-28,0
7145,0,0,551,0,451,917,-117,607,23,-28,0
7149,0,0,551,0,451,918,-118,607,23,-28,0
7153,0,0,551,0,451,918,-118,606,23,-28,0
7157,0,0,551,0,451,919,-118,606,23,-28,0
7161,0,0,552,0,452,919,-118,606,23,-28,0
7165,0,0,551,0,452,920,-118,606,23,-28,0
7169,0,0,552,0,452,920,-118,607,23,-28,0
7173,0,0,552,0,452,921,-118,608,23,-28,0
7177,0,0,551,0,453,921,-118,607,23,-28,0
7181,0,0,551,0,453,922,-118,608,23,-28,0
7185,0,0,551,0,453,922,-118,607,23,-28,0
7189,0,0,551,0,453,923,-118,605,23,-28,0
7193,0,0,551,0,454,923,-118,603,23,-28,0
7197,0,0,550,0,454,924,-118,603,23,-28,0
7201,0,0,551,0,454,924,-118,602,23,-28,0
7205,0,0,551,0,455,925,-118,601,23,-28,0
7209,0,0,551,0,455,925,-118,601,23,-28,0
7213,0,0,550,0,455,926,-119,602,23,-28,0
7217,0,0,550,0,456,926,-118,602,23,-28,0
7221,0,0,551,0,456,927,-119,602,23,-29,0
7225,0,0,551,0,456,927,-119,604,23,-29,0
7229,0,0,551,0,457,928,-119,604,23,-29,0
7233,0,0,551,0,457,929,-119,604,23,-29,0
7237,0,0,552,0,457,929,-119,606,23,-29,0
7241,0,0,551,0,458,930,-119,605,23,-29,0
7245,0,0,553,0,458,930,-119,602,23,-29,0
7249,0,0,555,0,459,931,-119,601,23,-29,0
7253,0,0,555,0,459,931,-119,601,23,-29,0
7257,0,0,555,0,460,932,-119,599,23,-29,0
7261,0,0,556,0,460,933,-119,598,23,-29,0
7265,0,0,557,0,461,933,-119,597,23,-29,0
7269,0,0,557,0,461,934,-119,598,23,-29,0
7273,0,0,557,0,461,935,-119,599,23,-29,0
7277,0,0,557,0,462,935,-119,600,23,-29,0
7281,0,0,558,0,462,936,-119,600,23,-29,0
7285,0,0,559,0,463,937,-119,601,23,-29,0
7289,0,0,559,0,463,937,-119,599,23,-29,0
7293,0,0,559,0,464,938,-119,598,23,-29,0
7297,0,0,559,0,464,939,-120,598,23,-29,0
7301,0,0,560,0,465,940,-120,596,23,-29,0
7305,0,0,560,0,465,940,-120,594,23,-29,0
7309,0,0,561,0,466,941,-120,590,23,-29,0
7313,0,0,561,0,467,942,-120,590,23,-29,0
7317,0,0,562,0,467,943,-120,592,23,-29,0
7321,0,0,562,0,467,944,-120,591,23,-29,0
7325,0,0,561,0,468,944,-120,590,22,-29,0
7329,0,0,562,0,469,945,-120,592,22,-29,0
7333,0,0,563,0,469,946,-120,593,22,-30,0
7337,0,0,563,0,469,947,-120,593,22,-30,0
7341,0,0,564,0,470,948,-120,592,22,-30,0
7345,0,0,564,0,470,949,-120,593,22,-30,0
7349,0,0,564,0,471,949,-120,594,22,-30,0
7353,0,0,565,0,471,950,-121,591,22,-30,0
7357,0,0,565,0,472,951,-121,590,22,-30,0
7361,0,0,566,0,472,952,-121,589,22,-30,0
7365,0,0,567,0,473,953,-121,589,22,-30,0
7369,0,0,566,0,473,954,-121,589,22,-30,0
7373,0,0,567,0,473,955,-121,590,22,-30,0
7377,0,0,568,0,474,956,-121,591,22,-30,0
7381,0,0,568,0,474,957,-122,592,22,-30,0
7385,0,0,568,0,475,958,-122,594,22,-30,0
7389,0,0,568,0,475,959,-122,594,22,-30,0
7393,0,0,569,0,475,960,-122,593,22,-30,0
7397,0,0,568,0,476,961,-122,594,22,-30,0
7401,0,0,569,0,476,962,-123,593,22,-30,0
7405,0,0,570,0,477,963,-123,593,22,-30,0
7409,0,0,570,0,477,964,-123,592,22,-30,0
7413,0,0,570,0,477,965,-123,592,22,-30,0
7417,0,0,571,0,478,966,-123,595,22,-30,0
7421,0,0,572,0,478,967,-123,598,22,-30,0
7425,0,0,573,0,479,968,-124,599,22,-30,0
7429,0,0,575,0,479,969,-124,598,22,-31,0
7433,0,0,576,0,479,970,-124,596,22,-31,0
7437,0,0,576,0,479,971,-124,596,22,-31,0
7441,0,0,576,0,480,973,-124,595,22,-31,0
7445,0,0,577,0,480,974,-124,593,22,-31,0
7449,0,0,577,0,481,975,-125,586,22,-31,0
7453,0,0,578,0,481,976,-125,586,22,-31,0
7457,0,0,577,0,481,977,-125,587,22,-31,0
7461,0,0,578,0,482,978,-125,586,22,-31,0
7465,0,0,579,0,482,979,-125,586,22,-31,0
7469,0,0,579,0,482,980,-126,590,22,-31,0
7473,0,0,581,0,483,981,-126,593,21,-31,0
7477,0,0,580,0,483,983,-126,595,21,-31,0
7481,0,0,580,0,483,984,-126,597,21,-31,0
7485,0,0,579,0,483,985,-127,597,21,-31,0
7489,0,0,579,0,483,986,-127,600,21,-31,0
7493,0,0,579,0,484,987,-127,600,21,-31,0
7497,0,0,579,0,484,989,-127,599,21,-31,0
7501,0,0,579,0,484,990,-128,593,21,-31,0
7505,0,0,580,0,484,991,-128,592,21,-31,0
7509,0,0,580,0,485,992,-128,592,21,-31,0
7513,0,0,581,0,485,993,-128,590,21,-31,0
7517,0,0,581,0,485,995,-128,589,21,-31,0
7521,0,0,581,0,485,996,-129,590,21,-31,0
7525,0,0,582,0,485,997,-129,594,21,-31,0
7529,0,0,581,0,485,998,-129,595,21,-32,0
7533,0,0,582,0,486,999,-129,596,21,-32,0
7537,0,0,582,0,486,1000,-130,596,21,-32,0
7541,0,0,582,0,486,1001,-130,596,21,-32,0
7545,0,0,582,0,486,1003,-130,598,21,-32,0
7549,0,0,582,0,486,1004,-131,599,21,-32,0
7553,0,0,582,0,486,1005,-131,600,21,-32,0
7557,0,0,582,0,486,1006,-131,599,21,-32,0
7561,0,0,582,0,486,1007,-131,599,21,-32,0
7565,0,0,582,0,486,1009,-132,598,21,-32,0
7569,0,0,582,0,486,1010,-132,596,21,-32,0
7573,0,0,580,0,486,1011,-132,597,21,-32,0
7577,0,0,581,0,486,1012,-133,599,21,-32,0
7581,0,0,581,0,486,1013,-133,599,21,-32,0
7585,0,0,581,0,486,1014,-133,601,21,-32,0
7589,0,0,580,0,486,1015,-133,602,21,-32,0
7593,0,0,581,0,486,1017,-134,602,21,-32,0
7597,0,0,580,0,486,1018,-134,604,21,-32,0
7601,0,0,579,0,486,1019,-134,604,21,-32,0
7605,0,0,578,0,486,1020,-135,604,20,-32,0
7609,0,0,577,0,486,1021,-135,604,20,-32,0
7613,0,0,576,0,486,1022,-135,603,20,-32,0
7617,0,0,575,0,486,1023,-135,602,20,-32,0
7621,0,0,574,0,486,1025,-136,599,20,-32,0
7625,0,0,574,0,486,1026,-136,599,20,-32,0
7629,0,0,574,0,486,1027,-136,601,20,-32,0
7633,0,0,573,0,486,1028,-137,602,20,-32,0
7637,0,0,571,0,486,1029,-137,602,20,-32,0
7641,0,0,571,0,486,1030,-137,602,20,-32,0
7645,0,0,571,0,486,1031,-137,603,20,-32,0
7649,0,0,569,0,486,1032,-138,603,20,-32,0
7653,0,0,568,0,486,1034,-138,601,20,-32,0
7657,0,0,568,0,486,1035,-138,600,20,-32,0
7661,0,0,567,0,486,1036,-138,598,20,-32,0
7665,0,0,565,0,486,1037,-139,598,20,-33,0
7669,0,0,565,0,486,1038,-139,600,20,-33,0
7673,0,0,563,0,486,1039,-139,600,20,-33,0
7677,0,0,562,0,486,1040,-140,602,20,-33,0
7681,0,0,562,0,486,1041,-140,603,20,-33,0
7685,0,0,561,0,487,1042,-140,604,20,-33,0
7689,0,0,561,0,487,1043,-140,605,20,-33,0
7693,0,0,561,0,487,1044,-140,607,20,-33,0
7697,0,0,560,0,487,1045,-141,607,20,-33,0
7701,0,0,560,0,487,1046,-141,606,20,-33,0
7705,0,0,559,0,487,1047,-141,606,20,-33,0
7709,0,0,558,0,487,1048,-141,605,20,-33,0
7713,0,0,557,0,487,1049,-142,604,20,-33,0
7717,0,0,556,0,487,1050,-142,600,20,-33,0
7721,0,0,555,0,487,1051,-142,598,20,-33,0
7725,0,0,555,0,487,1052,-142,594,20,-33,0
7729,0,0,554,0,488,1053,-142,593,20,-33,0
7733,0,0,553,0,488,1054,-142,592,20,-33,0
7737,0,0,554,0,488,1054,-143,594,20,-33,0
7741,0,0,554,0,488,1055,-143,595,19,-33,0
7745,0,0,553,0,488,1056,-143,598,19,-33,0
7749,0,0,554,0,489,1057,-143,604,19,-33,0
7753,0,0,553,0,489,1058,-144,607,19,-33,0
7757,0,0,554,0,489,1059,-144,609,19,-33,0
7761,0,0,554,0,489,1060,-144,611,19,-33,0
7765,0,0,553,0,489,1061,-144,611,19,-33,0
7769,0,0,552,0,489,1061,-144,610,19,-33,0
7773,0,0,551,0,489,1062,-145,608,19,-33,0
7777,0,0,551,0,490,1063,-145,604,19,-33,0
7781,0,0,550,0,490,1064,-145,600,19,-33,0
7785,0,0,550,0,490,1065,-145,597,19,-33,0
7789,0,0,550,0,491,1066,-145,592,19,-33,0
7793,0,0,548,0,491,1067,-145,591,19,-33,0
7797,0,0,548,0,491,1067,-145,589,19,-33,0
7801,0,0,547,0,491,1068,-146,590,19,-33,0
7805,0,0,547,0,492,1069,-146,591,19,-33,0
7809,0,0,547,0,492,1070,-146,594,19,-33,0
7813,0,0,547,0,492,1071,-146,599,19,-33,0
7817,0,0,549,0,493,1071,-146,600,19,-33,0
7821,0,0,548,0,493,1072,-146,604,19,-33,0
7825,0,0,548,0,493,1073,-146,605,19,-33,0
7829,0,0,548,0,493,1073,-146,605,19,-33,0
7833,0,0,547,0,493,1074,-147,606,19,-33,0
7837,0,0,547,0,494,1075,-147,606,19,-34,0
7841,0,0,547,0,494,1076,-147,606,19,-34,0
7845,0,0,547,0,494,1076,-147,604,19,-34,0
7849,0,0,548,0,494,1077,-147,603,19,-34,0
7853,0,0,548,0,495,1078,-147,601,19,-34,0
7857,0,0,548,0,495,1079,-147,600,19,-34,0
7861,0,0,549,0,495,1079,-147,600,19,-34,0
7865,0,0,549,0,495,1080,-148,599,19,-34,0
7869,0,0,549,0,496,1081,-148,599,18,-34,0
7873,0,0,550,0,496,1081,-148,599,18,-34,0
7877,0,0,551,0,496,1082,-148,600,18,-34,0
7881,0,0,552,0,497,1083,-148,601,18,-34,0
7885,0,0,551,0,497,1083,-148,603,18,-34,0
7889,0,0,551,0,497,1084,-148,603,18,-34,0
7893,0,0,550,0,497,1085,-148,603,18,-34,0
7897,0,0,551,0,498,1085,-148,602,18,-34,0
7901,0,0,551,0,498,1086,-148,601,18,-34,0
7905,0,0,551,0,498,1087,-149,601,18,-34,0
7909,0,0,550,0,498,1088,-149,598,18,-34,0
7913,0,0,549,0,499,1088,-149,597,18,-34,0
7917,0,0,549,0,499,1089,-149,598,18,-34,0
7921,0,0,547,0,499,1090,-149,599,18,-34,0
7925,0,0,546,0,499,1090,-149,598,18,-34,0
7929,0,0,546,0,499,1091,-149,598,18,-34,0
7933,0,0,544,0,500,1091,-149,600,18,-34,0
7937,0,0,544,0,500,1092,-149,603,18,-34,0
7941,0,0,543,0,500,1093,-149,607,18,-34,0
7945,0,0,542,0,500,1093,-150,606,18,-34,0
7949,0,0,541,0,501,1094,-149,606,18,-34,0
7953,0,0,539,0,501,1094,-150,607,18,-34,0
7957,0,0,540,0,501,1095,-150,607,18,-34,0
7961,0,0,539,0,501,1095,-150,606,18,-34,0
7965,0,0,537,0,501,1095,-150,605,18,-34,0
7969,0,0,537,0,502,1096,-150,604,18,-34,0
7973,0,0,538,0,502,1097,-150,605,18,-34,0
7977,0,0,538,0,502,1097,-150,605,18,-34,0
7981,0,0,538,0,503,1097,-150,605,18,-34,0
7985,0,0,538,0,503,1098,-150,604,18,-34,0
7989,0,0,539,0,503,1098,-150,606,18,-34,0
7993,0,0,539,0,503,1099,-150,607,18,-34,0
7997,0,0,539,0,503,1099,-150,607,18,-34,0
8001,0,0,539,0,504,1099,-150,607,18,-34,0
8005,0,0,540,0,504,1100,-150,610,18,-34,0
8009,0,0,540,0,504,1100,-150,609,18,-34,0
8013,0,0,541,0,505,1101,-150,607,18,-34,0
8017,0,0,541,0,505,1101,-150,606,18,-34,0
8021,0,0,541,0,505,1101,-150,607,18,-34,0
8025,0,0,541,0,505,1102,-151,605,18,-34,0
8029,0,0,541,0,506,1102,-150,605,18,-34,0
8033,0,0,541,0,506,1103,-151,604,17,-34,0
8037,0,0,542,0,506,1103,-151,605,17,-34,0
8041,0,0,542,0,507,1103,-150,605,17,-34,0
8045,0,0,543,0,507,1104,-151,606,17,-34,0
8049,0,0,543,0,507,1104,-151,606,17,-34,0
8053,0,0,543,0,507,1104,-151,608,17,-34,0
8057,0,0,543,0,508,1105,-151,608,17,-34,0
8061,0,0,543,0,508,1105,-151,608,17,-34,0
8065,0,0,543,0,508,1106,-151,607,17,-34,0
8069,0,0,545,0,509,1106,-151,607,17,-34,0
8073,0,0,545,0,509,1106,-151,607,17,-34,0
8077,0,0,546,0,509,1107,-151,606,17,-34,0
8081,0,0,546,0,509,1107,-151,605,17,-34,0
8085,0,0,548,0,509,1108,-151,605,17,-34,0
8089,0,0,548,0,510,1108,-151,605,17,-34,0
8093,0,0,549,0,510,1109,-151,604,17,-34,0
8097,0,0,550,0,510,1109,-151,604,17,-34,0
8101,0,0,551,0,511,1109,-151,601,17,-34,0
8105,0,0,551,0,511,1110,-151,602,17,-34,0
8109,0,0,552,0,511,1110,-151,603,17,-34,0
8113,0,0,553,0,511,1111,-151,604,17,-34,0
8117,0,0,553,0,512,1111,-151,604,17,-34,0
8121,0,0,554,0,512,1112,-151,605,17,-34,0
8125,0,0,555,0,512,1112,-151,605,17,-34,0
8129,0,0,555,0,512,1113,-152,604,17,-35,0
8133,0,0,555,0,513,1113,-151,603,17,-35,0
8137,0,0,555,0,513,1114,-152,603,17,-35,0
8141,0,0,556,0,513,1115,-152,603,17,-35,0
8145,0,0,556,0,513,1115,-152,603,17,-35,0
8149,0,0,558,0,513,1116,-152,603,17,-35,0
8153,0,0,556,0,514,1116,-152,601,17,-35,0
8157,0,0,556,0,514,1117,-152,601,17,-35,0
8161,0,0,556,0,514,1117,-152,601,17,-35,0
8165,0,0,556,0,514,1118,-152,600,17,-35,0
8169,0,0,556,0,514,1119,-153,602,17,-35,0
8173,0,0,557,0,515,1119,-152,601,17,-35,0
8177,0,0,556,0,515,1120,-153,600,17,-35,0
8181,0,0,556,0,515,1120,-153,600,17,-35,0
8185,0,0,556,0,515,1121,-153,599,17,-35,0
8189,0,0,555,0,515,1122,-153,599,17,-35,0
8193,0,0,555,0,515,1122,-153,599,17,-35,0
8197,0,0,556,0,516,1123,-153,598,17,-35,0
8201,0,0,556,0,516,1124,-153,596,17,-35,0
8205,0,0,556,0,516,1124,-153,598,17,-35,0
8209,0,0,558,0,516,1125,-154,597,16,-35,0
8213,0,0,559,0,516,1126,-154,597,16,-35,0
8217,0,0,559,0,517,1126,-154,597,16,-35,0
8221,0,0,560,0,517,1127,-154,599,16,-35,0
8225,0,0,560,0,517,1127,-154,601,16,-35,0
8229,0,0,561,0,517,1128,-154,603,16,-35,0
8233,0,0,562,0,517,1129,-154,603,16,-35,0
8237,0,0,562,0,517,1130,-154,604,16,-35,0
8241,0,0,562,0,517,1130,-155,604,16,-35,0
8245,0,0,563,0,517,1131,-155,603,16,-35,0
8249,0,0,563,0,517,1132,-155,599,16,-35,0
8253,0,0,562,0,517,1132,-155,599,16,-35,0
8257,0,0,562,0,517,1133,-155,598,16,-35,0
8261,0,0,562,0,518,1134,-155,595,16,-35,0
8265,0,0,562,0,518,1134,-155,594,16,-35,0
8269,0,0,562,0,518,1135,-156,595,16,-35,0
8273,0,0,561,0,518,1136,-156,597,16,-35,0
8277,0,0,560,0,518,1137,-156,597,16,-35,0
8281,0,0,559,0,518,1137,-156,601,16,-35,0
8285,0,0,558,0,518,1138,-156,602,16,-35,0
8289,0,0,558,0,518,1139,-157,604,16,-35,0
8293,0,0,557,0,518,1139,-157,605,16,-35,0
8297,0,0,556,0,518,1140,-157,604,16,-35,0
8301,0,0,557,0,518,1141,-157,603,16,-35,0
8305,0,0,557,0,518,1142,-157,599,16,-35,0
8309,0,0,558,0,518,1142,-157,598,16,-35,0
8313,0,0,560,0,518,1143,-158,619,16,-35,0
8317,0,0,560,0,518,1143,-158,628,16,-35,0
8321,0,0,561,0,518,1144,-158,627,16,-35,0
8325,0,0,562,0,518,1145,-158,620,16,-35,0
8329,0,0,565,0,518,1145,-158,617,16,-35,0
8333,0,0,564,0,518,1145,-158,605,16,-35,0
8337,0,0,564,0,519,1146,-158,594,16,-35,0
8341,0,0,565,0,519,1146,-158,585,16,-35,0
8345,0,0,565,0,519,1147,-158,580,16,-35,0
8349,0,0,565,0,519,1147,-158,581,16,-35,0
8353,0,0,565,0,519,1147,-158,583,16,-35,0
8357,0,0,565,0,519,1147,-158,589,16,-35,0
8361,0,0,565,0,519,1147,-158,593,16,-35,0
8365,0,0,564,0,519,1147,-158,597,16,-35,0
8369,0,0,564,0,519,1147,-158,597,16,-35,0
8373,0,0,563,0,519,1147,-158,598,16,-35,0
8377,0,0,562,0,519,1147,-158,596,16,-35,0
8381,0,0,561,0,519,1147,-158,592,16,-35,0
8385,0,0,560,0,519,1147,-158,592,16,-35,0
8389,0,0,557,0,518,1147,-159,589,16,-35,0
8393,0,0,557,0,518,1147,-159,585,16,-35,0
8397,0,0,556,0,517,1147,-159,581,16,-35,0
8401,0,0,556,0,517,1146,-159,580,16,-35,0
8405,0,0,557,0,517,1146,-159,579,16,-35,0
8409,0,0,558,0,516,1146,-159,584,16,-35,0
8413,0,0,559,0,515,1145,-159,585,16,-35,0
8417,0,0,559,0,515,1145,-159,587,16,-35,0
8421,0,0,559,0,514,1144,-159,587,16,-35,0
8425,0,0,561,0,513,1144,-159,589,16,-35,0
8429,0,0,559,0,512,1143,-159,589,16,-35,0
8433,0,0,559,0,511,1142,-159,594,16,-35,0
8437,0,0,558,0,510,1142,-159,602,16,-35,0
8441,0,0,558,0,509,1141,-159,618,16,-35,0
8445,0,0,557,0,508,1140,-159,626,16,-35,0
8449,0,0,557,0,507,1139,-159,639,16,-35,0
8453,0,0,554,0,506,1137,-159,647,16,-35,0
8457,0,0,552,0,504,1136,-159,656,16,-35,0
8461,0,0,547,0,503,1135,-159,663,17,-35,0
8465,0,0,544,0,502,1134,-159,660,17,-35,0
8469,0,0,543,0,501,1133,-159,658,17,-35,0
8473,0,0,539,0,499,1132,-160,657,17,-35,0
8477,0,0,538,0,498,1131,-160,655,17,-35,0
8481,0,0,537,0,497,1129,-160,649,17,-35,0
8485,0,0,536,0,495,1128,-159,647,17,-35,0
8489,0,0,536,0,494,1127,-159,647,17,-35,0
8493,0,0,534,0,493,1126,-160,654,17,-35,0
8497,0,0,533,0,492,1125,-160,657,17,-35,0
8501,0,0,532,0,491,1124,-160,661,17,-34,0
8505,0,0,532,0,489,1123,-160,666,17,-34,0
8509,0,0,530,0,488,1122,-160,671,18,-34,0
8513,0,0,531,0,487,1121,-160,679,18,-34,0
8517,0,0,531,0,486,1119,-160,679,18,-34,0
8521,0,0,531,0,485,1118,-160,679,18,-34,0
8525,0,0,531,0,484,1117,-160,683,18,-34,0
8529,0,0,532,0,483,1117,-160,679,18,-34,0
8533,0,0,532,0,483,1116,-160,675,18,-34,0
8537,0,0,532,0,482,1115,-160,677,18,-34,0
8541,0,0,533,0,481,1114,-160,679,18,-34,0
8545,0,0,533,0,481,1114,-160,671,18,-34,0
8549,0,0,536,0,481,1113,-159,668,18,-34,0
8553,0,0,537,0,480,1113,-160,663,18,-34,0
8557,0,0,540,0,480,1113,-160,654,18,-34,0
8561,0,0,545,0,480,1112,-159,645,18,-34,0
8565,0,0,548,0,480,1112,-159,631,18,-34,0
8569,0,0,552,0,480,1112,-159,602,18,-34,0
8573,0,0,553,0,480,1112,-159,586,18,-34,0
8577,0,0,552,0,481,1112,-159,584,18,-34,0
8581,0,0,550,0,481,1112,-159,580,18,-34,0
8585,0,0,549,0,481,1112,-159,577,18,-34,0
8589,0,0,548,0,481,1113,-159,585,18,-34,0
8593,0,0,546,0,481,1113,-159,592,18,-34,0
8597,0,0,544,0,482,1113,-159,597,18,-34,0
8601,0,0,544,0,482,1113,-159,607,18,-34,0
8605,0,0,544,0,482,1114,-159,614,18,-34,0
8609,0,0,544,0,483,1114,-159,616,18,-34,0
8613,0,0,544,0,483,1114,-159,614,18,-34,0
8617,0,0,542,0,484,1115,-159,613,18,-34,0
8621,0,0,541,0,484,1115,-159,610,18,-34,0
8625,0,0,538,0,485,1116,-159,605,18,-34,0
8629,0,0,538,0,486,1117,-159,599,18,-34,0
8633,0,0,537,0,487,1117,-159,595,18,-34,0
8637,0,0,537,0,487,1118,-159,588,18,-34,0
8641,0,0,537,0,488,1119,-159,571,18,-34,0
8645,0,0,535,0,489,1120,-159,561,18,-34,0
8649,0,0,535,0,490,1121,-159,551,18,-34,0
8653,0,0,534,0,491,1122,-159,542,17,-34,0
8657,0,0,533,0,491,1123,-159,544,17,-34,0
8661,0,0,532,0,493,1124,-159,546,17,-35,0
8665,0,0,533,0,493,1125,-159,551,17,-35,0
8669,0,0,532,0,495,1126,-159,555,17,-35,0
8673,0,0,533,0,495,1127,-159,566,17,-35,0
8677,0,0,534,0,497,1128,-159,571,17,-35,0
8681,0,0,536,0,497,1129,-159,576,17,-35,0
8685,0,0,536,0,498,1130,-159,581,17,-35,0
8689,0,0,535,0,499,1131,-159,582,17,-35,0
8693,0,0,535,0,501,1132,-159,583,17,-35,0
8697,0,0,535,0,501,1133,-159,580,17,-35,0
8701,0,0,536,0,503,1134,-159,577,17,-35,0
8705,0,0,535,0,504,1135,-159,565,17,-35,0
8709,0,0,536,0,505,1136,-159,559,16,-35,0
8713,0,0,536,0,506,1137,-159,556,16,-35,0
8717,0,0,537,0,507,1139,-159,551,16,-35,0
8721,0,0,538,0,509,1140,-159,548,16,-35,0
8725,0,0,539,0,510,1141,-159,547,16,-35,0
8729,0,0,542,0,511,1142,-159,548,16,-35,0
8733,0,0,543,0,512,1143,-159,550,16,-35,0
8737,0,0,544,0,513,1144,-159,552,16,-35,0
8741,0,0,546,0,514,1145,-159,560,16,-35,0
8745,0,0,548,0,515,1146,-159,576,16,-35,0
8749,0,0,549,0,517,1147,-159,611,16,-35,0
8753,0,0,551,0,518,1148,-159,611,16,-35,0
8757,0,0,551,0,519,1149,-159,606,16,-35,0
8761,0,0,553,0,520,1150,-159,598,16,-35,0
8765,0,0,555,0,521,1151,-159,588,15,-35,0
8769,0,0,556,0,522,1152,-159,564,15,-35,0
8773,0,0,558,0,523,1153,-159,555,15,-35,0
8777,0,0,560,0,525,1153,-158,549,15,-35,0
8781,0,0,560,0,526,1154,-158,549,15,-35,0
8785,0,0,563,0,527,1155,-158,547,15,-35,0
8789,0,0,565,0,528,1156,-158,549,15,-35,0
8793,0,0,570,0,529,1156,-158,561,15,-35,0
8797,0,0,571,0,530,1157,-158,566,15,-35,0
8801,0,0,574,0,531,1157,-158,571,15,-35,0
8805,0,0,577,0,532,1158,-158,580,15,-35,0
8809,0,0,579,0,533,1158,-158,581,15,-35,0
8813,0,0,580,0,534,1158,-157,575,15,-35,0
8817,0,0,582,0,534,1158,-157,573,15,-35,0
8821,0,0,582,0,535,1158,-157,573,15,-35,0
8825,0,0,582,0,535,1159,-157,567,15,-35,0
8829,0,0,581,0,536,1159,-157,560,15,-36,0
8833,0,0,581,0,537,1159,-157,554,15,-36,0
8837,0,0,580,0,537,1159,-157,559,15,-36,0
8841,0,0,578,0,537,1158,-157,561,15,-36,0
8845,0,0,579,0,537,1158,-157,559,15,-36,0
8849,0,0,578,0,537,1158,-157,559,15,-36,0
8853,0,0,578,0,537,1158,-157,562,15,-36,0
8857,0,0,577,0,536,1157,-157,566,15,-35,0
8861,0,0,577,0,535,1157,-157,567,15,-35,0
8865,0,0,576,0,535,1156,-157,567,15,-35,0
8869,0,0,575,0,534,1155,-157,574,15,-35,0
8873,0,0,574,0,533,1155,-157,587,15,-35,0
8877,0,0,572,0,532,1153,-157,602,15,-35,0
8881,0,0,569,0,531,1153,-157,613,15,-35,0
8885,0,0,566,0,530,1151,-157,632,15,-35,0
8889,0,0,562,0,529,1150,-157,663,15,-35,0
8893,0,0,560,0,527,1149,-157,667,15,-35,0
8897,0,0,558,0,526,1148,-157,676,15,-35,0
8901,0,0,556,0,525,1146,-157,684,15,-35,0
8905,0,0,555,0,523,1145,-157,684,16,-35,0
8909,0,0,554,0,521,1144,-157,679,16,-35,0
8913,0,0,551,0,520,1143,-157,676,16,-35,0
8917,0,0,549,0,519,1141,-157,676,16,-35,0
8921,0,0,546,0,517,1140,-157,674,16,-35,0
8925,0,0,546,0,515,1139,-157,671,16,-35,0
8929,0,0,544,0,514,1137,-157,668,16,-35,0
8933,0,0,543,0,513,1136,-157,666,16,-35,0
8937,0,0,540,0,511,1135,-157,663,16,-35,0
8941,0,0,540,0,510,1134,-157,671,16,-35,0
8945,0,0,535,0,508,1133,-158,671,16,-35,0
8949,0,0,531,0,507,1131,-157,672,17,-35,0
8953,0,0,524,0,505,1130,-158,677,17,-35,0
8957,0,0,521,0,504,1129,-158,681,17,-35,0
8961,0,0,519,0,503,1127,-158,686,17,-35,0
8965,0,0,515,0,501,1126,-158,698,17,-35,0
8969,0,0,515,0,500,1125,-158,701,17,-35,0
8973,0,0,513,0,499,1124,-158,695,17,-35,0
8977,0,0,512,0,498,1123,-158,690,17,-35,0
8981,0,0,513,0,497,1122,-158,687,17,-34,0
8985,0,0,510,0,497,1121,-157,684,17,-34,0
8989,0,0,509,0,496,1120,-157,684,17,-34,0
8993,0,0,508,0,495,1119,-157,681,17,-34,0
8997,0,0,505,0,495,1118,-157,668,17,-34,0
9001,0,0,504,0,495,1118,-157,664,17,-34,0
9005,0,0,504,0,494,1117,-157,658,17,-34,0
9009,0,0,501,0,494,1116,-157,658,18,-34,0
9013,0,0,501,0,495,1116,-157,651,17,-34,0
9017,0,0,499,0,495,1115,-156,639,18,-34,0
9021,0,0,496,0,495,1115,-156,632,18,-34,0
9025,0,0,496,0,495,1115,-156,623,18,-34,0
9029,0,0,498,0,496,1115,-156,595,17,-34,0
9033,0,0,500,0,497,1114,-156,586,17,-34,0
9037,0,0,502,0,497,1114,-156,578,17,-34,0
9041,0,0,508,0,498,1114,-155,577,17,-34,0
9045,0,0,512,0,499,1114,-155,577,17,-34,0
9049,0,0,516,0,500,1114,-155,580,17,-34,0
9053,0,0,518,0,501,1114,-155,580,17,-34,0
9057,0,0,520,0,501,1114,-155,574,17,-34,0
9061,0,0,524,0,502,1114,-154,565,17,-34,0
9065,0,0,524,0,503,1114,-154,560,17,-34,0
9069,0,0,525,0,503,1114,-154,553,17,-34,0
9073,0,0,527,0,504,1114,-154,552,17,-34,0
9077,0,0,527,0,505,1114,-154,552,17,-34,0
9081,0,0,528,0,505,1114,-154,555,17,-34,0
9085,0,0,528,0,506,1114,-153,559,17,-35,0
9089,0,0,528,0,507,1114,-153,559,17,-35,0
9093,0,0,528,0,507,1114,-153,564,17,-35,0
9097,0,0,528,0,507,1114,-153,564,17,-35,0
9101,0,0,528,0,508,1114,-153,566,17,-35,0
9105,0,0,528,0,508,1114,-153,568,17,-35,0
9109,0,0,528,0,508,1114,-153,571,17,-35,0
9113,0,0,528,0,509,1113,-153,574,17,-35,0
9117,0,0,526,0,509,1113,-152,575,17,-35,0
9121,0,0,526,0,509,1113,-152,573,17,-35,0
9125,0,0,526,0,509,1113,-152,565,17,-35,0
9129,0,0,527,0,509,1113,-152,561,17,-35,0
9133,0,0,527,0,509,1112,-152,551,17,-35,0
9137,0,0,527,0,509,1112,-152,547,17,-35,0
9141,0,0,527,0,509,1111,-152,544,17,-35,0
9145,0,0,526,0,508,1111,-152,544,17,-34,0
9149,0,0,525,0,508,1110,-152,552,17,-34,0
9153,0,0,526,0,507,1110,-152,563,17,-34,0
9157,0,0,523,0,507,1109,-152,579,17,-34,0
9161,0,0,521,0,506,1108,-152,582,17,-34,0
9165,0,0,521,0,505,1107,-152,594,17,-34,0
9169,0,0,519,0,505,1107,-152,602,17,-34,0
9173,0,0,518,0,504,1105,-152,608,17,-34,0
9177,0,0,516,0,503,1105,-152,611,18,-34,0
9181,0,0,514,0,502,1103,-152,615,18,-34,0
9185,0,0,513,0,501,1102,-152,615,18,-34,0
9189,0,0,509,0,500,1101,-152,626,18,-34,0
9193,0,0,509,0,499,1100,-152,631,18,-34,0
9197,0,0,508,0,498,1098,-151,632,18,-34,0
9201,0,0,508,0,497,1097,-151,629,18,-34,0
9205,0,0,508,0,496,1095,-151,627,18,-34,0
9209,0,0,512,0,495,1094,-151,614,18,-34,0
9213,0,0,514,0,493,1092,-151,607,18,-34,0
9217,0,0,516,0,492,1091,-151,604,18,-34,0
9221,0,0,521,0,491,1089,-151,603,18,-34,0
9225,0,0,523,0,490,1087,-151,602,19,-34,0
9229,0,0,526,0,488,1086,-151,604,19,-34,0
9233,0,0,529,0,487,1084,-151,606,19,-34,0
9237,0,0,529,0,485,1082,-151,609,19,-34,0
9241,0,0,529,0,483,1080,-151,617,19,-34,0
9245,0,0,528,0,482,1078,-150,621,19,-33,0
9249,0,0,531,0,480,1076,-150,622,19,-33,0
9253,0,0,532,0,478,1074,-150,620,19,-33,0
9257,0,0,534,0,476,1072,-150,619,19,-33,0
9261,0,0,537,0,473,1070,-150,626,20,-33,0
9265,0,0,543,0,471,1068,-151,634,20,-33,0
9269,0,0,547,0,469,1066,-151,641,20,-33,0
9273,0,0,553,0,466,1064,-151,649,20,-33,0
9277,0,0,563,0,464,1061,-151,652,20,-33,0
9281,0,0,568,0,461,1059,-151,655,20,-33,0
9285,0,0,580,0,459,1057,-151,660,20,-33,0
9289,0,0,585,0,456,1055,-151,661,21,-33,0
9293,0,0,591,0,454,1053,-151,664,21,-33,0
9297,0,0,600,0,451,1051,-151,670,21,-32,0
9301,0,0,604,0,448,1048,-151,672,21,-32,0
9305,0,0,608,0,446,1046,-151,673,21,-32,0
9309,0,0,615,0,443,1044,-152,671,21,-32,0
9313,0,0,617,0,440,1041,-152,670,22,-32,0
9317,0,0,622,0,437,1039,-152,671,22,-32,0
9321,0,0,624,0,434,1037,-152,668,22,-32,0
9325,0,0,627,0,431,1035,-152,665,22,-32,0
9329,0,0,630,0,428,1033,-152,665,22,-32,0
9333,0,0,632,0,425,1031,-153,664,22,-32,0
9337,0,0,635,0,422,1029,-153,662,22,-32,0
9341,0,0,636,0,419,1027,-153,660,23,-32,0
9345,0,0,638,0,416,1025,-153,657,23,-32,0
9349,0,0,640,0,413,1023,-154,655,23,-31,0
9353,0,0,641,0,410,1020,-154,651,23,-31,0
9357,0,0,643,0,407,1018,-154,645,23,-31,0
9361,0,0,646,0,404,1016,-154,638,24,-31,0
9365,0,0,646,0,401,1014,-155,634,24,-31,0
9369,0,0,647,0,398,1012,-155,621,24,-31,0
9373,0,0,647,0,395,1010,-155,616,24,-31,0
9377,0,0,647,0,391,1007,-155,611,24,-31,0
9381,0,0,647,0,389,1005,-155,593,24,-31,0
9385,0,0,647,0,385,1002,-156,590,25,-31,0
9389,0,0,647,0,382,1000,-156,579,25,-31,0
9393,0,0,647,0,379,997,-156,575,25,-31,0
9397,0,0,647,0,376,995,-156,569,25,-30,0
9401,0,0,648,0,373,992,-156,551,25,-30,0
9405,0,0,649,0,370,989,-156,544,25,-30,0
9409,0,0,650,0,366,987,-156,539,26,-30,0
9413,0,0,652,0,363,984,-157,526,26,-30,0
9417,0,0,653,0,360,981,-157,511,26,-30,0
9421,0,0,654,0,357,978,-157,504,26,-30,0
9425,0,0,656,0,354,975,-157,495,26,-30,0
9429,0,0,657,0,351,972,-157,490,27,-30,0
9433,0,0,659,0,347,969,-157,479,27,-30,0
9437,0,0,658,0,344,967,-157,473,27,-30,0
9441,0,0,658,0,341,964,-157,468,27,-30,0
9445,0,0,654,0,337,961,-157,461,27,-29,0
9449,0,0,650,0,334,958,-157,450,28,-29,0
9453,0,0,648,0,331,955,-157,456,28,-29,0
9457,0,0,639,0,328,952,-157,448,28,-29,0
9461,0,0,634,0,325,949,-157,449,28,-29,0
9465,0,0,623,0,321,945,-157,444,29,-29,0
9469,0,0,619,0,318,943,-157,438,29,-29,0
9473,0,0,615,0,315,939,-158,445,29,-29,0
9477,0,0,608,0,311,936,-158,448,29,-29,0
9481,0,0,606,0,308,933,-157,445,29,-29,0
9485,0,0,604,0,305,930,-158,451,30,-29,0
9489,0,0,600,0,302,927,-158,451,30,-29,0
9493,0,0,600,0,298,924,-158,453,30,-28,0
9497,0,0,595,0,295,921,-158,448,30,-28,0
9501,0,0,594,0,292,917,-158,455,30,-28,0
9505,0,0,593,0,289,914,-158,461,31,-28,0
9509,0,0,591,0,285,911,-158,463,31,-28,0
9513,0,0,591,0,282,908,-158,467,31,-28,0
9517,0,0,589,0,279,905,-158,464,31,-28,0
9521,0,0,588,0,275,902,-158,467,31,-28,0
9525,0,0,587,0,272,899,-158,469,32,-28,0
9529,0,0,586,0,269,895,-158,483,32,-28,0
9533,0,0,586,0,265,892,-158,482,32,-28,0
9537,0,0,585,0,262,889,-158,485,32,-27,0
9541,0,0,584,0,259,885,-158,484,33,-27,0
9545,0,0,584,0,255,882,-158,484,33,-27,0
9549,0,0,583,0,252,879,-158,496,33,-27,0
9553,0,0,582,0,249,876,-158,496,33,-27,0
9557,0,0,582,0,245,873,-158,498,33,-27,0
9561,0,0,580,0,242,869,-158,504,34,-27,0
9565,0,0,579,0,239,866,-158,506,34,-27,0
9569,0,0,577,0,235,863,-158,511,34,-27,0
9573,0,0,576,0,232,859,-158,512,34,-27,0
9577,0,0,574,0,229,856,-158,516,35,-27,0
9581,0,0,575,0,225,853,-158,518,35,-27,0
9585,0,0,574,0,222,850,-158,520,35,-26,0
9589,0,0,573,0,219,847,-158,518,35,-26,0
9593,0,0,572,0,215,843,-158,526,35,-26,0
9597,0,0,571,0,212,840,-158,528,36,-26,0
9601,0,0,571,0,209,837,-158,529,36,-26,0
9605,0,0,570,0,205,833,-158,529,36,-26,0
9609,0,0,570,0,202,830,-159,528,36,-26,0
9613,0,0,571,0,199,827,-158,530,37,-26,0
9617,0,0,569,0,195,824,-159,532,37,-26,0
9621,0,0,569,0,192,820,-159,530,37,-26,0
9625,0,0,569,0,189,817,-158,530,37,-26,0
9629,0,0,569,0,185,814,-158,526,37,-26,0
9633,0,0,569,0,182,810,-159,533,38,-25,0
9637,0,0,569,0,179,807,-158,533,38,-25,0
9641,0,0,569,0,175,804,-158,536,38,-25,0
9645,0,0,570,0,172,801,-159,534,38,-25,0
9649,0,0,569,0,169,797,-159,533,39,-25,0
9653,0,0,569,0,165,794,-159,534,39,-25,0
9657,0,0,569,0,162,791,-159,540,39,-25,0
9661,0,0,569,0,159,787,-159,537,39,-25,0
9665,0,0,569,0,155,784,-158,535,39,-25,0
9669,0,0,570,0,152,781,-159,532,40,-25,0
9673,0,0,569,0,149,777,-159,531,40,-25,0
9677,0,0,570,0,145,774,-159,535,40,-25,0
9681,0,0,571,0,142,771,-159,527,40,-24,0
9685,0,0,571,0,139,768,-159,529,41,-24,0
9689,0,0,571,0,135,764,-159,531,41,-24,0
9693,0,0,571,0,132,761,-159,527,41,-24,0
9697,0,0,572,0,129,758,-159,530,41,-24,0
9701,0,0,573,0,125,755,-159,528,41,-24,0
9705,0,0,573,0,122,751,-159,523,42,-24,0
9709,0,0,573,0,119,748,-159,528,42,-24,0
9713,0,0,574,0,115,745,-159,528,42,-24,0
9717,0,0,573,0,112,741,-159,528,42,-24,0
9721,0,0,575,0,109,738,-159,528,43,-24,0
9725,0,0,577,0,105,735,-159,528,43,-24,0
9729,0,0,575,0,102,731,-159,527,43,-23,0
9733,0,0,576,0,98,728,-159,529,43,-23,0
9737,0,0,576,0,95,725,-159,527,43,-23,0
9741,0,0,577,0,92,722,-159,529,44,-23,0
9745,0,0,576,0,88,718,-159,527,44,-23,0
9749,0,0,577,0,85,715,-159,528,44,-23,0
9753,0,0,578,0,81,712,-159,528,44,-23,0
9757,0,0,576,0,78,708,-159,530,45,-23,0
9761,0,0,578,0,75,705,-159,531,45,-23,0
9765,0,0,579,0,71,702,-159,532,45,-23,0
9769,0,0,579,0,68,699,-159,533,45,-23,0
9773,0,0,579,0,65,695,-159,531,45,-23,0
9777,0,0,579,0,61,692,-159,532,46,-22,0
9781,0,0,580,0,58,689,-159,533,46,-22,0
9785,0,0,580,0,55,685,-159,537,46,-22,0
9789,0,0,579,0,51,682,-159,536,46,-22,0
9793,0,0,580,0,48,679,-159,538,47,-22,0
9797,0,0,580,0,45,675,-159,536,47,-22,0
9801,0,0,582,0,41,672,-159,539,47,-22,0
9805,0,0,580,0,38,669,-159,545,47,-22,0
9809,0,0,581,0,34,665,-159,545,47,-22,0
9813,0,0,581,0,31,662,-159,549,48,-22,0
9817,0,0,581,0,28,659,-159,550,48,-22,0
9821,0,0,582,0,24,655,-159,551,48,-22,0
9825,0,0,582,0,21,652,-159,556,48,-21,0
9829,0,0,582,0,18,649,-159,558,49,-21,0
9833,0,0,583,0,14,645,-159,563,49,-21,0
9837,0,0,582,0,11,642,-159,566,49,-21,0
9841,0,0,583,0,7,639,-159,569,49,-21,0
9845,0,0,583,0,4,636,-159,571,49,-21,0
9849,0,0,583,0,1,632,-159,577,50,-21,0
9853,0,0,583,0,-3,629,-159,578,50,-21,0
9857,0,0,584,0,-6,626,-159,582,50,-21,0
9861,0,0,584,0,-9,622,-159,586,50,-21,0
9865,0,0,584,0,-13,619,-159,588,51,-21,0
9869,0,0,584,0,-16,616,-159,593,51,-21,0
9873,0,0,584,0,-20,613,-159,594,51,-20,0
9877,0,0,584,0,-23,609,-159,601,51,-20,0
9881,0,0,585,0,-26,606,-159,601,52,-20,0
9885,0,0,585,0,-30,603,-159,602,52,-20,0
9889,0,0,584,0,-33,599,-160,607,52,-20,0
9893,0,0,585,0,-36,596,-159,608,52,-20,0
9897,0,0,585,0,-40,593,-159,610,52,-20,0
9901,0,0,585,0,-43,589,-160,611,53,-20,0
9905,0,0,586,0,-47,586,-160,614,53,-20,0
9909,0,0,585,0,-50,583,-160,615,53,-20,0
9913,0,0,586,0,-53,579,-160,617,53,-20,0
9917,0,0,586,0,-57,576,-160,618,54,-20,0
9921,0,0,586,0,-60,573,-160,622,54,-19,0
9925,0,0,587,0,-63,569,-160,622,54,-19,0
9929,0,0,586,0,-67,566,-160,622,54,-19,0
9933,0,0,588,0,-70,563,-160,622,54,-19,0
9937,0,0,587,0,-73,560,-160,624,55,-19,0
9941,0,0,587,0,-77,556,-160,628,55,-19,0
9945,0,0,588,0,-80,553,-160,632,55,-19,0
9949,0,0,588,0,-83,550,-160,634,55,-19,0
9953,0,0,589,0,-87,546,-160,640,56,-19,0
9957,0,0,589,0,-90,543,-160,641,56,-19,0
9961,0,0,589,0,-94,540,-160,643,56,-19,0
9965,0,0,589,0,-97,537,-160,639,56,-19,0
9969,0,0,590,0,-101,533,-160,636,56,-19,0
9973,0,0,590,0,-104,530,-160,644,57,-18,0
9977,0,0,590,0,-107,527,-160,648,57,-18,0
9981,0,0,589,0,-111,523,-160,647,57,-18,0
9985,0,0,591,0,-114,520,-160,649,57,-18,0
9989,0,0,590,0,-117,517,-160,652,58,-18,0
9993,0,0,591,0,-121,513,-160,651,58,-18,0
9997,0,0,590,0,-124,510,-160,651,58,-18,0
10001,0,0,591,0,-127,507,-160,651,58,-18,0
10005,0,0,591,0,-131,503,-160,651,58,-18,0
10009,0,0,591,0,-134,500,-160,652,59,-18,0
10013,0,0,591,0,-137,497,-160,651,59,-18,0
10017,0,0,591,0,-141,494,-160,650,59,-18,0
10021,0,0,591,0,-144,490,-160,651,59,-17,0
10025,0,0,592,0,-148,487,-160,650,60,-17,0
10029,0,0,591,0,-151,484,-160,648,60,-17,0
10033,0,0,592,0,-154,480,-160,648,60,-17,0
10037,0,0,591,0,-158,477,-160,651,60,-17,0
10041,0,0,592,0,-161,474,-160,650,61,-17,0
10045,0,0,591,0,-165,471,-160,644,61,-17,0
10049,0,0,592,0,-168,468,-160,650,61,-17,0
10053,0,0,592,0,-171,465,-160,652,61,-17,0
10057,0,0,592,0,-175,461,-160,648,61,-17,0
10061,0,0,594,0,-178,458,-161,650,62,-17,0
10065,0,0,593,0,-181,455,-160,648,62,-17,0
10069,0,0,593,0,-185,452,-160,640,62,-17,0
10073,0,0,594,0,-188,449,-161,642,62,-16,0
10077,0,0,594,0,-191,446,-161,650,62,-16,0
10081,0,0,595,0,-195,443,-161,644,63,-16,0
10085,0,0,595,0,-198,440,-161,644,63,-16,0
10089,0,0,595,0,-201,437,-161,646,63,-16,0
10093,0,0,596,0,-205,434,-161,641,63,-16,0
10097,0,0,596,0,-208,431,-161,643,64,-16,0
,,,,,,,,,,,
