0,0,0,624,94,0,0,0,0,0,0,0
13,0,0,624,94,0,0,0,0,0,0,255
63,0,0,625,94,11,8,0,0,0,0,255
113,0,0,628,93,34,28,0,2,1,2,255
163,0,0,644,89,59,50,0,3,2,3,255
213,0,0,653,89,82,75,0,5,1,5,255
263,0,0,650,89,106,100,0,7,1,7,255
313,0,0,646,89,132,126,0,9,1,9,255
363,0,0,640,89,160,154,0,11,1,11,255
413,0,0,639,89,190,184,0,13,1,13,255
463,0,0,641,89,221,214,0,15,1,15,255
513,0,0,643,89,253,244,0,17,2,17,255
563,0,0,646,89,283,274,0,19,2,19,255
613,0,0,647,89,315,305,0,22,2,22,255
663,0,0,649,89,347,334,0,24,2,24,255
713,0,0,653,89,379,366,0,26,3,26,255
763,0,0,659,89,410,398,1,28,3,28,255
813,0,0,661,89,442,431,1,31,2,31,255
863,0,0,663,89,471,464,1,33,2,33,255
913,0,0,657,89,502,497,1,35,1,35,255
963,0,0,654,89,532,529,1,37,0,37,255
1013,0,0,648,89,563,562,1,40,0,40,255
1063,0,0,648,89,594,593,1,42,0,42,255
1113,0,0,643,89,626,624,1,44,0,44,255
1163,0,0,641,89,658,654,1,46,1,46,255
1213,0,0,640,89,691,684,1,49,1,49,255
1263,0,0,640,89,723,713,1,51,2,51,255
1313,0,0,641,89,756,743,1,53,3,53,255
1363,0,0,644,89,788,773,1,55,3,55,255
1413,0,0,647,89,820,805,1,58,4,58,255
1463,0,0,653,89,851,836,2,60,3,60,255
1513,0,0,653,89,881,868,2,62,3,62,255
1563,0,0,650,89,910,900,2,64,2,64,255
1613,0,0,644,89,941,932,2,66,2,66,255
1663,0,0,647,89,971,962,2,69,2,69,255
1713,0,0,643,89,1002,992,2,71,2,71,255
1763,0,0,642,89,1033,1022,2,73,3,73,255
1813,0,0,643,89,1064,1051,2,75,3,75,255
1863,0,0,637,89,1096,1079,2,77,4,77,255
1913,0,0,653,89,1128,1110,3,79,4,80,255
1963,0,0,653,89,1159,1142,3,82,4,82,255
2013,0,0,662,89,1189,1174,3,84,3,84,255
2063,0,0,656,89,1218,1206,3,86,3,86,255
2113,0,0,653,89,1249,1238,3,88,2,88,255
2163,0,0,645,89,1279,1270,3,90,2,91,255
2213,0,0,644,89,1311,1300,3,93,2,93,255
2263,0,0,642,89,1342,1330,4,95,2,95,255
2313,0,0,642,89,1373,1360,4,97,3,97,255
2363,0,0,639,89,1404,1390,4,99,3,99,255
2413,0,0,644,89,1435,1418,4,101,4,102,255
2463,0,0,649,89,1466,1447,4,104,4,104,255
2513,0,0,657,89,1496,1478,4,106,4,106,255
2563,0,0,658,89,1525,1509,4,108,4,108,255
2613,0,0,657,89,1553,1541,5,110,3,110,255
2663,0,0,649,89,1581,1571,5,112,2,112,255
2713,0,0,640,89,1610,1601,5,114,2,114,255
2763,0,0,634,89,1640,1630,5,116,2,116,255
2813,0,0,628,89,1671,1659,5,118,3,119,255
2863,0,0,632,89,1703,1687,5,121,4,121,255
2913,0,0,632,89,1736,1716,5,123,4,123,255
2963,0,0,637,89,1768,1745,5,125,5,125,255
3013,0,0,643,89,1799,1774,6,127,6,127,255
3063,0,0,649,89,1830,1803,6,129,6,129,255
3113,0,0,659,89,1861,1834,6,131,6,132,255
3163,0,0,663,89,1890,1867,6,134,5,134,255
3213,0,0,665,89,1919,1900,7,136,5,136,255
3263,0,0,658,89,1947,1932,7,138,4,138,255
3313,0,0,652,89,1976,1963,7,140,3,140,255
3363,0,0,643,89,2006,1994,7,142,3,142,255
3413,0,0,638,89,2036,2024,7,144,3,145,255
3463,0,0,640,89,2067,2052,7,147,3,147,255
3513,0,0,637,89,2098,2082,7,149,4,149,255
3563,0,0,638,89,2128,2109,8,151,4,151,255
3613,0,0,636,89,2159,2137,8,153,5,153,255
3663,0,0,644,89,2190,2164,8,155,6,155,255
3713,0,0,652,89,2221,2195,8,157,6,158,255
3763,0,0,656,89,2251,2226,9,159,6,160,255
3813,0,0,659,89,2280,2258,9,162,5,162,255
3863,0,0,656,89,2308,2290,9,164,4,164,255
3913,0,0,653,89,2337,2322,9,166,3,166,255
3963,0,0,648,89,2366,2353,9,168,3,168,255
4013,0,0,646,89,2396,2384,9,170,3,170,255
4063,0,0,640,89,2426,2413,10,172,3,173,255
4113,0,0,635,89,2458,2443,10,174,3,175,255
4163,0,0,639,89,2490,2472,10,177,4,177,255
4213,0,0,640,89,2521,2500,10,179,5,179,255
4263,0,0,640,89,2552,2528,10,181,6,181,255
4313,0,0,637,89,2584,2558,10,183,6,183,255
4363,0,0,645,89,2615,2588,11,185,7,186,255
4413,0,0,651,89,2645,2618,11,187,6,188,255
4463,0,0,652,89,2674,2649,11,189,6,190,255
4513,0,0,650,89,2703,2680,11,192,5,192,255
4563,0,0,648,89,2731,2711,12,194,5,194,255
4613,0,0,632,89,2761,2741,12,196,5,196,255
4663,0,0,643,89,2792,2769,12,198,5,198,255
4713,0,0,640,90,2824,2799,12,200,6,201,255
4763,0,0,650,90,2853,2828,12,202,6,203,255
4813,0,0,646,90,2880,2857,13,204,6,205,255
4863,0,0,647,90,2908,2884,13,206,6,207,255
4913,0,0,646,90,2936,2913,13,208,6,209,255
4963,0,0,646,90,2964,2941,13,210,5,211,255
5013,0,0,648,90,2994,2972,14,212,5,213,255
5063,0,0,647,90,3022,3002,14,214,5,215,255
5113,0,0,643,90,3052,3032,14,217,4,217,255
5163,0,0,639,90,3079,3062,14,219,4,219,255
5213,0,0,634,90,3108,3090,14,221,4,221,255
5263,0,0,631,90,3137,3118,14,223,4,223,255
5313,0,0,630,90,3166,3146,15,225,4,225,255
5363,0,0,631,90,3194,3174,15,227,4,227,255
5413,0,0,626,90,3223,3201,15,229,5,229,255
5463,0,0,628,90,3247,3222,15,230,6,231,255
5513,0,0,623,90,3268,3242,15,232,6,232,255
5563,0,0,624,90,3289,3260,15,233,7,234,255
5613,0,0,632,90,3309,3280,16,235,7,235,255
5663,0,0,633,90,3332,3304,16,236,7,237,255
5713,0,0,640,90,3355,3328,16,238,6,239,255
5763,0,0,639,90,3378,3351,16,239,6,240,255
5813,0,0,637,90,3401,3375,16,241,6,242,255
5863,0,0,633,90,3424,3400,17,243,6,244,255
5913,0,0,630,90,3448,3425,17,245,5,245,255
5963,0,0,627,90,3474,3450,17,246,6,247,255
6013,0,0,628,90,3502,3476,17,248,6,249,255
6063,0,0,629,90,3529,3502,17,250,6,251,255
6113,0,0,628,90,3556,3528,18,252,7,253,255
6163,0,0,625,90,3582,3552,18,254,7,255,255
6213,0,0,621,90,3610,3578,18,256,8,257,255
6263,0,0,635,90,3636,3602,18,258,8,258,255
6314,0,0,649,90,3664,3630,19,260,8,260,255
6363,0,0,648,90,3690,3654,19,261,8,262,255
6415,0,0,652,90,3718,3677,19,263,10,264,255
6463,0,0,657,90,3747,3698,20,265,11,266,255
6515,0,0,663,90,3779,3724,20,267,13,268,255
6563,0,0,685,91,3809,3750,21,269,14,270,255
6614,0,0,709,93,3841,3785,21,271,14,272,255
6663,0,0,721,93,3869,3821,22,273,12,275,255
6715,0,0,725,94,3901,3860,22,276,10,277,255
6763,0,0,722,93,3931,3896,23,278,9,279,255
6815,0,0,728,93,3963,3935,23,281,7,282,255
6863,0,0,722,93,3992,3971,23,283,5,284,255
6915,0,0,708,93,4023,4008,23,285,3,287,255
6963,0,0,680,93,4055,4041,24,288,3,289,255
7015,0,0,663,93,4092,4074,24,290,4,292,255
7063,0,0,651,93,4127,4102,24,292,6,294,255
7115,0,0,653,93,4166,4132,24,295,8,296,255
7163,0,0,656,93,4200,4160,25,297,10,298,255
7214,0,0,673,93,4235,4192,25,300,10,301,255
7263,0,0,681,93,4266,4223,25,302,10,303,255
7315,0,0,689,93,4298,4258,26,304,10,306,255
7363,0,0,691,93,4328,4288,26,306,10,308,255
7415,0,0,691,93,4360,4322,27,308,9,310,255
7463,0,0,690,93,4390,4355,27,311,8,312,255
7515,0,0,685,93,4423,4390,27,313,8,315,255
7563,0,0,683,93,4453,4422,28,315,7,317,255
7615,0,0,670,93,4486,4456,28,318,7,319,255
7663,0,0,662,93,4516,4486,28,320,7,322,255
7715,0,0,655,93,4551,4518,29,322,8,324,255
7763,0,0,658,93,4583,4546,29,324,9,326,255
7815,0,0,662,93,4618,4579,29,327,9,328,255
7863,0,0,672,93,4651,4610,30,329,10,331,255
7915,0,0,681,93,4684,4644,30,331,10,333,255
7963,0,0,685,93,4714,4676,31,334,9,335,255
8015,0,0,686,93,4746,4712,31,336,8,338,255
8063,0,0,676,93,4778,4746,31,338,7,340,255
8115,0,0,679,93,4811,4783,32,341,7,343,255
8163,0,0,665,93,4842,4817,32,343,6,345,255
8214,0,0,655,93,4878,4851,32,346,6,348,255
8263,0,0,653,93,4911,4882,33,348,7,350,255
8315,0,0,652,93,4948,4914,33,350,8,352,255
8363,0,0,657,93,4981,4945,33,353,9,355,255
8414,0,0,663,93,5016,4978,34,355,9,357,255
8463,0,0,670,93,5048,5009,34,357,9,359,255
8515,0,0,675,93,5080,5044,34,359,9,362,255
8563,0,0,674,93,5111,5077,35,362,8,364,255
8614,0,0,673,93,5144,5113,35,364,7,366,255
8663,0,0,672,93,5175,5147,35,367,7,369,255
8715,0,0,648,93,5207,5181,36,369,6,371,255
8763,0,0,655,93,5238,5211,36,371,6,373,255
8815,0,0,642,93,5272,5243,36,373,7,376,255
8863,0,0,651,93,5302,5274,37,375,7,378,255
8915,0,0,652,93,5337,5305,37,378,8,380,255
8963,0,0,642,93,5369,5335,37,380,8,382,255
9015,0,0,653,93,5405,5366,38,382,9,385,255
9063,0,0,660,94,5438,5398,38,385,9,387,255
9115,0,0,659,93,5472,5434,38,387,9,390,255
9163,0,0,678,93,5502,5466,39,389,9,392,255
9215,0,0,679,93,5530,5501,39,392,7,394,255
9263,0,0,668,93,5556,5533,39,394,5,396,255
9315,0,0,658,93,5586,5566,39,396,4,398,255
9363,0,0,649,93,5614,5596,40,398,4,400,255
9415,0,0,638,93,5647,5627,40,400,5,403,255
9463,0,0,629,93,5678,5654,40,402,6,405,255
9515,0,0,621,93,5714,5682,40,405,8,407,255
9563,0,0,618,93,5748,5708,41,407,10,409,255
9615,0,0,614,93,5784,5734,41,409,12,411,255
9663,0,0,609,93,5819,5758,42,411,15,414,255
9715,0,0,608,93,5857,5784,42,413,18,416,255
9763,0,0,608,93,5893,5809,43,415,21,418,255
9815,0,0,625,93,5929,5837,44,417,23,420,255
9863,0,0,629,93,5961,5864,45,419,24,423,255
9915,0,0,636,93,5995,5894,46,421,25,425,255
9963,0,0,614,93,6027,5920,47,423,26,427,255
10015,0,0,645,93,6062,5950,48,425,28,429,255
10063,0,0,645,93,6092,5979,49,427,28,431,255
10115,0,0,650,93,6126,6010,50,429,29,434,255
10163,0,0,644,93,6157,6038,51,431,30,436,193
10215,0,0,642,93,6192,6068,52,433,31,438,191
10263,0,0,636,93,6224,6094,53,435,32,440,189
10315,0,0,637,93,6260,6122,55,437,34,442,186
10363,0,0,635,93,6293,6149,56,438,36,445,185
10415,0,0,638,93,6328,6179,57,440,37,447,183
10463,0,0,637,93,6360,6206,58,442,38,449,255
10515,0,0,636,93,6395,6235,60,444,40,451,255
10563,0,0,637,93,6427,6261,61,445,41,453,255
10615,0,0,633,93,6462,6290,63,447,43,456,255
10663,0,0,628,93,6495,6316,64,448,45,458,255
10715,0,0,622,93,6533,6344,66,450,47,460,255
10763,0,0,621,93,6569,6368,68,451,50,462,255
10815,0,0,640,93,6606,6396,70,453,52,465,255
10863,0,0,645,93,6639,6424,71,454,54,467,255
10915,0,0,650,93,6672,6454,73,455,55,469,255
10963,0,0,644,93,6704,6481,75,457,56,471,255
11015,0,0,655,93,6739,6511,77,458,57,474,255
11063,0,0,656,93,6770,6540,79,459,58,476,255
11115,0,0,653,93,6804,6570,81,460,59,478,255
11163,0,0,646,93,6836,6598,82,461,60,480,255
11215,0,0,639,93,6872,6626,85,462,62,482,255
11263,0,0,632,93,6906,6652,86,463,64,485,255
11315,0,0,625,93,6944,6680,89,464,66,487,255
11363,0,0,627,93,6979,6706,91,465,69,489,255
11415,0,0,629,93,7017,6734,93,466,71,491,255
11463,0,0,631,93,7052,6759,95,467,73,494,255
11515,0,0,630,93,7088,6786,97,467,76,496,255
11563,0,0,632,93,7122,6810,99,468,78,498,255
11615,0,0,636,93,7159,6838,101,468,81,500,255
11663,0,0,643,93,7194,6864,103,468,83,502,255
11715,0,0,648,93,7230,6894,106,468,84,505,255
11763,0,0,652,93,7263,6923,108,469,86,507,255
11815,0,0,648,93,7299,6954,110,469,87,509,255
11863,0,0,644,93,7333,6982,113,469,89,512,255
11915,0,0,635,93,7370,7012,115,469,90,514,255
11963,0,0,626,93,7404,7038,117,469,92,516,255
12015,0,0,616,93,7443,7064,120,469,95,518,255
12063,0,0,586,93,7480,7088,122,468,98,521,255
12113,0,0,601,93,7519,7114,124,468,102,523,255
12163,0,0,609,93,7552,7144,126,467,103,525,255
12213,0,0,606,93,7583,7176,128,467,103,528,255
12263,0,0,607,93,7615,7206,131,466,103,530,255
12313,0,0,608,93,7648,7240,133,466,103,532,255
12363,0,0,611,93,7680,7272,135,465,103,534,255
12413,0,0,613,93,7713,7305,137,465,103,537,255
12463,0,0,612,93,7744,7338,140,464,103,539,255
12513,0,0,608,93,7777,7370,142,464,103,541,255
12563,0,0,607,93,7810,7402,144,463,103,544,255
12613,0,0,610,93,7844,7435,147,463,103,546,255
12663,0,0,611,93,7877,7468,149,462,103,548,255
12713,0,0,610,93,7911,7500,151,461,103,551,255
12763,0,0,610,93,7943,7530,153,461,104,553,255
12813,0,0,607,93,7976,7562,156,460,104,555,255
12863,0,0,609,93,8010,7594,158,460,105,558,255
12913,0,0,614,93,8044,7628,160,459,105,560,255
12963,0,0,622,93,8076,7662,162,458,105,562,233
13013,0,0,623,93,8108,7695,165,458,104,565,255
13063,0,0,621,93,8140,7727,167,457,104,567,255
13113,0,0,617,93,8172,7759,169,457,104,569,255
13163,0,0,620,93,8204,7791,171,456,104,572,255
13213,0,0,622,93,8238,7824,174,456,104,574,255
13263,0,0,616,93,8271,7855,176,455,105,576,255
13313,0,0,631,93,8303,7886,178,454,105,579,255
13363,0,0,629,93,8333,7916,180,454,105,581,255
13413,0,0,611,93,8366,7947,182,453,106,583,255
13463,0,0,644,93,8398,7978,184,453,106,585,255
13513,0,0,655,93,8428,8013,187,452,105,588,255
13563,0,0,671,93,8456,8048,189,451,103,590,255
13613,0,0,653,93,8486,8082,191,451,102,592,255
13663,0,0,645,93,8517,8113,193,450,102,594,202
13713,0,0,636,93,8549,8145,196,450,101,597,200
13763,0,0,631,93,8580,8176,198,449,102,599,197
13813,0,0,626,93,8614,8208,200,449,103,601,195
13863,0,0,623,93,8648,8238,202,448,103,604,192
13913,0,0,618,93,8681,8269,204,448,104,606,190
13963,0,0,616,93,8714,8300,207,447,104,608,152
14013,0,0,620,93,8749,8333,209,447,105,611,150
14063,0,0,626,93,8781,8366,211,446,105,613,183
14113,0,0,631,93,8813,8399,213,445,105,615,181
14163,0,0,629,93,8845,8430,216,445,104,617,178
14213,0,0,628,93,8876,8462,218,444,104,620,176
14263,0,0,629,93,8908,8494,220,444,104,622,174
14313,0,0,630,93,8942,8526,222,443,105,624,171
14363,0,0,630,93,8974,8559,225,442,105,627,169
14413,0,0,635,93,9008,8591,227,442,105,629,167
14463,0,0,641,93,9039,8623,229,441,105,631,165
14513,0,0,640,93,9071,8656,231,441,105,634,162
14563,0,0,647,93,9103,8688,233,440,105,636,160
14613,0,0,646,93,9135,8719,236,439,105,638,158
14663,0,0,649,93,9167,8746,238,439,106,640,156
14713,0,0,641,93,9201,8770,240,438,109,642,154
14763,0,0,643,93,9236,8794,242,437,112,644,152
14813,0,0,652,93,9271,8817,244,437,115,647,149
14863,0,0,669,93,9304,8841,245,436,116,649,148
14913,0,0,681,93,9335,8868,247,435,117,651,146
14963,0,0,697,93,9364,8896,249,434,118,653,145
15013,0,0,703,93,9392,8925,251,433,118,655,144
15063,0,0,709,93,9420,8953,253,432,118,657,144
15113,0,0,703,93,9447,8982,254,431,117,659,255
15163,0,0,698,93,9474,9011,256,430,117,661,255
15213,0,0,692,93,9502,9040,258,429,117,663,255
15263,0,0,682,93,9530,9067,260,428,117,665,255
15313,0,0,673,93,9560,9093,261,427,118,667,255
15363,0,0,663,93,9590,9118,263,426,119,669,255
15413,0,0,656,93,9620,9142,265,425,120,671,255
15463,0,0,655,93,9651,9166,266,424,122,673,255
15513,0,0,655,93,9683,9190,268,423,124,675,255
15563,0,0,665,93,9714,9215,270,422,126,677,255
15613,0,0,670,93,9745,9242,271,421,127,679,255
15663,0,0,677,93,9775,9268,273,420,128,681,255
15713,0,0,677,93,9804,9296,275,418,128,683,255
15763,0,0,678,93,9832,9322,276,417,129,685,255
15813,0,0,672,93,9861,9349,278,416,129,687,255
15863,0,0,669,93,9890,9375,279,415,130,689,124
15913,0,0,666,93,9919,9402,281,413,130,691,123
15963,0,0,658,93,9949,9428,282,412,132,693,121
16013,0,0,652,93,9979,9452,284,411,133,695,119
16063,0,0,649,93,10010,9477,285,409,134,697,118
16113,0,0,647,93,10043,9502,287,408,136,699,116
16163,0,0,643,93,10075,9526,288,406,138,701,115
16213,0,0,648,93,10107,9550,289,405,140,703,113
16263,0,0,646,93,10139,9575,290,403,142,705,111
16313,0,0,646,93,10172,9600,292,401,144,707,255
16363,0,0,643,93,10204,9624,293,400,146,709,255
16413,0,0,645,93,10236,9649,294,398,148,711,255
16463,0,0,640,93,10267,9672,295,396,150,713,255
16513,0,0,638,93,10298,9695,296,395,152,715,255
16563,0,0,635,93,10331,9717,297,393,155,717,255
16613,0,0,640,93,10363,9741,297,391,157,719,255
16663,0,0,645,93,10394,9764,298,389,159,721,255
16713,0,0,648,93,10425,9789,299,387,160,723,255
16763,0,0,651,93,10456,9814,299,386,162,725,255
16813,0,0,650,93,10486,9838,300,384,164,727,255
16863,0,0,647,93,10517,9863,300,382,165,729,255
16913,0,0,644,93,10549,9887,301,380,167,731,255
16963,0,0,643,93,10580,9912,301,378,169,733,255
17013,0,0,644,93,10612,9936,302,376,170,735,255
17063,0,0,645,93,10642,9960,302,374,172,737,255
17113,0,0,648,93,10674,9985,302,372,174,739,255
17163,0,0,648,93,10704,10009,302,370,175,741,255
17213,0,0,649,93,10735,10033,302,368,177,743,255
17263,0,0,649,93,10766,10056,303,366,179,744,255
17313,0,0,652,93,10797,10080,303,364,181,746,255
17363,0,0,657,93,10828,10105,302,362,182,748,255
17413,0,0,659,93,10859,10130,302,360,184,750,255
17463,0,0,660,93,10889,10156,302,358,185,752,255
17513,0,0,660,93,10919,10183,302,356,186,754,255
17563,0,0,655,93,10948,10209,302,354,187,756,255
17613,0,0,650,93,10979,10234,301,352,188,758,255
17663,0,0,647,93,11009,10259,301,350,189,760,255
17713,0,0,643,93,11040,10283,301,348,191,762,255
17763,0,0,643,93,11071,10306,300,346,193,764,255
17813,0,0,644,93,11102,10330,300,344,195,766,255
17863,0,0,644,93,11133,10352,299,343,197,768,255
17913,0,0,645,93,11165,10376,299,341,199,770,255
17963,0,0,648,93,11196,10398,298,339,201,772,255
18013,0,0,648,93,11228,10422,297,337,203,774,255
18063,0,0,652,93,11260,10446,296,335,205,776,255
18113,0,0,652,93,11291,10472,295,333,207,778,255
18163,0,0,652,93,11321,10497,295,332,208,780,255
18213,0,0,646,93,11350,10522,294,330,209,782,255
18263,0,0,645,93,11381,10545,293,328,211,784,255
18313,0,0,639,93,11412,10568,292,327,213,786,255
18363,0,0,634,93,11443,10590,291,325,216,788,255
18413,0,0,632,93,11475,10611,289,324,218,790,255
18463,0,0,632,93,11507,10632,288,322,221,792,255
18513,0,0,636,93,11540,10654,287,321,224,794,255
18563,0,0,645,93,11572,10677,285,319,226,795,255
18613,0,0,651,93,11604,10702,284,318,228,798,255
18663,0,0,663,93,11635,10727,282,317,229,800,255
18713,0,0,662,93,11665,10753,281,315,230,802,255
18763,0,0,660,93,11694,10777,279,314,232,803,255
18813,0,0,649,93,11725,10801,278,313,233,805,255
18863,0,0,640,93,11756,10824,276,312,235,807,255
18913,0,0,623,93,11789,10845,275,311,238,809,255
18963,0,0,601,93,11824,10864,273,310,242,811,255
19013,0,0,607,93,11860,10882,271,309,247,813,255
19063,0,0,601,93,11896,10901,269,308,251,815,255
19113,0,0,593,93,11934,10919,267,308,257,817,255
19163,0,0,585,93,11972,10935,265,308,262,819,255
19213,0,0,583,93,12012,10952,263,307,268,821,255
19263,0,0,585,93,12051,10968,261,307,273,823,255
19313,0,0,595,93,12090,10985,259,308,279,825,255
19363,0,0,604,93,12128,11003,258,308,284,827,255
19413,0,0,630,93,12165,11022,256,309,289,829,255
19463,0,0,672,93,12197,11045,254,309,291,831,255
19513,0,0,706,93,12225,11073,252,310,291,833,255
19563,0,0,715,93,12249,11103,250,311,290,835,255
19613,0,0,710,93,12274,11134,248,312,288,837,255
19663,0,0,715,93,12300,11163,246,312,287,839,255
19713,0,0,702,93,12326,11194,244,313,286,841,255
19763,0,0,655,93,12354,11222,242,313,286,843,255
19813,0,0,619,93,12388,11244,241,314,289,845,255
19863,0,0,599,93,12424,11262,239,315,294,847,255
19913,0,0,591,93,12464,11279,237,316,299,849,255
19963,0,0,592,93,12501,11295,235,317,305,851,255
20013,0,0,589,93,12539,11312,234,318,310,853,255
20063,0,0,587,93,12577,11328,232,319,316,855,255
20113,0,0,595,93,12617,11344,231,321,322,857,255
20163,0,0,610,93,12656,11361,230,322,327,859,255
20213,0,0,632,93,12693,11381,229,324,331,861,255
20263,0,0,665,93,12726,11404,228,326,334,863,255
20313,0,0,695,93,12755,11432,227,328,334,865,255
20363,0,0,709,93,12780,11463,226,329,333,867,255
20413,0,0,714,93,12805,11494,225,331,331,869,255
20463,0,0,706,93,12829,11524,224,333,330,871,255
20513,0,0,689,93,12856,11554,223,335,329,873,255
20563,0,0,666,93,12885,11581,222,336,330,875,255
20613,0,0,648,93,12918,11605,221,338,332,877,255
20663,0,0,634,93,12952,11627,221,340,335,879,255
20713,0,0,623,93,12988,11647,220,342,339,881,255
20763,0,0,619,93,13024,11667,219,344,343,883,255
20813,0,0,619,93,13061,11687,219,346,347,885,255
20863,0,0,632,93,13096,11711,218,348,350,887,255
20913,0,0,642,93,13129,11739,218,350,351,889,255
20963,0,0,653,93,13159,11769,218,352,351,891,255
21013,0,0,658,93,13190,11801,217,354,351,894,255
21063,0,0,665,93,13220,11833,217,357,351,896,255
21113,0,0,670,93,13251,11866,217,359,350,898,255
21163,0,0,668,93,13281,11900,216,361,349,900,255
21213,0,0,670,93,13313,11934,216,363,348,903,255
21263,0,0,664,93,13343,11968,215,366,347,905,255
21313,0,0,656,93,13376,12002,215,368,347,908,255
21363,0,0,650,93,13409,12034,214,370,347,910,255
21413,0,0,649,93,13443,12068,214,373,347,912,255
21463,0,0,651,93,13475,12100,213,375,347,914,255
21513,0,0,653,93,13506,12134,213,377,347,917,255
21563,0,0,652,93,13538,12165,212,379,347,919,255
21613,0,0,653,93,13570,12197,212,382,347,921,255
21663,0,0,655,93,13600,12228,211,384,347,924,255
21713,0,0,656,93,13631,12261,211,386,346,926,255
21763,0,0,657,93,13660,12296,210,388,345,928,255
21813,0,0,655,93,13688,12332,210,390,343,930,255
21863,0,0,644,93,13716,12368,209,393,341,933,255
21913,0,0,634,93,13746,12404,208,395,339,935,255
21963,0,0,625,93,13776,12436,207,397,338,937,255
22013,0,0,621,93,13807,12470,206,399,338,940,255
22063,0,0,616,93,13838,12503,206,401,337,942,255
22113,0,0,617,93,13870,12536,205,403,337,944,255
22163,0,0,622,93,13900,12568,204,405,337,946,255
22213,0,0,630,93,13931,12600,203,407,336,949,255
22263,0,0,647,93,13960,12635,202,409,335,951,255
22313,0,0,665,93,13987,12672,201,412,332,953,255
22363,0,0,678,93,14013,12711,200,414,329,956,255
22413,0,0,683,93,14038,12750,199,416,325,958,255
22463,0,0,680,93,14063,12790,197,417,322,960,255
22513,0,0,678,93,14089,12831,196,419,318,963,255
22563,0,0,662,93,14115,12869,194,421,315,965,255
22613,0,0,640,93,14144,12906,192,423,313,967,255
22663,0,0,659,93,14174,12940,191,424,312,970,255
22713,0,0,655,93,14202,12976,189,426,310,972,255
22763,0,0,659,93,14230,13012,187,427,308,974,255
22813,0,0,655,93,14258,13052,185,429,305,977,255
22863,0,0,653,93,14286,13089,184,430,303,979,255
22913,0,0,641,93,14314,13126,181,431,300,981,255
22963,0,0,637,93,14343,13162,180,432,299,984,255
23013,0,0,640,93,14375,13198,177,433,297,986,255
23063,0,0,644,93,14406,13236,175,434,296,988,255
23113,0,0,651,93,14436,13273,173,436,294,991,255
23163,0,0,658,93,14464,13309,171,436,292,993,255
23213,0,0,661,93,14492,13347,169,437,289,996,255
23263,0,0,666,93,14519,13386,166,438,287,998,255
23313,0,0,665,93,14545,13426,164,439,283,1000,255
23363,0,0,656,93,14571,13464,162,439,280,1002,255
23413,0,0,647,93,14597,13502,160,439,277,1005,255
23463,0,0,642,93,14624,13537,157,440,275,1007,255
23513,0,0,642,93,14653,13573,155,440,273,1009,255
23563,0,0,642,93,14682,13608,153,440,272,1012,255
23613,0,0,650,93,14711,13643,151,440,270,1014,255
23663,0,0,656,93,14738,13678,148,440,268,1016,255
23713,0,0,668,93,14766,13716,146,440,265,1019,255
23763,0,0,680,93,14792,13755,144,440,262,1021,255
23813,0,0,688,93,14818,13795,141,439,259,1023,255
23863,0,0,683,93,14843,13834,139,439,255,1025,255
23913,0,0,675,93,14868,13874,137,438,251,1028,255
23963,0,0,666,93,14894,13912,135,437,248,1030,255
24013,0,0,652,93,14921,13949,133,436,245,1032,255
24063,0,0,642,93,14949,13984,131,435,244,1035,255
24113,0,0,639,93,14978,14019,129,434,242,1037,255
24163,0,0,634,93,15008,14052,127,433,241,1039,255
24213,0,0,642,93,15037,14087,124,432,240,1042,255
24263,0,0,647,93,15065,14123,123,431,238,1044,255
24313,0,0,652,93,15093,14160,121,430,236,1046,255
24363,0,0,652,93,15120,14196,119,429,233,1048,255
24413,0,0,654,93,15147,14233,117,427,231,1051,255
24463,0,0,659,93,15174,14270,115,426,229,1053,255
24513,0,0,659,93,15202,14308,113,424,226,1055,255
24563,0,0,655,93,15229,14344,112,422,224,1057,255
24613,0,0,658,93,15256,14380,110,421,221,1060,255
24663,0,0,654,93,15282,14416,109,419,219,1062,146
24713,0,0,654,93,15310,14452,107,417,217,1064,144
24763,0,0,650,93,15338,14489,106,415,214,1067,255
24813,0,0,644,93,15365,14525,105,414,212,1069,255
24863,0,0,638,93,15393,14560,104,412,211,1071,255
24913,0,0,633,93,15421,14595,103,410,209,1073,255
24963,0,0,632,93,15450,14629,101,408,207,1076,132
25013,0,0,633,93,15480,14664,100,406,206,1078,130
25063,0,0,635,93,15510,14698,99,404,205,1080,128
25113,0,0,644,93,15539,14732,98,401,204,1083,126
25163,0,0,648,93,15566,14766,98,400,202,1085,123
25213,0,0,657,93,15592,14802,97,397,199,1087,121
25263,0,0,660,93,15618,14839,96,395,197,1089,118
25313,0,0,663,93,15643,14877,95,393,193,1091,116
25363,0,0,658,93,15667,14914,95,391,190,1094,114
25413,0,0,654,93,15692,14952,95,389,187,1096,112
25463,0,0,652,93,15718,14988,94,387,184,1098,110
25513,0,0,646,93,15744,15024,94,384,182,1100,108
25563,0,0,643,93,15770,15059,94,382,179,1102,107
25613,0,0,641,93,15798,15094,94,380,178,1105,107
25663,0,0,642,93,15825,15127,94,378,176,1107,104
25713,0,0,644,93,15852,15163,95,375,174,1109,101
25763,0,0,647,93,15880,15198,95,373,172,1111,99
25813,0,0,646,93,15907,15236,95,371,169,1114,138
25863,0,0,639,93,15934,15272,96,369,167,1116,255
25913,0,0,632,93,15962,15308,96,366,165,1118,137
25963,0,0,629,93,15991,15343,97,364,163,1120,255
26013,0,0,624,93,16020,15378,97,362,162,1123,255
26063,0,0,620,93,16049,15410,98,360,161,1125,255
26113,0,0,618,93,16078,15443,99,358,160,1127,255
26163,0,0,616,93,16107,15474,100,356,160,1129,255
26213,0,0,619,93,16137,15507,100,354,159,1132,255
26263,0,0,623,93,16167,15540,101,352,158,1134,255
26313,0,0,628,93,16197,15574,102,350,157,1136,255
26363,0,0,627,93,16226,15608,103,348,156,1138,255
26413,0,0,628,93,16255,15642,104,345,155,1141,255
26463,0,0,623,93,16285,15676,105,343,154,1143,255
26513,0,0,622,93,16315,15710,106,341,153,1145,255
26563,0,0,621,93,16345,15742,107,339,152,1147,255
26613,0,0,621,93,16375,15775,108,337,151,1150,255
26663,0,0,625,93,16404,15806,109,336,151,1152,255
26713,0,0,633,93,16433,15839,110,333,150,1154,255
26763,0,0,646,93,16461,15873,111,332,148,1156,255
26813,0,0,663,93,16488,15910,112,330,146,1159,255
26863,0,0,674,93,16514,15947,114,328,143,1161,255
26913,0,0,671,93,16539,15986,115,326,140,1163,255
26963,0,0,660,93,16565,16023,116,324,137,1165,255
27013,0,0,661,93,16593,16061,118,323,134,1168,255
27063,0,0,639,93,16621,16097,120,321,132,1170,255
27113,0,0,624,93,16653,16132,122,319,131,1172,255
27163,0,0,616,93,16684,16163,123,318,131,1175,255
27213,0,0,612,93,16717,16194,125,316,132,1177,255
27263,0,0,610,93,16749,16225,127,315,132,1179,255
27313,0,0,613,93,16783,16258,128,313,132,1182,255
27363,0,0,614,93,16815,16290,130,312,132,1184,255
27413,0,0,620,93,16847,16324,132,310,132,1186,255
27463,0,0,623,93,16878,16356,133,309,132,1189,255
27513,0,0,624,93,16910,16390,135,307,131,1191,255
27563,0,0,629,93,16942,16423,137,306,131,1193,255
27613,0,0,633,93,16973,16457,139,304,130,1196,255
27663,0,0,632,93,17005,16490,140,303,130,1198,255
27713,0,0,634,93,17036,16524,142,301,129,1200,255
27763,0,0,630,93,17067,16557,144,300,129,1202,255
27813,0,0,643,93,17098,16591,146,298,128,1205,255
27863,0,0,634,93,17127,16625,148,297,127,1207,255
27913,0,0,633,93,17158,16660,150,295,126,1209,255
27963,0,0,628,93,17188,16692,151,294,125,1212,255
28013,0,0,625,93,17219,16725,153,293,125,1214,255
28063,0,0,617,93,17251,16756,155,291,125,1216,255
28113,0,0,618,93,17285,16788,157,290,125,1219,255
28163,0,0,624,93,17319,16820,159,289,126,1221,255
28213,0,0,634,93,17352,16852,161,287,126,1223,255
28263,0,0,650,93,17382,16885,163,286,125,1225,255
28313,0,0,660,93,17410,16920,164,285,124,1228,255
28363,0,0,668,93,17437,16957,166,283,121,1230,255
28413,0,0,664,93,17464,16996,168,282,118,1232,255
28463,0,0,651,93,17492,17032,170,281,116,1235,255
28513,0,0,636,93,17522,17066,172,280,115,1237,187
28563,0,0,624,93,17552,17098,174,279,115,1239,184
28613,0,0,615,93,17585,17129,177,278,115,1242,182
28663,0,0,611,93,17618,17158,179,277,116,1244,179
28713,0,0,608,93,17654,17188,181,276,118,1246,177
28763,0,0,608,93,17689,17216,183,275,119,1248,174
28813,0,0,612,93,17724,17245,185,274,121,1251,173
28863,0,0,618,93,17758,17275,186,273,122,1253,170
28913,0,0,628,93,17792,17307,189,271,123,1255,168
28963,0,0,639,93,17823,17340,190,270,122,1257,167
29013,0,0,646,93,17854,17374,192,269,121,1260,164
29063,0,0,645,93,17883,17407,194,268,120,1262,161
29113,0,0,643,93,17913,17442,196,267,119,1264,158
29163,0,0,636,93,17944,17475,198,266,118,1267,155
29213,0,0,630,93,17977,17508,200,264,118,1269,154
29263,0,0,630,93,18010,17540,202,263,119,1271,153
29313,0,0,625,93,18045,17572,205,262,119,1274,151
29363,0,0,622,93,18079,17601,206,261,120,1276,148
29413,0,0,618,93,18114,17632,209,260,122,1278,146
29463,0,0,622,93,18148,17662,210,259,123,1281,144
29513,0,0,627,93,18183,17694,212,257,123,1283,143
29563,0,0,629,93,18215,17727,214,256,123,1285,140
29613,0,0,624,93,18248,17758,216,255,124,1288,138
29663,0,0,613,93,18280,17788,218,253,124,1290,137
29713,0,0,606,93,18315,17816,220,252,126,1292,134
29763,0,0,598,93,18351,17844,222,251,128,1294,132
29813,0,0,594,93,18389,17870,224,249,131,1297,130
29863,0,0,592,93,18426,17896,225,248,134,1299,128
29913,0,0,588,93,18465,17921,227,246,137,1301,125
29963,0,0,587,93,18504,17946,228,244,141,1304,124
30013,0,0,589,93,18543,17971,230,242,144,1306,255
30063,0,0,596,93,18582,17997,231,241,147,1308,255
30113,0,0,608,93,18620,18024,232,239,150,1311,255
30163,0,0,623,93,18655,18052,233,237,152,1313,255
30213,0,0,639,93,18689,18083,234,234,153,1315,255
30263,0,0,652,93,18721,18115,235,232,153,1317,255
30313,0,0,658,93,18753,18148,236,230,152,1320,255
30363,0,0,656,93,18784,18182,237,228,152,1322,91
30413,0,0,647,93,18816,18215,238,226,152,1324,255
30463,0,0,633,93,18848,18246,239,224,152,1327,255
30513,0,0,628,93,18883,18274,240,222,153,1329,86
30563,0,0,621,93,18916,18302,241,220,155,1331,255
30613,0,0,618,93,18952,18329,242,218,157,1333,80
30663,0,0,614,93,18987,18354,243,216,159,1335,255
30713,0,0,622,93,19023,18382,244,214,162,1338,79
30763,0,0,626,93,19058,18410,244,212,164,1340,255
30813,0,0,629,93,19093,18440,245,210,165,1342,72
30863,0,0,620,93,19127,18468,246,207,166,1345,255
30913,0,0,604,93,19165,18496,246,205,169,1347,255
30963,0,0,589,93,19202,18522,246,203,172,1349,65
31013,0,0,581,93,19242,18548,247,201,175,1352,255
31063,0,0,578,93,19280,18573,247,198,178,1354,255
31113,0,0,578,93,19320,18598,247,196,182,1356,255
31163,0,0,578,93,19360,18622,247,194,186,1358,255
31213,0,0,579,93,19400,18646,246,191,190,1361,255
31263,0,0,577,93,19439,18670,246,189,194,1363,255
31313,0,0,575,93,19479,18693,245,187,198,1365,255
31363,0,0,571,93,19519,18716,244,185,203,1367,255
31413,0,0,571,93,19560,18740,243,183,207,1370,255
31463,0,0,576,93,19600,18764,242,181,211,1372,255
31513,0,0,582,93,19640,18789,241,179,215,1374,255
31563,0,0,612,93,19679,18814,240,177,218,1377,255
31613,0,0,651,93,19715,18842,238,175,220,1379,255
31663,0,0,691,93,19745,18875,237,174,220,1381,255
31713,0,0,641,93,19777,18907,235,172,220,1384,255
31763,0,0,619,93,19812,18935,234,170,221,1386,255
31813,0,0,588,93,19851,18961,232,169,224,1388,255
31863,0,0,575,93,19890,18985,230,167,228,1390,255
31913,0,0,575,93,19930,19009,229,166,233,1393,255
31963,0,0,575,93,19968,19032,227,164,236,1395,255
32013,0,0,574,93,20007,19054,225,163,240,1397,255
32063,0,0,573,93,20046,19078,223,162,245,1399,255
32113,0,0,571,93,20088,19102,221,161,249,1402,255
32163,0,0,572,93,20130,19126,218,161,253,1404,22
32213,0,0,577,93,20172,19151,216,160,258,1406,7
32263,0,0,587,93,20213,19174,214,160,262,1409,255
32313,0,0,595,92,20252,19200,212,159,265,1411,255
32363,0,0,609,91,20291,19225,209,159,269,1413,255
32413,0,0,631,94,20333,19253,207,159,273,1416,255
32463,0,0,642,96,20374,19282,204,160,276,1418,255
32513,0,0,653,96,20416,19312,202,160,279,1421,255
32563,0,0,665,95,20457,19343,199,161,281,1423,255
32613,0,0,673,95,20498,19375,197,161,284,1426,255
32663,0,0,672,95,20538,19408,194,162,285,1429,255
32713,0,0,676,95,20578,19441,192,163,287,1431,7
32763,0,0,680,95,20618,19474,189,163,289,1434,6
32813,0,0,681,95,20657,19508,187,164,290,1437,5
32863,0,0,682,95,20696,19541,184,165,292,1439,7
32913,0,0,688,95,20735,19576,182,166,293,1442,22
32963,0,0,695,95,20773,19610,180,167,294,1444,8
,,,,,,,,,,,
