0,0,0,646,94,0,0,0,0,0,0,0
28,0,0,647,94,0,1,0,0,0,0,255
78,0,0,648,94,13,14,0,0,0,0,255
128,0,0,652,93,34,34,0,2,0,2,255
178,0,0,647,89,55,56,0,3,0,3,255
228,0,0,642,89,78,78,0,5,0,5,255
278,0,0,636,89,101,100,0,7,0,7,255
328,0,0,631,89,127,124,0,8,0,8,255
378,0,0,629,89,156,151,0,10,1,10,255
428,0,0,628,90,187,179,0,13,1,13,255
478,0,0,628,90,217,208,0,15,2,15,255
528,0,0,628,90,248,237,0,17,3,17,255
578,0,0,629,90,280,265,0,19,3,19,255
628,0,0,636,90,312,295,0,21,4,21,255
678,0,0,640,90,344,325,0,23,4,23,255
728,0,0,647,90,376,356,0,26,5,26,255
778,0,0,653,90,406,386,1,28,5,28,255
828,0,0,658,90,437,419,1,30,4,30,255
878,0,0,661,90,465,452,1,32,3,32,255
928,0,0,660,90,494,484,1,34,2,34,255
978,0,0,657,90,522,516,1,37,1,37,255
1028,0,0,649,90,552,548,1,39,0,39,255
1078,0,0,642,90,581,578,1,41,0,41,255
1128,0,0,638,90,613,609,1,43,1,43,255
1178,0,0,637,90,644,639,1,45,1,45,255
1228,0,0,637,90,676,669,1,48,2,48,255
1278,0,0,638,90,708,698,1,50,2,50,255
1328,0,0,640,90,739,726,2,52,3,52,255
1378,0,0,644,90,769,755,2,54,3,54,255
1428,0,0,646,90,800,785,2,56,3,56,255
1478,0,0,649,90,830,816,2,58,3,58,255
1528,0,0,651,90,859,848,2,60,3,61,255
1578,0,0,648,90,888,878,2,63,2,63,255
1628,0,0,644,90,917,908,2,65,2,65,255
1678,0,0,639,90,946,938,2,67,2,67,255
1728,0,0,635,90,976,968,2,69,2,69,255
1778,0,0,636,90,1007,997,3,71,2,71,255
1828,0,0,635,90,1038,1026,3,73,3,73,255
1878,0,0,636,90,1069,1055,3,75,3,75,255
1928,0,0,638,90,1101,1084,3,78,4,78,255
1978,0,0,643,90,1131,1112,3,80,5,80,255
2028,0,0,651,90,1161,1142,3,82,4,82,255
2078,0,0,653,90,1189,1173,3,84,4,84,255
2128,0,0,657,90,1218,1204,4,86,3,86,255
2178,0,0,652,90,1247,1236,4,88,2,88,255
2228,0,0,646,90,1276,1267,4,90,2,90,255
2278,0,0,641,90,1306,1297,4,92,2,93,255
2328,0,0,637,90,1336,1326,4,95,2,95,255
2378,0,0,637,90,1367,1356,4,97,2,97,255
2428,0,0,638,90,1398,1385,4,99,3,99,255
2478,0,0,640,90,1428,1413,4,101,3,101,255
2528,0,0,645,90,1459,1442,4,103,4,103,255
2578,0,0,647,90,1488,1470,5,105,4,105,255
2628,0,0,650,90,1517,1500,5,107,4,107,255
2678,0,0,650,90,1545,1530,5,109,4,109,255
2728,0,0,648,90,1572,1559,5,111,3,112,255
2778,0,0,644,90,1599,1588,5,113,2,113,255
2828,0,0,638,90,1628,1618,5,115,2,116,255
2878,0,0,633,90,1657,1646,5,117,2,118,255
2928,0,0,628,90,1687,1675,5,120,3,120,255
2978,0,0,627,90,1718,1703,6,122,3,122,255
3028,0,0,631,90,1750,1732,6,124,4,124,255
3078,0,0,637,90,1782,1760,6,126,5,126,255
3128,0,0,644,90,1813,1790,6,128,5,128,255
3178,0,0,648,90,1842,1819,6,130,5,130,255
3228,0,0,656,90,1871,1850,7,132,5,133,255
3278,0,0,657,90,1899,1880,7,134,4,135,255
3328,0,0,656,90,1927,1913,7,137,3,137,255
3378,0,0,655,90,1955,1944,7,139,2,139,255
3428,0,0,649,90,1983,1974,7,141,2,141,255
3478,0,0,640,90,2012,2004,7,143,2,143,255
3528,0,0,637,90,2042,2033,7,145,2,145,255
3578,0,0,632,90,2072,2062,7,147,2,147,255
3628,0,0,631,90,2103,2090,7,149,3,149,255
3678,0,0,631,90,2133,2118,8,151,3,152,255
3728,0,0,633,90,2164,2146,8,153,4,154,255
3778,0,0,636,90,2195,2174,8,155,5,156,255
3828,0,0,643,90,2225,2202,8,158,5,158,255
3878,0,0,647,90,2255,2232,8,160,5,160,255
3928,0,0,652,90,2283,2264,9,162,4,162,255
3978,0,0,654,90,2312,2294,9,164,4,164,255
4028,0,0,653,90,2340,2326,9,166,3,166,255
4078,0,0,649,90,2368,2356,9,168,3,168,255
4128,0,0,645,90,2397,2387,9,170,2,171,255
4178,0,0,641,90,2427,2417,9,172,2,173,255
4228,0,0,639,90,2459,2447,9,175,3,175,255
4278,0,0,634,90,2490,2476,9,177,3,177,255
4328,0,0,638,90,2522,2504,10,179,4,179,255
4378,0,0,638,90,2552,2532,10,181,4,181,255
4428,0,0,638,90,2583,2561,10,183,5,184,255
4478,0,0,639,90,2613,2590,10,185,6,186,255
4528,0,0,643,90,2643,2620,10,187,5,188,255
4578,0,0,646,90,2671,2649,11,189,5,190,255
4628,0,0,646,90,2700,2679,11,192,5,192,255
4678,0,0,641,90,2728,2709,11,194,4,194,255
4728,0,0,626,90,2758,2738,11,196,5,196,255
4778,0,0,639,90,2787,2765,11,198,5,198,255
4828,0,0,642,91,2819,2795,12,200,5,200,255
4878,0,0,648,91,2847,2825,12,202,5,202,255
4928,0,0,647,91,2875,2854,12,204,5,204,255
4978,0,0,647,91,2902,2882,12,206,5,206,255
5028,0,0,640,91,2929,2909,12,208,5,208,255
5078,0,0,640,91,2957,2937,12,210,5,210,255
5128,0,0,638,91,2986,2966,13,212,5,212,255
5178,0,0,640,91,3014,2996,13,214,4,214,255
5228,0,0,640,91,3042,3026,13,216,4,217,255
5278,0,0,638,91,3070,3054,13,218,4,219,255
5328,0,0,635,91,3098,3082,13,220,4,221,255
5378,0,0,632,91,3125,3110,13,222,4,222,255
5428,0,0,628,91,3154,3138,14,224,3,225,255
5478,0,0,628,91,3182,3165,14,226,4,227,255
5528,0,0,627,91,3210,3192,14,228,4,229,255
5578,0,0,624,91,3237,3216,14,230,5,230,255
5628,0,0,628,91,3265,3242,14,232,5,232,255
5678,0,0,626,91,3291,3268,14,234,6,234,255
5728,0,0,627,91,3318,3292,15,235,6,236,255
5778,0,0,628,91,3344,3318,15,237,6,238,255
5828,0,0,632,91,3369,3344,15,239,6,240,255
5878,0,0,632,91,3394,3370,15,241,6,241,255
5928,0,0,634,91,3420,3396,15,243,6,243,255
5978,0,0,633,91,3445,3422,16,245,5,245,255
6028,0,0,632,91,3471,3448,16,246,5,247,255
6078,0,0,629,91,3497,3474,16,248,5,249,255
6128,0,0,626,91,3523,3500,16,250,5,251,255
6178,0,0,626,91,3549,3525,16,252,6,253,255
6229,0,0,623,91,3577,3550,17,254,6,254,255
6278,0,0,631,91,3606,3571,17,256,8,256,255
6330,0,0,653,91,3636,3594,17,257,10,258,255
6378,0,0,670,91,3662,3616,17,259,11,260,255
6430,0,0,669,91,3687,3640,18,261,12,262,255
6478,0,0,682,91,3710,3662,18,262,12,263,255
6530,0,0,695,91,3735,3688,18,264,11,265,255
6578,0,0,702,91,3758,3717,19,266,10,267,255
6630,0,0,708,92,3786,3750,19,268,9,269,255
6678,0,0,709,93,3814,3784,20,270,7,271,255
6730,0,0,704,94,3845,3821,20,273,6,274,255
6778,0,0,696,94,3876,3856,20,275,5,276,255
6829,0,0,693,94,3910,3890,20,278,5,279,255
6878,0,0,684,94,3941,3922,20,280,5,281,255
6930,0,0,673,94,3976,3954,21,282,5,283,255
6978,0,0,671,94,4008,3983,21,284,6,285,255
7030,0,0,674,94,4043,4016,21,287,6,288,255
7078,0,0,675,94,4075,4048,21,289,6,290,255
7130,0,0,679,94,4109,4082,22,291,6,292,255
7178,0,0,679,94,4139,4114,22,294,6,295,255
7230,0,0,672,94,4172,4148,22,296,6,297,255
7278,0,0,669,93,4202,4178,22,298,6,299,255
7330,0,0,666,93,4235,4211,23,301,6,302,255
7378,0,0,668,93,4266,4241,23,303,6,304,255
7429,0,0,670,93,4299,4273,23,305,6,306,255
7478,0,0,663,94,4330,4303,23,307,6,308,255
7530,0,0,662,94,4364,4333,24,309,7,311,255
7578,0,0,669,94,4394,4363,24,312,7,313,255
7629,0,0,668,94,4426,4396,24,314,7,315,255
7678,0,0,671,93,4455,4428,25,316,7,317,255
7730,0,0,665,94,4487,4462,25,318,6,320,255
7778,0,0,661,93,4517,4492,25,320,6,322,255
7830,0,0,654,94,4550,4523,25,323,6,324,255
7878,0,0,652,93,4581,4553,26,325,7,326,255
7929,0,0,654,94,4615,4585,26,327,7,329,255
7978,0,0,663,94,4647,4615,26,329,8,331,255
8030,0,0,666,94,4681,4648,27,332,8,333,255
8078,0,0,669,94,4711,4679,27,334,8,335,255
8130,0,0,674,94,4744,4714,27,336,7,338,255
8178,0,0,672,94,4773,4746,28,339,6,340,255
8230,0,0,667,94,4806,4782,28,341,5,342,255
8278,0,0,661,94,4837,4815,28,343,5,345,255
8330,0,0,654,94,4871,4849,28,346,5,347,255
8378,0,0,647,94,4903,4880,29,348,5,349,255
8429,0,0,645,93,4938,4913,29,350,6,352,255
8478,0,0,645,94,4970,4942,29,353,7,354,255
8530,0,0,650,93,5005,4974,29,355,7,357,255
8578,0,0,652,94,5037,5005,30,357,7,359,255
8630,0,0,655,94,5071,5037,30,360,8,361,255
8678,0,0,663,94,5101,5068,30,362,8,363,255
8730,0,0,665,94,5133,5102,31,364,8,366,255
8778,0,0,665,94,5162,5134,31,366,7,368,255
8830,0,0,660,93,5193,5168,31,368,6,370,255
8878,0,0,650,93,5223,5198,31,371,6,372,255
8930,0,0,658,93,5255,5231,32,373,6,375,255
8978,0,0,639,93,5284,5261,32,375,5,377,255
9030,0,0,642,94,5318,5292,32,377,6,379,255
9078,0,0,629,94,5349,5320,32,379,7,381,255
9130,0,0,646,94,5386,5351,33,382,8,384,255
9178,0,0,654,94,5418,5382,33,384,9,386,255
9230,0,0,659,93,5451,5416,34,386,8,388,255
9278,0,0,665,93,5480,5446,34,388,8,390,255
9330,0,0,663,93,5507,5478,34,391,7,392,255
9378,0,0,662,93,5533,5507,34,393,6,394,255
9429,0,0,657,93,5562,5539,35,395,5,397,255
9478,0,0,648,93,5590,5569,35,397,5,399,255
9530,0,0,646,93,5621,5600,35,399,5,401,255
9578,0,0,636,93,5650,5628,35,401,5,403,255
9630,0,0,627,93,5682,5658,35,403,6,405,221
9678,0,0,617,93,5714,5684,36,405,7,407,255
9730,0,0,616,93,5750,5711,36,408,9,409,255
9778,0,0,613,93,5783,5736,36,410,11,412,255
9829,0,0,609,93,5819,5762,37,412,14,414,255
9878,0,0,604,93,5851,5786,37,414,16,416,255
9930,0,0,591,93,5888,5811,38,416,19,418,255
9978,0,0,613,93,5921,5836,39,418,21,420,255
10030,0,0,615,93,5955,5863,40,420,23,422,255
10078,0,0,621,93,5985,5889,40,422,24,424,255
10130,0,0,616,93,6019,5917,41,424,25,426,255
10178,0,0,622,93,6051,5942,42,425,27,429,255
10230,0,0,633,93,6085,5972,43,427,28,431,196
10278,0,0,635,93,6115,5999,44,429,29,433,194
10330,0,0,637,93,6149,6029,46,431,30,435,191
10378,0,0,629,93,6181,6056,47,433,31,437,190
10429,0,0,642,93,6215,6085,48,435,32,440,187
10478,0,0,635,93,6246,6112,49,437,33,442,187
10530,0,0,640,93,6279,6139,50,438,35,444,255
10578,0,0,634,93,6309,6164,51,440,36,446,255
10629,0,0,635,93,6343,6192,53,442,37,448,255
10678,0,0,636,93,6374,6218,54,443,39,450,255
10730,0,0,640,93,6407,6247,55,445,40,452,255
10778,0,0,638,93,6439,6273,57,447,41,454,255
10830,0,0,636,93,6473,6302,58,448,43,456,255
10878,0,0,627,93,6505,6328,60,450,44,459,255
10930,0,0,616,93,6542,6355,61,451,47,461,255
10978,0,0,622,93,6576,6379,63,453,49,463,255
11030,0,0,639,93,6611,6408,65,454,51,465,255
11078,0,0,644,93,6643,6434,66,455,52,467,255
11130,0,0,642,93,6676,6464,68,457,53,470,255
11178,0,0,632,93,6707,6488,70,458,54,472,255
11230,0,0,637,93,6741,6514,72,459,57,474,255
11278,0,0,651,93,6772,6541,73,460,58,476,255
11330,0,0,653,93,6805,6571,75,461,59,478,255
11378,0,0,648,93,6835,6598,77,462,59,480,255
11430,0,0,638,93,6869,6626,79,463,61,482,255
11478,0,0,630,93,6902,6652,81,464,63,484,255
11530,0,0,634,93,6938,6680,83,465,65,487,255
11578,0,0,631,93,6970,6706,85,466,66,489,255
11630,0,0,625,93,7005,6734,87,467,68,491,255
11678,0,0,623,93,7038,6759,89,468,70,493,255
11730,0,0,618,93,7075,6786,91,469,73,495,255
11778,0,0,611,93,7109,6809,93,469,75,497,255
11830,0,0,623,93,7148,6834,95,470,79,500,255
11878,0,0,635,93,7181,6858,97,470,81,502,255
11930,0,0,637,93,7217,6885,99,470,83,504,255
11978,0,0,648,93,7249,6912,102,470,85,506,255
12030,0,0,653,93,7284,6944,104,471,86,508,255
12078,0,0,650,93,7314,6972,106,471,86,511,255
12130,0,0,645,93,7347,7003,108,471,87,513,255
12178,0,0,635,93,7379,7030,110,471,88,515,255
12230,0,0,623,93,7415,7058,113,471,90,517,255
12278,0,0,613,93,7449,7082,115,471,92,519,255
12328,0,0,607,93,7487,7106,117,471,96,522,255
12378,0,0,608,93,7524,7131,119,470,99,524,255
12428,0,0,609,93,7560,7157,121,470,101,526,255
12478,0,0,613,93,7593,7184,123,470,103,528,255
12528,0,0,614,93,7627,7212,126,469,105,530,255
12578,0,0,627,93,7659,7242,128,468,105,533,255
12628,0,0,643,93,7690,7274,130,468,105,535,255
12678,0,0,655,93,7719,7308,132,467,103,537,255
12728,0,0,656,93,7747,7344,134,467,101,539,255
12778,0,0,649,93,7774,7379,137,466,99,542,255
12828,0,0,639,93,7804,7414,139,466,98,544,255
12878,0,0,631,93,7835,7446,141,466,98,546,255
12928,0,0,624,93,7868,7478,143,465,98,549,255
12978,0,0,620,93,7901,7508,146,465,99,551,255
13028,0,0,613,93,7936,7537,148,464,100,553,255
13078,0,0,611,93,7970,7566,150,464,102,555,255
13128,0,0,614,93,8005,7595,152,463,103,558,255
13178,0,0,620,93,8038,7624,154,463,104,560,255
13228,0,0,627,93,8071,7656,157,462,105,562,255
13278,0,0,637,93,8103,7688,159,462,105,564,255
13328,0,0,642,93,8133,7721,161,461,104,567,255
13378,0,0,647,93,8163,7754,163,461,103,569,255
13428,0,0,645,93,8193,7787,165,460,102,571,255
13478,0,0,644,93,8223,7819,168,460,101,573,255
13528,0,0,639,93,8253,7851,170,459,101,576,218
13578,0,0,640,93,8285,7882,172,459,101,578,255
13628,0,0,637,93,8316,7912,174,458,101,580,255
13678,0,0,609,93,8347,7942,176,458,102,582,210
13728,0,0,614,93,8381,7968,178,457,104,584,208
13778,0,0,665,93,8413,7999,180,457,104,587,206
13828,0,0,679,93,8441,8034,183,456,103,589,204
13878,0,0,679,93,8467,8069,185,456,100,591,202
13928,0,0,644,93,8495,8103,187,455,99,593,255
13978,0,0,635,93,8525,8133,189,455,98,595,255
14028,0,0,621,93,8558,8163,191,455,99,598,195
14078,0,0,618,93,8591,8192,194,454,100,600,193
14128,0,0,614,93,8625,8221,196,454,102,602,190
14178,0,0,613,93,8659,8250,198,453,103,604,187
14228,0,0,614,93,8694,8278,200,453,105,607,186
14278,0,0,620,93,8727,8306,202,452,106,609,183
14328,0,0,626,93,8760,8336,204,451,107,611,181
14378,0,0,625,93,8793,8366,206,451,107,613,179
14428,0,0,660,93,8824,8398,209,450,107,616,177
14478,0,0,664,93,8852,8432,211,449,106,618,175
14528,0,0,670,93,8880,8468,213,449,104,620,173
14578,0,0,656,93,8907,8502,215,448,102,622,170
14628,0,0,650,93,8938,8536,217,448,101,625,168
14678,0,0,644,93,8969,8568,220,447,101,627,166
14728,0,0,637,93,9002,8600,222,447,101,629,163
14778,0,0,634,93,9035,8631,224,446,102,632,162
14828,0,0,634,93,9067,8661,226,446,103,634,159
14878,0,0,631,93,9099,8690,228,445,103,636,157
14928,0,0,627,93,9131,8722,231,445,103,638,155
14978,0,0,633,93,9164,8750,233,444,105,640,154
15028,0,0,633,93,9198,8778,235,444,106,643,151
15078,0,0,621,93,9233,8805,237,443,108,645,149
15128,0,0,630,93,9270,8832,239,442,111,647,147
15178,0,0,631,93,9306,8858,241,442,113,649,145
15228,0,0,637,93,9342,8886,243,441,115,652,143
15278,0,0,651,93,9377,8914,245,440,116,654,141
15328,0,0,656,93,9411,8944,247,438,118,656,139
15378,0,0,672,93,9444,8974,249,437,118,658,137
15428,0,0,686,93,9474,9006,251,436,118,661,136
15478,0,0,681,93,9502,9038,253,435,117,663,135
15528,0,0,670,93,9532,9070,255,434,116,665,255
15578,0,0,651,93,9564,9100,257,433,117,667,255
15628,0,0,663,93,9597,9128,259,432,118,669,255
15678,0,0,649,93,9629,9158,261,431,118,672,255
15728,0,0,643,93,9663,9187,263,430,120,674,255
15778,0,0,644,93,9698,9214,265,429,122,676,255
15828,0,0,637,93,9733,9244,267,428,124,678,255
15878,0,0,637,93,9769,9270,269,426,126,681,255
15928,0,0,654,93,9803,9300,270,425,127,683,255
15978,0,0,652,93,9836,9330,272,424,128,685,255
16028,0,0,656,93,9868,9359,274,422,128,687,255
16078,0,0,651,93,9899,9387,276,421,129,689,255
16128,0,0,646,93,9932,9416,277,419,130,692,120
16178,0,0,643,93,9966,9444,279,418,131,694,117
16228,0,0,640,93,10001,9474,281,416,133,696,115
16278,0,0,638,93,10036,9502,282,415,135,698,114
16328,0,0,626,93,10072,9530,284,413,137,701,114
16378,0,0,616,93,10108,9556,285,412,139,703,255
16428,0,0,631,93,10145,9584,287,410,141,705,255
16478,0,0,625,93,10180,9612,288,408,143,708,255
16528,0,0,627,93,10216,9640,289,406,145,710,255
16578,0,0,620,93,10252,9666,291,404,148,712,255
16628,0,0,620,93,10289,9692,292,402,151,714,255
16678,0,0,620,93,10324,9718,293,400,153,716,255
16728,0,0,620,93,10361,9742,294,398,156,719,255
16778,0,0,621,93,10397,9767,295,396,159,721,255
16828,0,0,629,93,10434,9794,295,394,162,723,255
16878,0,0,635,93,10469,9820,296,392,164,725,255
16928,0,0,640,93,10504,9848,297,390,166,728,255
16978,0,0,641,93,10537,9877,297,388,167,730,255
17028,0,0,640,93,10571,9906,298,386,168,732,255
17078,0,0,634,93,10605,9933,298,383,169,734,255
17128,0,0,629,93,10640,9960,298,381,172,737,255
17178,0,0,629,93,10675,9987,299,379,173,739,255
17228,0,0,632,93,10711,10014,299,377,176,741,255
17278,0,0,634,93,10747,10040,299,375,178,743,255
17328,0,0,637,93,10783,10067,299,372,181,745,255
17378,0,0,641,93,10817,10093,299,370,183,748,255
17428,0,0,642,93,10853,10121,299,368,185,750,255
17478,0,0,653,93,10887,10149,298,366,186,752,255
17528,0,0,653,93,10921,10179,298,363,187,754,255
17578,0,0,658,93,10954,10209,298,361,188,757,255
17628,0,0,652,93,10987,10239,297,359,189,759,255
17678,0,0,646,93,11019,10267,297,357,190,761,255
17728,0,0,641,93,11053,10295,297,355,191,763,255
17778,0,0,638,93,11087,10322,296,353,193,765,255
17828,0,0,635,93,11123,10348,295,350,195,768,255
17878,0,0,636,93,11157,10374,295,348,198,770,255
17928,0,0,630,93,11194,10400,294,346,200,772,255
17978,0,0,635,93,11230,10426,293,344,203,774,255
18028,0,0,637,93,11265,10452,292,342,205,777,255
18078,0,0,637,93,11300,10479,291,340,207,779,255
18128,0,0,643,93,11335,10506,290,338,209,781,255
18178,0,0,640,93,11369,10534,289,336,211,783,255
18228,0,0,640,93,11402,10561,288,335,213,785,255
18278,0,0,635,93,11436,10586,287,333,214,787,255
18328,0,0,632,93,11471,10612,285,331,217,790,255
18378,0,0,630,93,11506,10636,284,329,219,792,255
18428,0,0,626,93,11542,10662,283,328,222,794,255
18478,0,0,627,93,11578,10687,281,326,225,796,255
18528,0,0,632,93,11614,10714,280,325,227,798,255
18578,0,0,640,93,11651,10741,278,323,230,801,255
18628,0,0,644,93,11687,10769,276,322,232,803,255
18678,0,0,644,93,11721,10795,274,320,234,805,255
18728,0,0,640,93,11756,10820,273,319,236,807,255
18778,0,0,629,93,11791,10844,271,318,239,809,255
18828,0,0,601,93,11829,10869,269,317,242,812,255
18878,0,0,609,93,11867,10892,267,316,246,814,255
18928,0,0,597,93,11906,10916,265,315,250,816,255
18978,0,0,584,93,11945,10939,263,315,254,818,255
19028,0,0,576,93,11985,10962,260,314,258,820,255
19078,0,0,574,93,12023,10985,258,314,262,823,255
19128,0,0,575,93,12064,11009,256,314,267,825,255
19178,0,0,576,93,12103,11032,254,313,271,827,255
19228,0,0,576,93,12143,11056,251,314,275,830,255
19278,0,0,577,93,12183,11078,249,314,279,832,255
19328,0,0,579,93,12224,11101,247,314,284,834,255
19378,0,0,581,93,12265,11123,245,315,288,836,255
19428,0,0,591,93,12306,11146,243,316,293,839,255
19478,0,0,608,93,12346,11168,241,317,298,841,255
19528,0,0,627,93,12385,11190,239,318,302,843,255
19578,0,0,652,93,12422,11215,237,319,305,845,255
19628,0,0,669,93,12457,11244,235,321,306,847,255
19678,0,0,672,93,12490,11272,233,322,308,850,255
19728,0,0,676,93,12524,11301,232,323,309,852,255
19778,0,0,670,93,12557,11330,230,325,310,854,255
19828,0,0,659,93,12593,11357,228,326,312,856,255
19878,0,0,639,93,12629,11383,227,328,315,859,255
19928,0,0,632,93,12668,11408,225,329,318,861,255
19978,0,0,644,93,12705,11434,224,331,321,863,255
20028,0,0,645,93,12743,11461,222,333,324,866,255
20078,0,0,650,93,12780,11487,221,335,327,868,255
20128,0,0,650,93,12816,11513,220,337,329,870,255
20178,0,0,658,93,12851,11538,219,339,332,872,255
20228,0,0,658,93,12887,11565,218,341,334,874,255
20278,0,0,666,93,12923,11593,217,343,336,877,255
20328,0,0,662,93,12958,11622,216,345,337,879,255
20378,0,0,647,93,12994,11649,215,347,340,881,255
20428,0,0,642,93,13031,11676,214,349,342,883,255
20478,0,0,639,93,13068,11702,214,351,345,886,255
20528,0,0,641,93,13105,11732,213,354,347,888,255
20578,0,0,644,93,13140,11764,213,356,348,890,255
20628,0,0,647,93,13175,11797,212,358,349,893,255
20678,0,0,652,93,13211,11830,212,361,349,895,255
20728,0,0,657,93,13248,11866,211,363,349,898,255
20778,0,0,666,93,13283,11900,211,366,350,900,255
20828,0,0,675,93,13318,11936,211,368,349,903,255
20878,0,0,675,93,13352,11973,210,371,348,906,255
20928,0,0,678,93,13387,12012,210,373,347,908,255
20978,0,0,671,93,13420,12050,209,376,346,911,255
21028,0,0,663,93,13455,12089,208,378,345,913,255
21078,0,0,655,93,13489,12124,208,381,345,916,255
21128,0,0,651,93,13524,12160,207,383,345,918,255
21178,0,0,649,93,13559,12194,207,386,345,921,255
21228,0,0,652,93,13596,12228,206,388,345,923,255
21278,0,0,655,93,13629,12262,205,390,346,926,255
21328,0,0,659,93,13660,12296,205,393,345,928,255
21378,0,0,662,93,13689,12332,204,395,343,930,255
21428,0,0,652,93,13719,12370,203,397,341,933,255
21478,0,0,649,93,13748,12407,203,400,339,935,255
21528,0,0,635,93,13776,12443,202,402,337,938,255
21578,0,0,625,93,13804,12476,201,404,336,940,255
21628,0,0,618,93,13833,12508,200,406,335,942,255
21678,0,0,617,93,13864,12539,199,408,335,944,255
21728,0,0,621,93,13896,12571,198,410,335,946,255
21778,0,0,628,93,13926,12602,197,412,335,949,255
21828,0,0,639,93,13955,12634,196,414,334,951,255
21878,0,0,654,93,13983,12668,195,416,332,953,255
21928,0,0,672,93,14009,12705,194,418,330,955,255
21978,0,0,689,93,14034,12743,193,420,326,957,255
22028,0,0,693,93,14059,12783,192,422,323,960,255
22078,0,0,694,93,14083,12822,190,423,319,962,255
22128,0,0,683,93,14107,12862,189,425,315,964,255
22178,0,0,666,93,14132,12900,187,426,312,967,255
22228,0,0,659,93,14159,12936,185,428,309,969,255
22278,0,0,652,93,14185,12971,184,429,306,971,255
22328,0,0,644,93,14212,13006,182,431,305,973,255
22378,0,0,639,93,14240,13040,180,432,303,975,255
22428,0,0,642,93,14269,13076,178,433,302,978,255
22478,0,0,645,93,14297,13111,176,434,300,980,255
22528,0,0,644,93,14325,13148,174,435,297,982,255
22578,0,0,642,93,14353,13184,172,436,296,985,255
22628,0,0,643,93,14383,13221,170,437,294,987,255
22678,0,0,647,93,14412,13258,168,438,292,989,255
22728,0,0,644,93,14441,13295,165,439,290,992,255
22778,0,0,650,93,14469,13331,163,440,288,994,240
22828,0,0,650,93,14495,13366,161,441,285,996,237
22878,0,0,649,93,14521,13402,159,441,283,998,236
22928,0,0,648,93,14549,13439,157,442,280,1001,255
22978,0,0,657,93,14575,13476,155,442,278,1003,255
23028,0,0,650,93,14602,13514,152,442,275,1005,255
23078,0,0,645,93,14628,13549,150,442,273,1008,255
23128,0,0,643,93,14655,13584,148,443,271,1010,255
23178,0,0,651,93,14682,13619,146,443,269,1012,255
23228,0,0,654,93,14710,13655,143,442,266,1014,255
23278,0,0,661,93,14736,13690,141,442,264,1016,255
23328,0,0,670,93,14762,13727,139,442,261,1019,255
23378,0,0,671,93,14787,13765,137,442,258,1021,255
23428,0,0,676,93,14813,13804,134,441,255,1023,255
23478,0,0,669,93,14837,13842,132,441,251,1026,255
23528,0,0,657,93,14862,13880,130,440,248,1028,255
23578,0,0,644,93,14888,13916,128,439,246,1030,255
23628,0,0,636,93,14916,13951,126,438,243,1032,255
23678,0,0,631,93,14944,13985,124,437,242,1034,255
23728,0,0,626,93,14974,14018,122,436,241,1037,255
23778,0,0,630,93,15002,14050,120,435,241,1039,255
23828,0,0,634,93,15031,14082,118,434,240,1041,255
23878,0,0,649,93,15059,14116,117,433,238,1043,255
23928,0,0,659,93,15085,14152,115,431,236,1046,255
23978,0,0,677,93,15111,14189,113,430,233,1048,255
24028,0,0,675,93,15136,14227,111,429,230,1050,255
24078,0,0,669,93,15161,14264,109,427,227,1052,255
24128,0,0,659,93,15187,14302,108,426,223,1055,255
24178,0,0,651,93,15212,14338,106,424,221,1057,255
24228,0,0,640,93,15239,14373,105,422,219,1059,255
24278,0,0,636,93,15267,14406,103,421,217,1061,255
24328,0,0,631,93,15296,14440,102,419,216,1063,255
24378,0,0,629,93,15323,14472,101,417,215,1066,255
24428,0,0,630,93,15352,14506,100,415,214,1068,255
24478,0,0,634,93,15380,14540,98,414,212,1070,255
24528,0,0,636,93,15407,14574,97,412,210,1072,255
24578,0,0,635,93,15435,14608,96,410,209,1074,255
24628,0,0,636,93,15462,14642,95,408,207,1077,255
24678,0,0,637,93,15490,14677,94,406,205,1079,255
24728,0,0,641,93,15518,14712,93,404,203,1081,255
24778,0,0,642,93,15544,14747,92,402,201,1083,255
24828,0,0,644,93,15571,14782,91,400,199,1085,255
24878,0,0,643,93,15595,14814,91,398,197,1087,255
24928,0,0,646,93,15620,14850,90,396,195,1090,255
24978,0,0,645,93,15646,14885,90,394,192,1092,255
25028,0,0,648,93,15672,14921,89,391,190,1094,255
25078,0,0,649,93,15696,14956,89,389,187,1096,255
25128,0,0,649,93,15721,14992,89,387,184,1098,255
25178,0,0,647,93,15746,15028,89,385,181,1100,255
25228,0,0,648,93,15772,15062,89,383,179,1103,255
25278,0,0,646,93,15797,15097,89,381,177,1105,255
25328,0,0,646,93,15824,15132,89,378,175,1107,255
25378,0,0,648,93,15849,15165,89,376,173,1109,255
25428,0,0,645,93,15876,15200,89,374,171,1111,255
25478,0,0,646,93,15902,15236,90,372,168,1114,255
25528,0,0,642,93,15928,15272,90,370,166,1116,255
25578,0,0,633,93,15953,15308,91,368,163,1118,255
25628,0,0,624,93,15980,15342,91,366,161,1120,255
25678,0,0,616,93,16008,15376,92,364,160,1122,255
25728,0,0,613,93,16037,15408,93,361,159,1125,255
25778,0,0,609,93,16066,15440,94,359,158,1127,255
25828,0,0,606,93,16095,15471,95,357,157,1129,255
25878,0,0,609,93,16125,15500,95,355,157,1131,255
25928,0,0,610,93,16155,15531,96,353,157,1133,255
25978,0,0,617,93,16185,15562,97,351,157,1135,255
26028,0,0,623,93,16214,15596,98,349,156,1138,255
26078,0,0,628,93,16243,15629,99,347,155,1140,255
26128,0,0,628,93,16271,15663,100,345,153,1142,255
26178,0,0,626,93,16299,15697,101,343,152,1144,255
26228,0,0,621,93,16326,15730,102,341,150,1146,255
26278,0,0,619,93,16353,15762,103,340,149,1148,255
26328,0,0,619,93,16382,15795,104,338,148,1151,255
26378,0,0,625,93,16410,15826,105,336,147,1153,255
26428,0,0,634,93,16438,15859,106,334,146,1155,255
26478,0,0,643,93,16465,15891,107,332,145,1157,255
26528,0,0,656,93,16492,15926,109,331,142,1159,255
26578,0,0,664,93,16517,15962,110,329,140,1162,255
26628,0,0,664,93,16542,16000,112,327,137,1164,255
26678,0,0,657,93,16568,16036,113,326,134,1166,255
26728,0,0,645,93,16594,16073,115,324,131,1168,255
26778,0,0,629,93,16623,16108,116,323,130,1170,255
26828,0,0,620,93,16653,16141,118,321,129,1173,255
26878,0,0,613,93,16683,16172,120,320,129,1175,255
26928,0,0,608,93,16715,16203,122,318,129,1177,255
26978,0,0,605,93,16746,16232,123,317,130,1179,255
27028,0,0,605,93,16778,16262,125,315,130,1182,255
27078,0,0,611,93,16810,16293,127,314,130,1184,255
27128,0,0,620,93,16842,16325,128,312,130,1186,255
27178,0,0,630,93,16872,16358,130,311,130,1188,255
27228,0,0,634,93,16901,16392,132,310,128,1191,255
27278,0,0,636,93,16930,16426,134,308,127,1193,255
27328,0,0,630,93,16960,16460,135,307,126,1195,255
27378,0,0,613,93,16991,16493,137,305,125,1197,255
27428,0,0,639,93,17022,16525,139,304,125,1200,255
27478,0,0,628,93,17051,16558,141,303,124,1202,255
27528,0,0,635,93,17081,16590,143,302,124,1204,255
27578,0,0,623,93,17109,16622,145,300,123,1206,255
27628,0,0,619,93,17140,16654,146,299,123,1209,255
27678,0,0,617,93,17171,16684,148,298,123,1211,255
27728,0,0,617,93,17203,16716,150,297,123,1213,255
27778,0,0,614,93,17234,16746,152,296,123,1215,255
27828,0,0,611,93,17267,16776,154,294,124,1218,255
27878,0,0,613,93,17300,16807,156,293,124,1220,255
27928,0,0,623,93,17332,16838,158,292,125,1222,255
27978,0,0,637,93,17363,16871,159,290,124,1224,255
28028,0,0,649,93,17391,16905,161,289,123,1227,255
28078,0,0,659,93,17417,16939,163,288,121,1229,255
28128,0,0,658,93,17443,16974,165,287,118,1231,255
28178,0,0,654,93,17470,17009,167,286,116,1233,255
28228,0,0,646,93,17498,17044,169,285,114,1235,255
28278,0,0,639,93,17526,17078,171,284,113,1237,255
28328,0,0,628,93,17556,17110,173,283,112,1240,255
28378,0,0,620,93,17587,17140,175,282,112,1242,255
28428,0,0,607,93,17619,17170,177,281,113,1244,182
28478,0,0,604,93,17653,17198,179,281,114,1246,178
28528,0,0,603,93,17688,17228,181,279,116,1249,176
28578,0,0,610,93,17723,17256,183,278,117,1251,175
28628,0,0,615,93,17755,17286,185,277,118,1253,255
28678,0,0,621,93,17786,17314,187,276,119,1255,255
28728,0,0,626,93,17817,17345,189,275,119,1258,255
28778,0,0,635,93,17848,17376,191,274,119,1260,164
28828,0,0,639,93,17878,17409,193,273,118,1262,162
28878,0,0,643,93,17907,17442,195,272,117,1264,161
28928,0,0,637,93,17937,17475,197,271,117,1266,158
28978,0,0,626,93,17968,17506,199,270,116,1269,155
29028,0,0,637,93,18000,17539,201,269,116,1271,153
29078,0,0,630,93,18032,17570,203,268,116,1273,151
29128,0,0,628,93,18065,17602,205,267,117,1276,149
29178,0,0,620,93,18097,17633,207,266,117,1278,147
29228,0,0,620,93,18130,17662,209,265,118,1280,145
29278,0,0,618,93,18162,17692,211,264,118,1282,143
29328,0,0,617,93,18195,17723,213,263,119,1285,141
29378,0,0,615,93,18227,17752,215,262,120,1287,139
29428,0,0,604,93,18260,17781,217,260,121,1289,137
29478,0,0,601,93,18295,17808,219,259,123,1291,135
29528,0,0,598,93,18330,17835,220,258,125,1293,133
29578,0,0,593,93,18365,17861,222,257,127,1296,131
29628,0,0,588,93,18403,17887,224,255,130,1298,129
29678,0,0,584,93,18439,17912,226,254,133,1300,127
29728,0,0,586,93,18477,17937,227,252,136,1302,125
29778,0,0,587,93,18514,17963,229,251,139,1305,123
29828,0,0,590,93,18552,17988,230,249,142,1307,122
29878,0,0,597,93,18588,18012,231,247,145,1309,146
29928,0,0,607,93,18624,18038,233,245,148,1311,143
29978,0,0,621,93,18659,18065,234,243,150,1313,141
30028,0,0,639,93,18693,18095,235,241,151,1316,140
30078,0,0,656,93,18723,18126,236,239,151,1318,137
30128,0,0,664,93,18753,18160,237,237,150,1320,136
30178,0,0,665,93,18782,18194,238,235,149,1322,134
30228,0,0,652,93,18811,18228,239,233,147,1325,131
30278,0,0,637,93,18841,18258,240,232,147,1327,129
30328,0,0,576,93,18874,18286,242,230,148,1329,127
30378,0,0,590,93,18909,18312,243,228,151,1331,124
30428,0,0,602,93,18942,18341,244,226,152,1333,122
30478,0,0,600,93,18974,18367,245,224,153,1335,121
30528,0,0,598,93,19009,18392,246,222,156,1338,119
30578,0,0,599,93,19045,18417,246,220,158,1340,116
30628,0,0,602,93,19083,18443,247,218,161,1342,115
30678,0,0,600,93,19120,18468,248,216,164,1344,113
30728,0,0,595,93,19157,18494,248,214,167,1347,111
30778,0,0,589,93,19194,18518,249,212,170,1349,109
30828,0,0,580,93,19232,18543,249,209,174,1351,108
30878,0,0,574,93,19270,18567,249,207,177,1353,107
30928,0,0,569,93,19309,18592,249,205,181,1356,107
30978,0,0,573,93,19347,18616,249,203,185,1358,255
31028,0,0,574,93,19388,18639,249,200,189,1360,255
31078,0,0,576,93,19427,18662,248,198,193,1362,255
31128,0,0,577,93,19467,18686,248,196,197,1365,255
31178,0,0,578,93,19505,18708,247,194,201,1367,255
31228,0,0,592,93,19544,18730,246,192,206,1369,255
31278,0,0,622,93,19581,18754,245,190,209,1371,255
31328,0,0,676,93,19616,18784,244,188,210,1373,255
31378,0,0,709,93,19644,18816,243,186,209,1375,78
31428,0,0,722,93,19671,18853,242,184,207,1378,65
31478,0,0,722,93,19696,18888,241,182,204,1380,64
31528,0,0,660,93,19724,18923,240,180,202,1382,255
31578,0,0,651,93,19755,18952,239,178,203,1384,89
31628,0,0,650,93,19789,18981,238,176,204,1387,88
31678,0,0,647,93,19822,19008,237,174,205,1389,255
31728,0,0,643,93,19857,19036,236,172,207,1391,62
31778,0,0,634,93,19891,19062,235,170,209,1393,60
31828,0,0,619,93,19925,19087,234,168,212,1395,60
31878,0,0,603,93,19960,19110,233,167,215,1397,57
31928,0,0,587,93,19998,19134,232,165,218,1400,52
31978,0,0,584,93,20036,19158,230,163,222,1402,31
32028,0,0,586,93,20076,19182,229,162,226,1404,28
32078,0,0,587,93,20115,19205,227,160,230,1406,26
32128,0,0,587,93,20155,19229,225,159,234,1409,23
32178,0,0,582,93,20194,19252,223,157,238,1411,23
32228,0,0,581,93,20235,19277,221,156,242,1413,40
32278,0,0,617,91,20275,19304,219,155,245,1416,43
32328,0,0,631,91,20313,19336,217,154,247,1418,23
32378,0,0,610,93,20351,19361,215,153,250,1420,22
32428,0,0,602,91,20393,19382,212,153,255,1423,22
32478,0,0,608,91,20430,19400,211,152,260,1425,21
32528,0,0,603,91,20463,19422,209,152,263,1427,22
32578,0,0,603,91,20493,19439,207,152,266,1428,22
32628,0,0,610,90,20517,19456,205,152,268,1430,22
32678,0,0,605,90,20541,19476,204,152,269,1431,23
32728,0,0,588,90,20565,19495,202,152,270,1433,22
32778,0,0,599,87,20573,19506,202,152,270,1433,6
32828,0,0,636,87,20580,19519,201,152,268,1434,255
32878,0,0,706,96,20598,19542,200,152,267,1436,255
32928,0,0,718,100,20622,19576,197,152,264,1438,255
32978,0,0,724,95,20648,19610,195,151,262,1440,255
33028,0,0,731,92,20677,19649,193,151,260,1442,255
33078,0,0,734,95,20706,19687,191,151,258,1445,255
33128,0,0,732,96,20737,19726,188,150,255,1447,255
33178,0,0,726,96,20767,19764,186,149,254,1450,255
33228,0,0,719,96,20799,19802,183,149,252,1452,255
33278,0,0,716,95,20831,19839,181,148,250,1455,255
33328,0,0,713,95,20863,19877,179,147,249,1457,255
33378,0,0,707,95,20894,19914,176,146,248,1459,255
33428,0,0,700,95,20927,19951,174,145,247,1462,255
33478,0,0,692,95,20960,19987,172,144,246,1464,255
33528,0,0,685,95,20995,20023,170,143,246,1467,255
33578,0,0,680,95,21029,20058,167,142,246,1469,255
33628,0,0,679,95,21064,20093,165,141,246,1472,255
33678,0,0,677,95,21099,20127,163,140,245,1474,255
33728,0,0,677,95,21134,20162,160,139,246,1477,255
33778,0,0,676,95,21168,20197,158,138,245,1479,255
33828,0,0,674,95,21203,20232,156,137,246,1482,255
33878,0,0,672,95,21237,20266,154,136,245,1484,255
33928,0,0,671,95,21271,20302,151,135,244,1487,255
,,,,,,,,,,,
